phase,runner_count,output_rows,has_runner,has_outputs,has_acceptance_summary,status,branch,strategy_replay_allowed,pnl_allowed,test_rows_used,test_replay_execution,test_result_allowed,test_replay_allowed_next,untouched_test_replay_precommit_allowed,reuse_without_redesign_allowed,additional_validation_breadth_available_now,may_relabel_test_as_validation,breadth_warning,date_count_warning,promotion_allowed,paper_or_live_acceptance_allowed,next_action,runner,output_dir
1,2,1,True,True,False,script_only,,,,,,,,,,,,,,,,,scripts\run_phase1_event_reconstruction.py|scripts\run_phase1_received_tick_features.py,outputs\phase1
2,1,1,True,True,False,script_only,,,,,,,,,,,,,,,,,scripts\run_phase2_empirical_calibration.py,outputs\phase2
3,1,1,True,True,False,script_only,,,,,,,,,,,,,,,,,scripts\run_phase3_regime_taxonomy.py,outputs\phase3
4,1,1,True,True,False,script_only,,,,,,,,,,,,,,,,,scripts\run_phase4_scenario_calendar.py,outputs\phase4
5,1,1,True,True,False,script_only,,,,,,,,,,,,,,,,,scripts\run_phase5_price_process.py,outputs\phase5
6,1,1,True,True,False,script_only,,,,,,,,,,,,,,,,,scripts\run_phase6_l2_book_generator.py,outputs\phase6
7,1,1,True,True,False,script_only,,,,,,,,,,,,,,,,,scripts\run_phase7_shock_library.py,outputs\phase7
8,1,1,True,True,False,script_only,,,,,,,,,,,,,,,,,scripts\run_phase8_retail_feed_emulator.py,outputs\phase8
9,1,1,True,True,False,script_only,,,,,,,,,,,,,,,,,scripts\run_phase9_data_products.py,outputs\phase9
10,2,1,True,True,False,script_only,,,,,,,,,,,,,,,,,scripts\run_phase10_storage_optimizer.py|scripts\run_phase10_storage_size_estimator.py,outputs\phase10
11,2,1,True,True,False,script_only,,,,,,,,,,,,,,,,,scripts\run_phase11_strategy_modules.py|scripts\run_phase11_strategy_validation_matrix.py,outputs\phase11
12,3,2,True,True,False,script_only,,,,,,,,,,,,,,,,,scripts\run_phase12_event_backtester.py|scripts\run_phase12_execution_simulator.py|scripts\run_phase12_order_lifecycle_risk.py,outputs\phase12|outputs\phase12_order_lifecycle
13,2,1,True,True,False,script_only,,,,,,,,,,,,,,,,,scripts\run_phase13_experiment_design.py|scripts\run_phase13_experiment_runner.py,outputs\phase13
14,1,1,True,True,False,script_only,,,,,,,,,,,,,,,,,scripts\run_phase14_synthetic_quality_validation.py,outputs\phase14
15,1,1,True,True,True,evidence_present,,,,,,,,,,,,,,,,,scripts\run_phase15_acceptance_gates.py,outputs\phase15
16,1,1,True,True,False,script_only,,,,,,,,,,,,,,,,,scripts\run_phase16_metrics_reporting.py,outputs\phase16
17,1,1,True,True,False,script_only,,,,,,,,,,,,,,,,,scripts\run_phase17_work_packages.py,outputs\phase17
18,1,1,True,True,False,script_only,,,,,,,,,,,,,,,,,scripts\run_phase18_technology_stack.py,outputs\phase18
19,2,1,True,True,False,script_only,,,,,,,,,,,,,,,,,scripts\run_phase19_manifest_normalizer.py|scripts\run_phase19_reproducibility.py,outputs\phase19
20,8,8,True,True,False,script_only,,,,,,,,,,,,,,,,,scripts\run_phase20_acceptance_hardening.py|scripts\run_phase20_m01_broker_evidence_contract.py|scripts\run_phase20_m02_strategy_support_contract.py|scripts\run_phase20_m03_predictive_validation_contract.py|scripts\run_phase20_m04_robustness_execution_contract.py|scripts\run_phase20_m05_lifecycle_economic_replay_contract.py|scripts\run_phase20_m06_realism_rerun_contract.py|scripts\run_phase20_m07_real_multiday_acceptance_contract.py,outputs\phase20|outputs\phase20_m01|outputs\phase20_m02|outputs\phase20_m03|outputs\phase20_m04|outputs\phase20_m05|outputs\phase20_m06|outputs\phase20_m07
21,1,1,True,True,False,script_only,,,,,,,,,,,,,,,,,scripts\run_phase21_decision_framework.py,outputs\phase21
22,1,1,True,True,False,script_only,,,,,,,,,,,,,,,,,scripts\run_phase22_real_data_integration_roadmap.py,outputs\phase22
23,1,1,True,True,False,script_only,,,,,,,,,,,,,,,,,scripts\run_phase23_key_risk_register.py,outputs\phase23
25,1,1,True,True,False,script_only,,,,,,,,,,,,,,,,,scripts\run_phase25_event_replay_expansion.py,outputs\phase25
26,1,1,True,True,False,script_only,,,,,,,,,,,,,,,,,scripts\run_phase26_strategy_salvage_scan.py,outputs\phase26
27,1,1,True,True,False,script_only,,,,,,,,,,,,,,,,,scripts\run_phase27_feature_edge_scan.py,outputs\phase27
28,1,1,True,True,False,script_only,,,,,,,,,,,,,,,,,scripts\run_phase28_richer_event_label_support.py,outputs\phase28
29,1,1,True,True,False,script_only,,,,,,,,,,,,,,,,,scripts\run_phase29_partial_strategy_proxy_replay.py,outputs\phase29
30,1,1,True,True,False,script_only,,,,,,,,,,,,,,,,,scripts\run_phase30_strategy_decision_triage.py,outputs\phase30
31,1,1,True,True,False,script_only,,,,,,,,,,,,,,,,,scripts\run_phase31_redesign_evidence_contract.py,outputs\phase31
32,1,1,True,True,False,script_only,,,,,,,,,,,,,,,,,scripts\run_phase32_contract_evidence_scanner.py,outputs\phase32
33,1,1,True,True,False,script_only,,,,,,,,,,,,,,,,,scripts\run_phase33_broker_evidence_intake.py,outputs\phase33
34,1,1,True,True,False,script_only,,,,,,,,,,,,,,,,,scripts\run_phase34_real_data_multiday_readiness.py,outputs\phase34
35,1,1,True,True,False,script_only,,,,,,,,,,,,,,,,,scripts\run_phase35_stage_a2_computable_diagnostics.py,outputs\phase35
36,1,1,True,True,False,script_only,,,,,,,,,,,,,,,,,scripts\run_phase36_collector_instrumentation_package.py,outputs\phase36
37,1,1,True,True,False,script_only,,,,,,,,,,,,,,,,,scripts\run_phase37_collector_ledger_verifier.py,outputs\phase37
38,1,1,True,True,False,script_only,,,,,,,,,,,,,,,,,scripts\run_phase38_class_b_promotion_gate.py,outputs\phase38
39,1,1,True,True,True,evidence_present,,,,,,,,,,,,,,,,,scripts\run_phase39_synthetic_only_acceptance_path.py,outputs\phase39
41,1,1,True,True,False,script_only,,,,,,,,,,,,,,,,,scripts\run_phase41_full_year_synthetic_tick_experiment.py,outputs\phase41
42,1,1,True,True,False,script_only,,,,,,,,,,,,,,,,,scripts\run_phase42_native_full_year_l2_experiment.py,outputs\phase42
43,1,1,True,True,False,script_only,,,,,,,,,,,,,,,,,scripts\run_phase43_native_full_year_cost_salvage_scan.py,outputs\phase43
44,1,1,True,True,False,script_only,,,,,,,,,,,,,,,,,scripts\run_phase44_native_full_year_forward_edge_label_mining.py,outputs\phase44
45,1,1,True,True,False,script_only,,,,,,,,,,,,,,,,,scripts\run_phase45_raw_tick_lake_materializer.py,outputs\phase45
46,1,1,True,True,False,script_only,,,,,,,,,,,,,,,,,scripts\run_phase46_raw_tick_lake_replay_diagnostics.py,outputs\phase46
47,1,1,True,True,False,script_only,,,,,,,,,,,,,,,,,scripts\run_phase47_raw_lake_duckdb_catalog.py,outputs\phase47
48,1,1,True,True,False,script_only,,,,,,,,,,,,,,,,,scripts\run_phase48_raw_lake_compaction_benchmark.py,outputs\phase48
49,1,1,True,True,False,script_only,,,,,,,,,,,,,,,,,scripts\run_phase49_dense_tick_rate_expansion.py,outputs\phase49
50,1,1,True,True,False,script_only,,,,,,,,,,,,,,,,,scripts\run_phase50_dense_lake_shard_planner.py,outputs\phase50
51,1,2,True,True,False,smoke_or_partial,,,,,,,,,,,,,,,,,scripts\run_phase51_full_dense_lake_materializer.py,outputs\phase51|outputs\phase51_smoke
52,1,3,True,True,True,partial_or_smoke_artifacts_present,dense_synthetic_replay,0,,,,,,,,,,,,,,do_not_promote_partial_dense_replay_without_acceptance_gate,scripts\run_phase52_dense_lake_strategy_replay.py,outputs\phase52|outputs\phase52_checkpoint_smoke|outputs\phase52_smoke
53,1,1,True,True,False,script_only,,,,,,,,,,,,,,,,,scripts\run_phase53_edge_diagnostics.py,outputs\phase53
54,1,1,True,True,True,evidence_present,,,,,,,,,,,,,,,,,scripts\run_phase54_selective_dense_replay.py,outputs\phase54
55,1,1,True,True,True,evidence_present,,,,,,,,,,,,,,,,,scripts\run_phase55_cost_aware_edge_mining.py,outputs\phase55
56,1,1,True,True,True,evidence_present,,,,,,,,,,,,,,,,,scripts\run_phase56_cost_clearing_label_discovery.py,outputs\phase56
57,1,1,True,True,True,evidence_present,,,,,,,,,,,,,,,,,scripts\run_phase57_supervised_interaction_ranker.py,outputs\phase57
58,1,1,True,True,True,evidence_present,,,,,,,,,,,,,,,,,scripts\run_phase58_disjoint_candidate_replay.py,outputs\phase58
59,1,1,True,True,True,evidence_present,,,,,,,,,,,,,,,,,scripts\run_phase59_stability_filtered_neighborhoods.py,outputs\phase59
60,1,1,True,True,True,evidence_present,,,,,,,,,,,,,,,,,scripts\run_phase60_lower_frequency_meta_replay.py,outputs\phase60
61,1,1,True,True,True,evidence_present,,,,,,,,,,,,,,,,,scripts\run_phase61_lower_frequency_candidate_sweep.py,outputs\phase61
62,1,1,True,True,True,evidence_present,,,,,,,,,,,,,,,,,scripts\run_phase62_regime_symbol_diagnostics.py,outputs\phase62
63,1,1,True,True,True,evidence_present,,,,,,,,,,,,,,,,,scripts\run_phase63_kotakbank_falsification_probe.py,outputs\phase63
64,1,1,True,True,True,evidence_present,,,,,,,,,,,,,,,,,scripts\run_phase64_strategy_family_decision_ledger.py,outputs\phase64
65,1,1,True,True,True,evidence_present,,,,,,,,,,,,,,,,,scripts\run_phase65_passive_queue_sensitivity.py,outputs\phase65
66,1,1,True,True,True,evidence_present,,,,,,,,,,,,,,,,,scripts\run_phase66_passive_adverse_selection_labels.py,outputs\phase66
67,1,1,True,True,True,evidence_present,,,,,,,,,,,,,,,,,scripts\run_phase67_feature_design_budget_gate.py,outputs\phase67
68,1,1,True,True,True,evidence_present,,,,,,,,,,,,,,,,,scripts\run_phase68_replenishment_after_touch_labels.py,outputs\phase68
69,1,1,True,True,True,evidence_present,,,,,,,,,,,,,,,,,scripts\run_phase69_spread_transition_labels.py,outputs\phase69
70,1,1,True,True,True,evidence_present,,,,,,,,,,,,,,,,,scripts\run_phase70_cross_symbol_lead_lag_labels.py,outputs\phase70
71,1,1,True,True,True,evidence_present,,,,,,,,,,,,,,,,,scripts\run_phase71_shock_resilience_labels.py,outputs\phase71
72,1,1,True,True,True,evidence_present,,,,,,,,,,,,,,,,,scripts\run_phase72_research_audit_generator_assumptions.py,outputs\phase72
73,1,1,True,True,True,evidence_present,,,,,,,,,,,,,,,,,scripts\run_phase73_timestamp_alignment_shock_panel_audit.py,outputs\phase73
74,1,1,True,True,True,evidence_present,,,,,,,,,,,,,,,,,scripts\run_phase74_generator_alignment_remediation_plan.py,outputs\phase74
75,1,1,True,True,True,evidence_present,,,,,,,,,,,,,,,,,scripts\run_phase75_timestamp_contract_matrix_validator.py,outputs\phase75
76,1,1,True,True,True,evidence_present,,,,,,,,,,,,,,,,,scripts\run_phase76_common_overlap_matrix_validator.py,outputs\phase76
77,1,2,True,True,True,smoke_or_partial,,,,,,,,,,,,,,,,,scripts\run_phase77_hdfcbank_disjoint_month_retest.py,outputs\phase77|outputs\phase77_smoke
78,1,1,True,True,True,evidence_present,,,,,,,,,,,,,,,,,scripts\run_phase78_post_falsification_research_gate.py,outputs\phase78
79,1,2,True,True,True,smoke_or_partial,,,,,,,,,,,,,,,,,scripts\run_phase79_generator_scenario_diversity_audit.py,outputs\phase79|outputs\phase79_smoke
80,1,1,True,True,True,evidence_present,,,,,,,,,,,,,,,,,scripts\run_phase80_dense_sampling_recalibration_contract.py,outputs\phase80
81,1,1,True,True,True,evidence_present,,,,,,,,,,,,,,,,,scripts\run_phase81_stratified_dense_window_reader.py,outputs\phase81
82,1,2,True,True,True,smoke_or_partial,,,,,,,,,,,,,,,,,scripts\run_phase82_stratified_hdfcbank_retest.py,outputs\phase82|outputs\phase82_smoke
83,1,1,True,True,True,evidence_present,,,,,,,,,,,,,,,,,scripts\run_phase83_stratified_source_event_bar_cache.py,outputs\phase83
84,1,1,True,True,True,evidence_present,,,,,,,,,,,,,,,,,scripts\run_phase84_cached_stratified_hdfcbank_retest.py,outputs\phase84
85,1,1,True,True,True,evidence_present,,,,,,,,,,,,,,,,,scripts\run_phase85_cost_budget_signal_design.py,outputs\phase85
86,1,1,True,True,True,evidence_present,,,,,,,,,,,,,,,,,scripts\run_phase86_composite_signal_precommit.py,outputs\phase86
87,1,1,True,True,True,evidence_present,,,,,,,,,,,,,,,,,scripts\run_phase87_precommitted_composite_signal_replay.py,outputs\phase87
88,1,1,True,True,True,evidence_present,,,,,,,,,,,,,,,,,scripts\run_phase88_strategy_pivot_decision_ledger.py,outputs\phase88
89,1,1,True,True,True,evidence_present,,,,,,,,,,,,,,,,,scripts\run_phase89_passive_queue_capture_cost_floor.py,outputs\phase89
90,1,1,True,True,True,evidence_present,,,,,,,,,,,,,,,,,scripts\run_phase90_cross_symbol_regime_imbalance_precommit.py,outputs\phase90
91,1,1,True,True,True,evidence_present,,,,,,,,,,,,,,,,,scripts\run_phase91_cross_symbol_regime_imbalance_replay.py,outputs\phase91
92,1,1,True,True,True,evidence_present,,,,,,,,,,,,,,,,,scripts\run_phase92_low_turnover_event_window_precommit.py,outputs\phase92
93,1,1,True,True,True,evidence_present,,,,,,,,,,,,,,,,,scripts\run_phase93_low_turnover_event_window_replay.py,outputs\phase93
94,1,1,True,True,True,evidence_present,,,,,,,,,,,,,,,,,scripts\run_phase94_generator_realism_calibration_audit.py,outputs\phase94
95,1,1,True,True,True,evidence_present,,,,,,,,,,,,,,,,,scripts\run_phase95_real_anchor_panel_contract.py,outputs\phase95
96,1,1,True,True,True,gated_waiting_for_more_real_anchor_days,real_l2_anchor_gate,0,,,,,,,,,,,,,,,scripts\run_phase96_real_anchor_panel_builder.py,outputs\phase96
97,1,1,True,True,True,evidence_present,,,,,,,,,,,,,,,,,scripts\run_phase97_generator_recalibration_patch_plan.py,outputs\phase97
98,1,1,True,True,True,evidence_present,,,,,,,,,,,,,,,,,scripts\run_phase98_generator_calibration_config_contract.py,outputs\phase98
99,1,1,True,True,True,evidence_present,,,,,,,,,,,,,,,,,scripts\run_phase99_generator_calibration_wiring_verifier.py,outputs\phase99
100,1,1,True,True,True,evidence_present,,,,,,,,,,,,,,,,,scripts\run_phase100_calibrated_generator_quality_smoke.py,outputs\phase100
101,1,1,True,True,True,evidence_present,,,,,,,,,,,,,,,,,scripts\run_phase101_calibrated_phase49_shard_quality_audit.py,outputs\phase101
102,1,1,True,True,True,evidence_present,,,,,,,,,,,,,,,,,scripts\run_phase102_anchored_price_volatility_patch_audit.py,outputs\phase102
103,1,1,True,True,True,evidence_present,,,,,,,,,,,,,,,,,scripts\run_phase103_calibrated_realism_rerun.py,outputs\phase103
104,1,1,True,True,True,evidence_present,,,,,,,,,,,,,,,,,scripts\run_phase104_real_anchor_cadence_profile_audit.py,outputs\phase104
105,1,1,True,True,True,evidence_present,,,,,,,,,,,,,,,,,scripts\run_phase105_source_mid_volatility_scale_audit.py,outputs\phase105
106,1,1,True,True,True,evidence_present,,,,,,,,,,,,,,,,,scripts\run_phase106_full_symbol_calibrated_realism_audit.py,outputs\phase106
107,1,1,True,True,True,evidence_present,,,,,,,,,,,,,,,,,scripts\run_phase107_symbol_aware_calibration_contract.py,outputs\phase107
108,1,1,True,True,True,evidence_present,,,,,,,,,,,,,,,,,scripts\run_phase108_symbol_aware_generator_override_audit.py,outputs\phase108
109,1,1,True,True,True,evidence_present,,,,,,,,,,,,,,,,,scripts\run_phase109_residual_imbalance_floor_audit.py,outputs\phase109
110,1,1,True,True,True,gated_waiting_for_more_real_anchor_days,real_l2_anchor_gate,0,,,,,,,,,,,,,,,scripts\run_phase110_multiday_replay_unlock_gate.py,outputs\phase110
111,1,1,True,True,True,evidence_present,,,,,,,,,,,,,,,,,scripts\run_phase111_real_anchor_ingest_discovery.py,outputs\phase111
112,1,1,True,True,True,evidence_present,,,,,,,,,,,,,,,,,scripts\run_phase112_dropzone_phase96_compatibility.py,outputs\phase112
113,1,1,True,True,True,evidence_present,,,,,,,,,,,,,,,,,scripts\run_phase113_real_l2_dropzone_importer.py,outputs\phase113
114,1,1,True,True,True,evidence_present,,,,,,,,,,,,,,,,,scripts\run_phase114_dropzone_import_integrity_verifier.py,outputs\phase114
115,1,1,True,True,True,gated_waiting_for_more_real_anchor_days,real_l2_anchor_gate,0,,,,,,,,,,,,,,,scripts\run_phase115_real_panel_refresh_orchestrator.py,outputs\phase115
116,1,1,True,True,True,evidence_present,,,,,,,,,,,,,,,,,scripts\run_phase116_profitability_verdict_and_research_gate.py,outputs\phase116
117,1,1,True,True,True,evidence_present,,,,,,,,,,,,,,,,,scripts\run_phase117_real_anchor_acquisition_work_order.py,outputs\phase117
118,1,1,True,True,True,evidence_present,,,,,,,,,,,,,,,,,scripts\run_phase118_richer_passive_hypothesis_precommit.py,outputs\phase118
119,1,1,True,True,True,evidence_present,,,,,,,,,,,,,,,,,scripts\run_phase119_richer_passive_label_builder.py,outputs\phase119
120,1,1,True,True,True,evidence_present,,,,,,,,,,,,,,,,,scripts\run_phase120_passive_label_coverage_expansion_plan.py,outputs\phase120
121,1,1,True,True,True,evidence_present,,,,,,,,,,,,,,,,,scripts\run_phase121_passive_branch_retirement_gate.py,outputs\phase121
122,1,1,True,True,True,evidence_present,,,,,,,,,,,,,,,,,scripts\run_phase122_non_trading_forecast_filter_precommit.py,outputs\phase122
123,1,1,True,True,True,evidence_present,,,,,,,,,,,,,,,,,scripts\run_phase123_filter_label_matrix_builder.py,outputs\phase123
124,1,1,True,True,True,evidence_present,,,,,,,,,,,,,,,,,scripts\run_phase124_non_trading_filter_baselines.py,outputs\phase124
125,1,1,True,True,True,evidence_present,,,,,,,,,,,,,,,,,scripts\run_phase125_filter_integration_contract.py,outputs\phase125
126,1,1,True,True,True,evidence_present,,,,,,,,,,,,,,,,,scripts\run_phase126_candidate_generation_permission_ledger.py,outputs\phase126
127,1,1,True,True,True,evidence_present,,,,,,,,,,,,,,,,,scripts\run_phase127_allowed_universe_precommit_queue.py,outputs\phase127
128,1,1,True,True,True,evidence_present,,,,,,,,,,,,,,,,,scripts\run_phase128_next_label_design_spec.py,outputs\phase128
129,1,1,True,True,True,evidence_present,,,,,,,,,,,,,,,,,scripts\run_phase129_allowed_context_label_matrix.py,outputs\phase129
130,1,1,True,True,True,evidence_present,,,,,,,,,,,,,,,,,scripts\run_phase130_no_replay_diagnostic_baselines.py,outputs\phase130
131,1,1,True,True,True,evidence_present,,,,,,,,,,,,,,,,,scripts\run_phase131_deep_book_feature_precommit.py,outputs\phase131
132,1,1,True,True,True,closed_kill_switch,top_five_depth_passive,0,,,,,,,,,,,,,,stop_update_phase116_blocklist,scripts\run_phase132_deep_book_feature_diagnostics.py,outputs\phase132
133,1,1,True,True,True,execution_contract_pinned_phase134_closed,top_five_depth_passive,0,,,,,,,,,,,,,,stop_update_phase116_blocklist_do_not_open_phase134,scripts\run_phase133_passive_execution_model_upgrade.py,outputs\phase133
136,1,1,True,True,True,closed_clean_falsification,top_five_depth_passive,0,,,,,,,,,,,,,,wait_for_real_l2_anchor_unlock_or_start_new_precommitted_non_blocklisted_research_branch,scripts\run_phase136_deep_book_verdict_and_handoff.py,outputs\phase136
137,1,1,True,True,True,evidence_present,,,,,,,,,,,,,,,,,scripts\run_phase137_post_phase132_real_anchor_restart.py,outputs\phase137
138,0,1,False,True,False,script_only,,,,,,,,,,,,,,,,,,outputs\phase138
139,0,1,False,True,False,smoke_or_partial,,,,,,,,,,,,,,,,,,outputs\phase139_smoke
142,1,1,True,True,True,gated_waiting_for_more_real_anchor_days,real_l2_anchor_gate,0,,,,,,,,,,,,,,,scripts\run_phase142_local_real_l2_download_verifier.py,outputs\phase142
143,1,1,True,True,True,gated_waiting_for_more_real_anchor_days,real_l2_anchor_gate,0,,,,,,,,,,,,,,download_missing_required_dates_with_azcopy_sas_or_account_key_then_rerun_phase142_phase143,scripts\run_phase143_real_l2_two_date_preflight.py,outputs\phase143
145,1,1,True,True,True,gated_waiting_for_more_real_anchor_days,real_l2_anchor_gate,0,,,,,,,,,,,,,,download_missing_required_dates_with_azcopy_sas_or_account_key_then_rerun_phase145,scripts\run_phase145_real_l2_post_download_refresh.py,outputs\phase145
146,1,1,True,True,True,gated_waiting_for_more_real_anchor_days,real_l2_anchor_gate,0,,,,,,,,,,,,,,download_missing_required_dates_with_azcopy_sas_or_account_key_then_rerun_phase145_phase146,scripts\run_phase146_real_anchor_minimum_unlock_audit.py,outputs\phase146
147,1,1,True,True,True,gated_waiting_for_more_real_anchor_days,real_l2_anchor_gate,0,,,,,,,,,,,,,,download_missing_required_dates_with_azcopy_sas_or_account_key_then_rerun_phase147,scripts\run_phase147_azcopy_download_intake_audit.py,outputs\phase147
148,1,1,True,True,True,gated_waiting_for_more_real_anchor_days,real_l2_anchor_gate,0,,,,,,,,,,,,,,download_missing_required_dates_with_azcopy_sas_or_account_key_then_rerun_phase148,scripts\run_phase148_real_l2_download_refresh_workflow.ps1,outputs\phase148
149,1,1,True,True,True,evidence_present,,,,,,,,,,,,,,,,,scripts\run_phase149_research_state_auditor.py,outputs\phase149
150,1,1,True,True,True,evidence_present,,,,,,,,,,,,,,,,,scripts\run_phase150_real_l2_duckdb_catalog.py,outputs\phase150
151,1,1,True,True,True,evidence_present,,,,,,,,,,,,,,,,,scripts\run_phase151_real_l2_duckdb_query_benchmark.py,outputs\phase151
152,1,1,True,True,True,evidence_present,,,,,,,,,,,,,,,,,scripts\run_phase152_real_l2_microstructure_profile.py,outputs\phase152
153,1,1,True,True,True,evidence_present,,,,,,,,,,,,,,,,,scripts\run_phase153_real_synthetic_microstructure_gap_audit.py,outputs\phase153
154,1,2,True,True,True,smoke_or_partial,,,,,,,,,,,,,,,,,scripts\run_phase154_full_partition_real_cadence_anchor.py,outputs\phase154|outputs\phase154_smoke
155,1,1,True,True,True,evidence_present,,,,,,,,,,,,,,,,,scripts\run_phase155_full_partition_cadence_calibration_contract.py,outputs\phase155
156,1,1,True,True,True,evidence_present,,,,,,,,,,,,,,,,,scripts\run_phase156_symbol_aware_tail_cadence_smoke.py,outputs\phase156
157,1,1,True,True,True,evidence_present,,,,,,,,,,,,,,,,,scripts\run_phase157_full_partition_cadence_rewire_audit.py,outputs\phase157
158,1,1,True,True,True,evidence_present,,,,,,,,,,,,,,,,,scripts\run_phase158_phase106_style_full_realism_audit.py,outputs\phase158
159,1,1,True,True,True,evidence_present,,,,,,,,,,,,,,,,,scripts\run_phase159_distributional_cadence_smoke.py,outputs\phase159
160,1,1,True,True,True,evidence_present,,,,,,,,,,,,,,,,,scripts\run_phase160_phase159_noncadence_realism_audit.py,outputs\phase160
161,1,1,True,True,True,evidence_present,,,,,,,,,,,,,,,,,scripts\run_phase161_combined_realism_handoff_gate.py,outputs\phase161
162,1,2,True,True,True,smoke_or_partial,,,,,,,,,,,,,,,,,scripts\run_phase162_phase159_full_year_materialization_audit.py,outputs\phase162|outputs\phase162_smoke
163,1,1,True,True,True,evidence_present,,,,,,,,,,,,,,,,,scripts\run_phase163_synthetic_only_replay_preflight.py,outputs\phase163
164,1,2,True,True,True,smoke_or_partial,,,,,,,,,,,,,,,,,scripts\run_phase164_synthetic_only_full_year_replay.py,outputs\phase164|outputs\phase164_smoke
165,1,1,True,True,True,evidence_present,,,,,,,,,,,,,,,,,scripts\run_phase165_phase164_full_year_replay_verdict.py,outputs\phase165
166,1,2,True,True,True,smoke_or_partial,,,,,,,,,,,,,,,,,scripts\run_phase166_cross_symbol_lead_lag_cache.py,outputs\phase166|outputs\phase166_smoke
167,1,2,True,True,True,smoke_or_partial,,,,,,,,,,,,,,,,,scripts\run_phase167_s08_cross_symbol_lead_lag_replay.py,outputs\phase167|outputs\phase167_smoke
168,1,1,True,True,True,evidence_present,,,,,,,,,,,,,,,,,scripts\run_phase168_s08_closure_verdict.py,outputs\phase168
169,1,1,True,True,True,evidence_present,,,,,,,,,,,,,,,,,scripts\run_phase169_post_s08_research_queue.py,outputs\phase169
170,1,1,True,True,True,evidence_present,,,,,,,,,,,,,,,,,scripts\run_phase170_filter_conditioned_feasibility_matrix.py,outputs\phase170
171,1,1,True,True,True,source_contract_declared_no_replay,real_receive_flow_source,0,,,,,,,,,,,,,,run_download_first_real_l2_receive_flow_availability_audit_or_collect_broker_order_telemetry,scripts\run_phase171_external_orderflow_source_contract.py,outputs\phase171
172,1,1,True,True,True,local_receive_flow_structural_ready_but_day_count_gated,real_receive_flow_source,1,,,,,,,,,,,,,,build_phase173_receive_flow_feature_schema_no_replay,scripts\run_phase172_real_l2_receive_flow_availability_audit.py,outputs\phase172
173,1,1,True,True,True,download_preflight_ready,real_receive_flow_download_gate,0,,,,,,,,,,,,,,run_phase148_with_download_for_required_dates_then_rerun_phase172,scripts\run_phase173_real_l2_download_credential_preflight.py,outputs\phase173
174,1,1,True,True,True,secure_download_executed,real_receive_flow_download_gate,0,,,,,,,,,,,,,,inspect_phase148_phase172_outputs_then_download_remaining_dates_if_needed,scripts\run_phase174_secure_real_l2_download_orchestrator.ps1,outputs\phase174
175,1,1,True,True,True,receive_flow_feature_schema_activation_ready,real_receive_flow_source,0,,,,,,,,,,,,,,run_phase176_receive_flow_feature_materialization_no_strategy,scripts\run_phase175_receive_flow_feature_schema_precommit.py,outputs\phase175
176,1,1,True,True,True,receive_flow_features_materialized_no_replay,real_receive_flow_source,0,,,,,,,,,,,,,,run_phase177_feature_quality_audit,scripts\run_phase176_receive_flow_feature_materializer.py,outputs\phase176
177,1,1,True,True,True,receive_flow_feature_quality_audited_no_replay,real_receive_flow_source,0,,,,,,,,,,,,,,run_phase178_receive_flow_feature_handoff_precommit_no_strategy,scripts\run_phase177_receive_flow_feature_quality_audit.py,outputs\phase177
178,1,1,True,True,True,receive_flow_feature_handoff_precommitted_no_replay,real_receive_flow_source,0,,,,,,,,,,,,,,build_phase179_strategy_family_precommit_no_replay,scripts\run_phase178_receive_flow_feature_handoff_precommit.py,outputs\phase178
179,1,1,True,True,True,strategy_family_precommitted_no_replay,real_receive_flow_source,0,,,,,,,,,,,,,,build_phase180_cost_latency_bound_label_precommit_no_replay,scripts\run_phase179_strategy_family_precommit.py,outputs\phase179
180,1,1,True,True,True,cost_latency_label_precommitted_no_replay,real_receive_flow_source,0,,,,,,,,,,,,,,build_phase181_label_materialization_no_replay,scripts\run_phase180_cost_latency_label_precommit.py,outputs\phase180
181,1,1,True,True,True,labels_materialized_no_replay,real_receive_flow_source,0,,,,,,,,,,,,,,build_phase182_label_quality_leakage_audit_no_replay,scripts\run_phase181_label_materialization.py,outputs\phase181
182,1,1,True,True,True,label_quality_leakage_audited_no_replay,real_receive_flow_source,0,,,,,,,,,,,,,,build_phase183_replay_readiness_precommit_no_pnl,scripts\run_phase182_label_quality_leakage_audit.py,outputs\phase182
183,1,1,True,True,True,replay_readiness_precommitted_no_pnl,real_receive_flow_source,0,0,,,,,,,,,,,,,build_phase184_train_validation_replay_dry_run_no_test_no_promotion,scripts\run_phase183_replay_readiness_precommit.py,outputs\phase183
184,1,1,True,True,True,train_validation_replay_dry_run_complete_no_test_no_promotion,real_receive_flow_source,,,0,,,,,,,,,,0,0,build_phase185_validation_replay_interpretation_and_kill_switch_audit_no_test,scripts\run_phase184_train_validation_replay_dry_run.py,outputs\phase184
185,1,1,True,True,True,validation_interpretation_cost_dominated_no_test_no_promotion,real_receive_flow_source,,,0,,,0,,,,,,,0,0,redesign_cost_aware_receive_flow_family_or_close_current_family_set_before_test_replay,scripts\run_phase185_validation_replay_interpretation.py,outputs\phase185
186,1,1,True,True,True,current_family_set_closed_cost_aware_redesign_pending,real_receive_flow_source,,,,,,0,,0,,,,,0,0,build_phase187_cost_aware_sparse_receive_flow_candidate_no_test,scripts\run_phase186_cost_aware_family_closure_precommit.py,outputs\phase186
187,1,1,True,True,True,cost_aware_sparse_candidate_validation_interpretation_pending,real_receive_flow_source,,,0,,,0,,,,,,,0,0,build_phase188_cost_aware_sparse_candidate_interpretation_no_test,scripts\run_phase187_cost_aware_sparse_candidate.py,outputs\phase187
188,1,1,True,True,True,sparse_candidate_interpreted_phase189_decision_pending,real_receive_flow_source,,,,,,0,,,,,1,1,0,0,build_phase189_untouched_test_replay_precommit_or_redesign_decision,scripts\run_phase188_sparse_candidate_interpretation.py,outputs\phase188
189,1,1,True,True,True,test_replay_deferred_validation_breadth_pending,real_receive_flow_source,,,,,,0,0,,,,,,0,0,build_phase190_additional_validation_breadth_or_diagnostic_test_spec_no_execution,scripts\run_phase189_test_replay_precommit_decision.py,outputs\phase189
190,1,1,True,True,True,diagnostic_test_spec_written_validation_breadth_pending,real_receive_flow_source,,,,0,,0,,,0,0,,,0,0,add_real_validation_date_or_build_phase191_diagnostic_test_replay_precommit_no_execution,scripts\run_phase190_validation_breadth_or_diagnostic_test_spec.py,outputs\phase190
191,1,1,True,True,True,diagnostic_test_replay_precommitted_no_execution,real_receive_flow_source,,,,0,0,0,,,,,,,0,0,either_add_real_validation_date_or_explicitly_authorize_phase192_diagnostic_test_replay,scripts\run_phase191_diagnostic_test_replay_precommit.py,outputs\phase191
192,1,1,True,True,True,real_validation_date_downloaded_no_test,real_receive_flow_source,,,,0,0,,,,,,,,0,0,run_phase172_phase176_phase181_then_validation_breadth_replay,scripts\run_phase192_azure_real_validation_date_download.py,outputs\phase192
193,1,1,True,True,True,validation_breadth_extended_mixed_negative_by_date_no_test,real_receive_flow_source,,,,0,0,,,,,,1,0,0,0,add_more_validation_dates_or_redesign_before_any_test_replay,scripts\run_phase193_validation_breadth_extension_replay.py,outputs\phase193
194,1,1,True,True,True,frozen_sparse_candidate_closed_for_test_replay_redesign_required,real_receive_flow_source,,,,,,0,,,,,,,0,0,redesign_receive_flow_candidate_with_date_and_symbol_breadth_gates_before_test,scripts\run_phase194_sparse_candidate_fragility_decision.py,outputs\phase194
195,1,1,True,True,True,redesign_search_no_extension_gate_survivor_no_test,real_receive_flow_source,,,,,,0,,,,,,,0,0,redesign_or_expand_feature_family_no_test,scripts\run_phase195_receive_flow_redesign_candidate_search.py,outputs\phase195
196,1,1,True,True,True,expanded_feature_model_search_no_train_survivor_no_test,real_receive_flow_source,,,,,,0,,,,,,,0,0,expand_non_receive_flow_features_or_pause_this_branch_no_test,scripts\run_phase196_expanded_feature_model_search.py,outputs\phase196
197,1,1,True,True,True,non_receive_flow_feature_expansion_precommitted_phase198_ready_no_test,real_receive_flow_source,0,,,,,0,,,,,,,0,0,run_phase198_non_receive_flow_context_model_search_no_test,scripts\run_phase197_non_receive_flow_feature_expansion_precommit.py,outputs\phase197
198,1,1,True,True,True,non_receive_flow_context_model_search_no_train_survivor_no_test,real_receive_flow_source,,,,,,0,,,,,,,0,0,expand_or_pause_non_receive_flow_context_branch_no_test,scripts\run_phase198_non_receive_flow_context_model_search.py,outputs\phase198
199,1,1,True,True,True,current_receive_flow_context_branch_paused_material_redesign_required_no_test,real_receive_flow_source,0,,,,,0,0,,,,,,0,0,run_phase200_material_new_hypothesis_precommit_no_test,scripts\run_phase199_branch_pause_or_material_redesign_decision.py,outputs\phase199
200,1,1,True,True,True,material_new_passive_queue_hypothesis_precommitted_label_expansion_pending_no_test,real_receive_flow_source,0,,,,,0,,,,,,,0,0,run_phase201_passive_queue_label_only_stage01_expansion_no_replay,scripts\run_phase200_material_new_hypothesis_precommit.py,outputs\phase200
201,1,1,True,True,True,passive_queue_stage01_label_expansion_complete_no_replay_candidate_redesign_pending,real_receive_flow_source,0,,,,,0,,,,,,,0,0,run_phase202_passive_feature_redesign_precommit_no_replay,scripts\run_phase201_passive_queue_label_stage01_acceptance.py,outputs\phase201
202,1,1,True,True,True,passive_feature_redesign_precommitted_label_materialization_pending_no_replay,real_receive_flow_source,0,,,,,0,,,,,,,0,0,run_phase203_redesigned_passive_label_materialization_no_replay,scripts\run_phase202_passive_feature_redesign_precommit.py,outputs\phase202
203,1,1,True,True,True,redesigned_passive_labels_materialized_candidate_gate_closed_no_replay,real_receive_flow_source,0,,,,,0,,,,,,,0,0,redesign_passive_labels_or_expand_label_materialization_before_replay,scripts\run_phase203_redesigned_passive_label_materialization.py,outputs\phase203
204,1,1,True,True,True,passive_redesign_closed_for_replay_material_new_source_or_label_breadth_pending_no_replay,real_receive_flow_source,0,,,,,0,,,,,,,0,0,run_phase205_material_new_source_precommit_or_label_breadth_plan_no_replay,scripts\run_phase204_passive_redesign_closure_decision.py,outputs\phase204
205,1,1,True,True,True,material_new_source_precommitted_phase206_contract_pending_no_replay,real_receive_flow_source,0,,,,,0,,,,,,,0,0,run_phase206_selected_source_nonoverlap_feature_contract_no_replay,scripts\run_phase205_material_new_source_precommit.py,outputs\phase205
206,1,1,True,True,True,selected_source_nonoverlap_feature_contract_complete_phase207_matrix_pending_no_replay,real_receive_flow_source,0,,,,,0,,,,,,,0,0,run_phase207_allowed_feature_matrix_precommit_no_model_no_replay,scripts\run_phase206_selected_source_nonoverlap_feature_contract.py,outputs\phase206
207,1,1,True,True,True,allowed_feature_matrix_precommitted_phase208_quality_gate_pending_no_model_no_replay,real_receive_flow_source,0,,,,,0,,,,,,,0,0,run_phase208_feature_matrix_quality_gate_no_model_no_replay,scripts\run_phase207_allowed_feature_matrix_precommit.py,outputs\phase207
208,1,1,True,True,True,feature_matrix_quality_gate_complete_phase209_model_precommit_pending_no_execution_no_replay,real_receive_flow_source,0,,,,,0,,,,,,,0,0,run_phase209_model_fit_precommit_spec_no_execution_no_replay,scripts\run_phase208_feature_matrix_quality_gate.py,outputs\phase208
209,1,1,True,True,True,model_fit_precommit_spec_complete_phase210_train_validation_fit_dry_run_pending_no_replay_no_test,real_receive_flow_source,0,,,,,0,,,,,,,0,0,run_phase210_train_validation_model_fit_dry_run_no_replay_no_test,scripts\run_phase209_model_fit_precommit_spec.py,outputs\phase209
210,1,1,True,True,True,train_validation_model_fit_dry_run_complete_phase211_validation_interpretation_pending_no_replay_no_test,real_receive_flow_source,0,,0,,,0,,,,,,,0,0,run_phase211_model_fit_validation_interpretation_no_replay_no_test,scripts\run_phase210_train_validation_model_fit_dry_run.py,outputs\phase210
211,1,1,True,True,True,model_fit_validation_interpretation_complete_phase212_closure_or_redesign_pending_no_replay_no_test,real_receive_flow_source,0,,,,,0,,,,,,,0,0,run_phase212_model_family_closure_or_redesign_precommit_no_replay_no_test,scripts\run_phase211_model_fit_validation_interpretation.py,outputs\phase211
212,1,1,True,True,True,model_family_closure_or_redesign_precommit_complete_phase213_material_new_source_pending_no_replay_no_test,real_receive_flow_source,0,,,,,0,,0,,,,,0,0,run_phase213_material_new_model_source_precommit_no_replay_no_test,scripts\run_phase212_model_family_closure_or_redesign_precommit.py,outputs\phase212
213,1,1,True,True,True,material_new_model_source_precommit_complete_phase214_event_surprise_label_materialization_pending_no_model_no_replay_no_test,real_receive_flow_source,0,,,,,0,,,,,,,0,0,run_phase214_event_surprise_label_contract_materialization_no_model_no_replay_no_test,scripts\run_phase213_material_new_model_source_precommit.py,outputs\phase213
214,1,1,True,True,True,event_surprise_label_materialization_complete_phase215_quality_interpretation_pending_no_model_no_replay_no_test,real_receive_flow_source,0,,,,,0,,,,,,,0,0,run_phase215_event_surprise_label_quality_interpretation_no_model_no_replay_no_test,scripts\run_phase214_event_surprise_label_materialization.py,outputs\phase214
215,1,1,True,True,True,event_surprise_label_quality_interpretation_complete_phase216_event_only_target_precommit_pending_no_model_no_replay_no_test,real_receive_flow_source,0,,,,,0,,,,,,,0,0,run_phase216_event_surprise_label_redesign_or_event_only_target_precommit_no_model_no_replay_no_test,scripts\run_phase215_event_surprise_label_quality_interpretation.py,outputs\phase215
216,1,1,True,True,True,event_surprise_event_only_target_precommit_complete_phase217_design_matrix_precommit_pending_no_model_no_replay_no_test,real_receive_flow_source,0,,,,,0,,,,,,,0,0,run_phase217_event_only_design_matrix_precommit_no_model_no_replay_no_test,scripts\run_phase216_event_surprise_event_only_target_precommit.py,outputs\phase216
217,1,1,True,True,True,event_only_design_matrix_precommit_complete_phase218_model_fit_precommit_or_stop_pending_no_replay_no_test,real_receive_flow_source,0,,,,,0,,,,,,,0,0,run_phase218_event_only_model_fit_precommit_or_stop_no_replay_no_test,scripts\run_phase217_event_only_design_matrix_precommit.py,outputs\phase217
218,1,1,True,True,True,event_only_model_fit_precommit_complete_phase219_train_validation_fit_dry_run_pending_no_replay_no_test,real_receive_flow_source,0,,,,,0,,,,,,,0,0,run_phase219_event_only_train_validation_model_fit_dry_run_no_replay_no_test,scripts\run_phase218_event_only_model_fit_precommit_or_stop.py,outputs\phase218
219,1,1,True,True,True,event_only_train_validation_model_fit_dry_run_complete_phase220_validation_interpretation_pending_no_replay_no_test,real_receive_flow_source,0,,0,,,0,,,,,,,0,0,run_phase220_event_only_model_fit_validation_interpretation_no_replay_no_test,scripts\run_phase219_event_only_train_validation_model_fit_dry_run.py,outputs\phase219
220,1,1,True,True,True,event_only_model_fit_validation_interpretation_complete_phase221_signal_replay_precommit_or_stop_pending_no_replay_no_test,real_receive_flow_source,0,,,,,0,,,,,,,0,0,run_phase221_event_only_signal_replay_precommit_or_stop_no_replay_no_test,scripts\run_phase220_event_only_model_fit_validation_interpretation.py,outputs\phase220
221,1,1,True,True,True,event_only_signal_replay_precommit_complete_phase222_train_validation_replay_dry_run_pending_no_test,real_receive_flow_source,,,,,,0,,,,,,,0,0,run_phase222_event_only_train_validation_signal_replay_dry_run_no_test,scripts\run_phase221_event_only_signal_replay_precommit_or_stop.py,outputs\phase221
222,1,1,True,True,True,event_only_train_validation_signal_replay_dry_run_complete_phase223_validation_interpretation_pending_no_test,real_receive_flow_source,,,0,,,0,,,,,,,0,0,run_phase223_event_only_signal_replay_validation_interpretation_no_test,scripts\run_phase222_event_only_train_validation_signal_replay_dry_run.py,outputs\phase222
223,1,1,True,True,True,event_only_signal_replay_validation_interpretation_complete_phase224_closure_or_redesign_precommit_pending_no_test,real_receive_flow_source,,,0,,,0,,,,,,,0,0,run_phase224_event_only_signal_replay_closure_or_redesign_precommit_no_test,scripts\run_phase223_event_only_signal_replay_validation_interpretation.py,outputs\phase223
224,1,1,True,True,True,event_only_signal_replay_candidate_set_closed_phase225_cost_aware_redesign_precommit_pending_no_fit_no_replay_no_test,real_receive_flow_source,0,,,,,0,,,,,,,0,0,run_phase225_cost_aware_event_source_redesign_precommit_no_fit_no_replay_no_test,scripts\run_phase224_event_only_signal_replay_closure_or_redesign_precommit.py,outputs\phase224
225,1,1,True,True,True,cost_aware_event_source_redesign_precommit_complete_phase226_label_materialization_pending_no_fit_no_replay_no_test,real_receive_flow_source,0,,0,,,0,,,,,,,0,0,run_phase226_cost_aware_event_label_materialization_dry_run_no_fit_no_replay_no_test,scripts\run_phase225_cost_aware_event_source_redesign_precommit.py,outputs\phase225
226,1,1,True,True,True,cost_aware_event_label_materialization_complete_phase227_quality_interpretation_pending_no_fit_no_replay_no_test,real_receive_flow_source,0,,0,,,0,,,,,,,0,0,run_phase227_cost_aware_event_label_quality_interpretation_no_fit_no_replay_no_test,scripts\run_phase226_cost_aware_event_label_materialization_dry_run.py,outputs\phase226
227,1,1,True,True,True,cost_aware_event_label_quality_interpretation_complete_phase228_closure_or_redesign_pending_no_fit_no_replay_no_test,real_receive_flow_source,0,,0,,,0,,,,,,,0,0,run_phase228_cost_aware_label_redesign_closure_or_relaxation_precommit_no_fit_no_replay_no_test,scripts\run_phase227_cost_aware_event_label_quality_interpretation.py,outputs\phase227
228,1,1,True,True,True,cost_aware_label_set_closed_phase229_source_expansion_precommit_pending_no_materialization_no_fit_no_replay_no_test,real_receive_flow_source,0,,0,,,0,,,,,,,0,0,run_phase229_cost_aware_source_expansion_precommit_no_materialization_no_fit_no_replay_no_test,scripts\run_phase228_cost_aware_label_redesign_closure_or_relaxation_precommit.py,outputs\phase228
229,1,1,True,True,True,multi_strategy_profitability_search_complete,synthetic_strategy_discovery,0,,,,,,,,,,,,0,0,run_phase230_expand_low_turnover_high_edge_strategy_search_no_generator_profit_tuning,scripts\run_phase229_multi_strategy_profitability_search.py,outputs\phase229
230,1,1,True,True,True,low_turnover_high_edge_expansion_complete,synthetic_strategy_discovery,0,,,,,,,,,,,,0,0,run_phase231_material_new_strategy_forms_longer_horizon_or_pessimistic_passive_no_generator_profit_tuning,scripts\run_phase230_low_turnover_high_edge_strategy_search.py,outputs\phase230
231,1,1,True,True,True,material_new_strategy_forms_positive_synthetic_candidates_found,synthetic_strategy_discovery,0,,,,,,,,,,,,0,0,run_phase232_validate_phase231_candidates_on_stricter_holdout_and_negative_controls_no_paper_live,scripts\run_phase231_material_new_strategy_forms.py,outputs\phase231
232,1,1,True,True,True,phase231_candidate_validated_by_stricter_controls,synthetic_strategy_discovery,0,,,,,,,,,,,,0,0,run_phase233_fragility_and_realism_validation_for_phase232_candidates_no_paper_live,scripts\run_phase232_validate_phase231_candidates.py,outputs\phase232
233,1,1,True,True,True,phase232_candidate_passed_fragility_realism_validation,synthetic_strategy_discovery,0,,,,,,,,,,,,0,0,run_phase234_prepare_real_anchor_or_sealed_generator_holdout_for_phase233_candidate_no_paper_live,scripts\run_phase233_fragility_realism_validation.py,outputs\phase233
234,1,1,True,True,True,phase233_candidate_prepared_for_real_anchor_adapter,synthetic_strategy_discovery,0,,,,,,,,,,,,0,0,run_phase235_build_real_anchor_event_bar_microprice_reversal_adapter_no_paper_live,scripts\run_phase234_prepare_holdout.py,outputs\phase234
235,1,1,True,True,True,phase233_candidate_failed_real_anchor_breadth_on_adapter,synthetic_strategy_discovery,0,,,,,,,,,,,,0,0,run_phase236_close_or_redesign_microprice_reversal_after_real_anchor_failure_no_paper_live,scripts\run_phase235_real_anchor_microprice_replay.py,outputs\phase235
236,1,1,True,True,True,real_anchor_neighbor_positive_pockets_breadth_failed,synthetic_strategy_discovery,0,,,,,,,,,,,,0,0,run_phase237_redesign_threshold_transfer_or_expand_real_anchor_strategy_family_no_paper_live,scripts\run_phase236_real_anchor_neighbor_search.py,outputs\phase236
237,1,1,True,True,True,real_anchor_threshold_transfer_candidate_opened_for_validation,synthetic_strategy_discovery,0,,,,,,,,,,,,0,0,run_phase238_precommit_unseen_real_anchor_or_walk_forward_validation_for_phase237_candidate_no_paper_live,scripts\run_phase237_threshold_transfer_search.py,outputs\phase237
238,1,1,True,True,True,phase237_candidate_validation_precommitted_unseen_dates_needed,synthetic_strategy_discovery,0,,,,,,,,,,,,0,0,run_phase239_acquire_or_materialize_unseen_real_anchor_validation_dates_no_paper_live,scripts\run_phase238_validation_precommit.py,outputs\phase238
239,1,1,True,True,True,unseen_real_l2_dates_available_for_download,synthetic_strategy_discovery,0,,,,,,,,,,,,0,0,run_phase240_execute_unseen_real_l2_download_and_materialization_no_paper_live,scripts\run_phase239_unseen_date_acquisition.py,outputs\phase239
240,1,1,True,True,True,unseen_raw_l2_download_partial_or_in_progress,synthetic_strategy_discovery,0,,,,,,,,,,,,0,0,resume_phase240_unseen_raw_l2_download_no_paper_live,scripts\run_phase240_unseen_l2_downloader.py,outputs\phase240
241,1,1,True,True,True,one_date_unseen_diagnostic_positive_but_fragile,synthetic_strategy_discovery,0,,,,,,,,,,,,0,0,close_or_redesign_phase237_candidate_after_one_date_unseen_real_l2_diagnostic_failure_no_paper_live,scripts\run_phase241_one_date_unseen_real_l2_diagnostic.py,outputs\phase241
242,1,1,True,True,True,phase237_candidate_closed_redesign_queue_opened,synthetic_strategy_discovery,0,,,,,,,,,,,,0,0,run_phase243_cost_stress_first_redesign_search_without_2026_07_17_holdout_tuning_no_paper_live,scripts\run_phase242_close_or_redesign_after_one_date_diagnostic.py,outputs\phase242
243,1,1,True,True,True,cost_stress_first_redesign_candidate_found_future_holdout_precommit_open,synthetic_strategy_discovery,0,,,,,,,,,,,,0,0,precommit_future_holdout_for_phase243_candidate_after_storage_decision_no_2026_07_17_tuning_no_paper_live,scripts\run_phase243_cost_stress_first_redesign_search.py,outputs\phase243
244,1,1,True,True,True,future_holdout_precommitted_storage_decision_required,synthetic_strategy_discovery,0,,,,,,,,,,,,0,0,choose_storage_option_then_download_fresh_unseen_dates_for_phase244_frozen_candidate_no_tuning_no_paper_live,scripts\run_phase244_future_holdout_precommit.py,outputs\phase244
245,1,1,True,True,True,storage_audit_local_space_feasible_policy_choice_required,synthetic_strategy_discovery,0,,,,,,,,,,,,0,0,choose_local_c_drive_download_or_cleanup_policy_then_run_phase246_fresh_holdout_download_no_tuning_no_paper_live,scripts\run_phase245_storage_decision_audit.py,outputs\phase245
246,1,1,True,True,True,phase244_candidate_failed_one_fresh_date_diagnostic_redesign_required,synthetic_strategy_discovery,0,,,,,,,,,,,,0,0,close_or_redesign_phase244_candidate_after_phase246_one_date_failure_no_more_downloads_no_paper_live,scripts\run_phase246_fresh_one_date_holdout_diagnostic.py,outputs\phase246
247,1,1,True,True,True,l2_imbalance_regime_filter_training_search_precommitted,synthetic_strategy_discovery,0,,,,,,,,,,,,0,0,run_phase248_training_only_l2_imbalance_regime_filtered_redesign_no_2026_07_17_or_2026_07_20_tuning_no_downloads_no_paper_live,scripts\run_phase247_l2_imbalance_regime_filter_redesign_precommit.py,outputs\phase247
248,1,1,True,True,True,l2_imbalance_regime_filtered_search_no_survivor_broaden_or_close,synthetic_strategy_discovery,0,,,,,,,,,,,,0,0,close_or_broaden_phase248_l2_imbalance_regime_filtered_search_no_downloads_no_paper_live,scripts\run_phase248_l2_imbalance_regime_filtered_redesign_search.py,outputs\phase248
249,1,1,True,True,True,single_name_reversal_closed_pair_basket_precommit_open,synthetic_strategy_discovery,0,,,,,,,,,,,,0,0,run_phase250_pair_basket_relative_value_precommit_no_downloads_no_2026_07_17_or_2026_07_20_tuning_no_paper_live,scripts\run_phase249_close_or_broaden_after_l2_filtered_no_survivor.py,outputs\phase249
250,1,1,True,True,True,pair_basket_relative_value_training_search_precommitted,synthetic_strategy_discovery,0,,,,,,,,,,,,0,0,run_phase251_training_only_pair_basket_relative_value_search_no_downloads_no_2026_07_17_or_2026_07_20_tuning_no_paper_live,scripts\run_phase250_pair_basket_relative_value_precommit.py,outputs\phase250
251,1,1,True,True,True,pair_basket_relative_value_no_survivor_broaden_or_close,synthetic_strategy_discovery,0,,,,,,,,,,,,0,0,close_or_broaden_phase251_pair_basket_relative_value_search_no_downloads_no_paper_live,scripts\run_phase251_pair_basket_relative_value_search.py,outputs\phase251
252,1,1,True,True,True,aggregate_pair_basket_closed_richer_raw_depth_precommit_open,synthetic_strategy_discovery,0,,,,,,,,,,,,0,0,run_phase253_richer_raw_top5_depth_feature_materialization_precommit_no_new_downloads_no_paper_live,scripts\run_phase252_close_or_broaden_after_pair_basket_no_survivor.py,outputs\phase252
253,1,1,True,True,True,richer_raw_top5_depth_materialization_precommitted,synthetic_strategy_discovery,0,,,,,,,,,,,,0,0,run_phase254_materialize_richer_raw_top5_depth_event_bars_existing_raw_only_no_paper_live,scripts\run_phase253_richer_raw_top5_depth_feature_materialization_precommit.py,outputs\phase253
254,1,1,True,True,True,richer_raw_top5_depth_materialized_quality_interpretation_open,synthetic_strategy_discovery,0,,,,,,,,,,,,0,0,run_phase255_richer_raw_depth_feature_quality_interpretation_no_replay_no_paper_live,scripts\run_phase254_materialize_richer_raw_top5_depth_event_bars.py,outputs\phase254
255,1,1,True,True,True,richer_raw_top5_depth_quality_passed_strategy_search_open,synthetic_strategy_discovery,0,,,,,,,,,,,,0,0,run_phase256_richer_raw_top5_depth_cost_aware_strategy_search_training_only_no_paper_live,scripts\run_phase255_richer_raw_depth_feature_quality_interpretation.py,outputs\phase255
256,1,1,True,True,True,richer_raw_top5_depth_taker_search_no_survivor_interpretation_open,synthetic_strategy_discovery,0,,,,,,,,,,,,0,0,run_phase257_richer_raw_top5_depth_strategy_search_interpretation_no_paper_live,scripts\run_phase256_richer_raw_top5_depth_cost_aware_strategy_search.py,outputs\phase256
257,1,1,True,True,True,passive_queue_aware_spread_capture_precommit_open,synthetic_strategy_discovery,0,,,,,,,,,,,,0,0,run_phase258_passive_queue_aware_spread_capture_precommit_full_top5_depth_no_paper_live,scripts\run_phase257_richer_raw_top5_depth_strategy_search_interpretation.py,outputs\phase257
258,1,1,True,True,True,passive_queue_aware_spread_capture_training_search_open,synthetic_strategy_discovery,0,,,,,,,,,,,,0,0,run_phase259_passive_queue_aware_spread_capture_training_search_full_top5_depth_no_paper_live,scripts\run_phase258_passive_queue_aware_spread_capture_precommit.py,outputs\phase258
259,1,1,True,True,True,passive_queue_aware_training_search_no_survivor_interpretation_open,synthetic_strategy_discovery,0,,,,,,,,,,,,0,0,run_phase260_passive_queue_aware_spread_capture_interpretation_no_paper_live,scripts\run_phase259_passive_queue_aware_spread_capture_training_search.py,outputs\phase259
260,1,1,True,True,True,passive_opportunity_breadth_fill_model_repair_precommit_open,synthetic_strategy_discovery,0,,,,,,,,,,,,0,0,run_phase261_passive_opportunity_breadth_fill_model_repair_precommit_full_top5_depth_no_paper_live,scripts\run_phase260_passive_queue_aware_spread_capture_interpretation.py,outputs\phase260
261,1,1,True,True,True,passive_opportunity_breadth_fill_model_training_search_open,synthetic_strategy_discovery,0,,,,,,,,,,,,0,0,run_phase262_passive_opportunity_breadth_fill_model_training_search_full_top5_depth_no_paper_live,scripts\run_phase261_passive_opportunity_breadth_fill_model_repair_precommit.py,outputs\phase261
262,1,1,True,True,True,passive_opportunity_breadth_fill_model_training_no_survivor_interpretation_open,synthetic_strategy_discovery,0,,,,,,,,,,,,0,0,run_phase263_passive_opportunity_breadth_fill_model_interpretation_no_paper_live,scripts\run_phase262_passive_opportunity_breadth_fill_model_training_search.py,outputs\phase262
263,1,1,True,True,True,full_depth_liquidity_shock_absorption_event_precommit_open,synthetic_strategy_discovery,0,,,,,,,,,,,,0,0,run_phase264_full_depth_liquidity_shock_absorption_event_precommit_no_paper_live,scripts\run_phase263_passive_opportunity_breadth_fill_model_interpretation.py,outputs\phase263
264,1,1,True,True,True,full_depth_liquidity_shock_absorption_event_training_search_open,synthetic_strategy_discovery,0,,,,,,,,,,,,0,0,run_phase265_full_depth_liquidity_shock_absorption_event_training_search_no_paper_live,scripts\run_phase264_full_depth_liquidity_shock_absorption_event_precommit.py,outputs\phase264
265,1,1,True,True,True,full_depth_liquidity_shock_training_no_survivor_interpretation_open,synthetic_strategy_discovery,0,,,,,,,,,,,,0,0,run_phase266_full_depth_liquidity_shock_absorption_event_interpretation_no_paper_live,scripts\run_phase265_full_depth_liquidity_shock_absorption_event_training_search.py,outputs\phase265
266,1,1,True,True,True,full_depth_liquidity_shock_breadth_shuffle_repair_precommit_open,synthetic_strategy_discovery,0,,,,,,,,,,,,0,0,run_phase267_full_depth_liquidity_shock_breadth_shuffle_robustness_repair_precommit_no_paper_live,scripts\run_phase266_full_depth_liquidity_shock_absorption_event_interpretation.py,outputs\phase266
267,1,1,True,True,True,full_depth_liquidity_shock_two_lane_training_search_open,synthetic_strategy_discovery,0,,,,,,,,,,,,0,0,run_phase268_full_depth_liquidity_shock_breadth_shuffle_robustness_repair_training_search_no_paper_live,scripts\run_phase267_full_depth_liquidity_shock_breadth_shuffle_robustness_repair_precommit.py,outputs\phase267
268,1,1,True,True,True,full_depth_liquidity_shock_two_lane_training_no_acceptance_interpretation_open,synthetic_strategy_discovery,0,,,,,,,,,,,,0,0,run_phase269_full_depth_liquidity_shock_two_lane_training_interpretation_no_paper_live,scripts\run_phase268_full_depth_liquidity_shock_breadth_shuffle_robustness_repair_training_search.py,outputs\phase268
269,1,1,True,True,True,fixed_capital_concurrency_capacity_return_precommit_open,synthetic_strategy_discovery,0,,,,,,,,,,,,0,0,run_phase270_fixed_capital_concurrency_and_capacity_return_precommit_no_paper_live,scripts\run_phase269_full_depth_liquidity_shock_two_lane_training_interpretation.py,outputs\phase269
270,1,1,True,True,True,fixed_capital_concurrency_capacity_return_analysis_open,synthetic_strategy_discovery,0,,,,,,,,,,,,0,0,run_phase271_fixed_capital_concurrency_and_capacity_return_analysis_no_paper_live,scripts\run_phase270_fixed_capital_concurrency_and_capacity_return_precommit.py,outputs\phase270
271,1,1,True,True,True,fixed_capital_capacity_return_interpretation_open,synthetic_strategy_discovery,0,,,,,,,,,,,,0,0,run_phase272_fixed_capital_capacity_return_interpretation_no_paper_live,scripts\run_phase271_fixed_capital_concurrency_and_capacity_return_analysis.py,outputs\phase271
272,1,1,True,True,True,focused_capital_aware_candidate_followthrough_search_open,synthetic_strategy_discovery,0,,,,,,,,,,,,0,0,run_phase273_focused_capital_aware_candidate_followthrough_search_no_paper_live,scripts\run_phase272_fixed_capital_capacity_return_interpretation.py,outputs\phase272
273,1,1,True,True,True,focused_capital_followthrough_interpretation_open,synthetic_strategy_discovery,0,,,,,,,,,,,,0,0,run_phase274_focused_capital_followthrough_interpretation_no_paper_live,scripts\run_phase273_focused_capital_aware_candidate_followthrough_search.py,outputs\phase273
274,1,1,True,True,True,focused_capital_multiday_synthetic_followthrough_search_open,synthetic_strategy_discovery,0,,,,,,,,,,,,0,0,run_phase275_focused_capital_multiday_synthetic_followthrough_search_no_paper_live,scripts\run_phase274_focused_capital_followthrough_interpretation.py,outputs\phase274
275,1,1,True,True,True,multiday_synthetic_followthrough_interpretation_open,synthetic_strategy_discovery,0,,,,,,,,,,,,0,0,run_phase276_multiday_synthetic_followthrough_interpretation_no_paper_live,scripts\run_phase275_focused_capital_multiday_synthetic_followthrough_search.py,outputs\phase275
276,1,1,True,True,True,cost_robust_full_depth_redesign_search_open,synthetic_strategy_discovery,0,,,,,,,,,,,,0,0,run_phase277_cost_robust_full_depth_redesign_search_no_paper_live,scripts\run_phase276_multiday_synthetic_followthrough_interpretation.py,outputs\phase276
277,1,1,True,True,True,cost_robust_redesign_interpretation_open,synthetic_strategy_discovery,0,,,,,,,,,,,,0,0,run_phase278_cost_robust_redesign_interpretation_no_paper_live,scripts\run_phase277_cost_robust_full_depth_redesign_search.py,outputs\phase277
278,1,1,True,True,True,material_new_target_construction_precommit_open,synthetic_strategy_discovery,0,,,,,,,,,,,,0,0,run_phase279_material_new_target_construction_precommit_no_paper_live,scripts\run_phase278_cost_robust_redesign_interpretation.py,outputs\phase278
279,1,1,True,True,True,material_new_target_construction_search_open,synthetic_strategy_discovery,0,,,,,,,,,,,,0,0,run_phase280_material_new_target_construction_search_no_paper_live,scripts\run_phase279_material_new_target_construction_precommit.py,outputs\phase279
280,1,1,True,True,True,material_new_target_construction_interpretation_open,synthetic_strategy_discovery,0,,,,,,,,,,,,0,0,run_phase281_material_new_target_construction_interpretation_no_paper_live,scripts\run_phase280_material_new_target_construction_search.py,outputs\phase280
281,1,1,True,True,True,regime_conditioned_full_depth_ensemble_precommit_open,synthetic_strategy_discovery,0,,,,,,,,,,,,0,0,run_phase282_regime_conditioned_full_depth_ensemble_precommit_no_paper_live,scripts\run_phase281_material_target_construction_interpretation.py,outputs\phase281
282,1,1,True,True,True,regime_conditioned_full_depth_ensemble_search_open,synthetic_strategy_discovery,0,,,,,,,,,,,,0,0,run_phase283_regime_conditioned_full_depth_ensemble_search_no_paper_live,scripts\run_phase282_regime_conditioned_full_depth_ensemble_precommit.py,outputs\phase282
283,1,1,True,True,True,regime_conditioned_full_depth_ensemble_interpretation_open,synthetic_strategy_discovery,0,,,,,,,,,,,,0,0,run_phase284_regime_conditioned_full_depth_ensemble_interpretation_no_paper_live,scripts\run_phase283_regime_conditioned_full_depth_ensemble_search.py,outputs\phase283
284,1,1,True,True,True,event_lifecycle_exit_side_redesign_precommit_open,synthetic_strategy_discovery,0,,,,,,,,,,,,0,0,run_phase285_event_lifecycle_exit_side_redesign_precommit_no_paper_live,scripts\run_phase284_regime_conditioned_full_depth_ensemble_interpretation.py,outputs\phase284
285,1,1,True,True,True,event_lifecycle_exit_side_redesign_search_open,synthetic_strategy_discovery,0,,,,,,,,,,,,0,0,run_phase286_event_lifecycle_exit_side_redesign_search_no_paper_live,scripts\run_phase285_event_lifecycle_exit_side_redesign_precommit.py,outputs\phase285
286,1,1,True,True,True,event_lifecycle_exit_side_redesign_interpretation_open,synthetic_strategy_discovery,0,,,,,,,,,,,,0,0,run_phase287_event_lifecycle_exit_side_redesign_interpretation_no_paper_live,scripts\run_phase286_event_lifecycle_exit_side_redesign_search.py,outputs\phase286
287,1,1,True,True,True,full_depth_liquidity_pressure_strategy_search_open,synthetic_strategy_discovery,0,,,,,,,,,,,,0,0,run_phase288_full_depth_liquidity_pressure_strategy_search_no_paper_live,scripts\run_phase287_event_lifecycle_exit_side_redesign_interpretation.py,outputs\phase287
288,1,1,True,True,True,full_depth_liquidity_pressure_interpretation_open,synthetic_strategy_discovery,0,,,,,,,,,,,,0,0,run_phase289_full_depth_liquidity_pressure_interpretation_no_paper_live,scripts\run_phase288_full_depth_liquidity_pressure_strategy_search.py,outputs\phase288
289,1,1,True,True,True,adaptive_full_depth_liquidity_pressure_expansion_search_open,synthetic_strategy_discovery,0,,,,,,,,,,,,0,0,run_phase290_adaptive_full_depth_liquidity_pressure_expansion_search_no_paper_live,scripts\run_phase289_full_depth_liquidity_pressure_interpretation.py,outputs\phase289
290,1,1,True,True,True,adaptive_full_depth_liquidity_pressure_interpretation_open,synthetic_strategy_discovery,0,,,,,,,,,,,,0,0,run_phase291_adaptive_full_depth_liquidity_pressure_interpretation_no_paper_live,scripts\run_phase290_adaptive_full_depth_liquidity_pressure_expansion_search.py,outputs\phase290
291,1,1,True,True,True,adaptive_pressure_breadth_repair_search_open,synthetic_strategy_discovery,0,,,,,,,,,,,,0,0,run_phase292_adaptive_pressure_breadth_repair_search_no_paper_live,scripts\run_phase291_adaptive_full_depth_liquidity_pressure_interpretation.py,outputs\phase291
292,1,1,True,True,True,adaptive_pressure_breadth_repair_interpretation_open,synthetic_strategy_discovery,0,,,,,,,,,,,,0,0,run_phase293_adaptive_pressure_breadth_repair_interpretation_no_paper_live,scripts\run_phase292_adaptive_pressure_breadth_repair_search.py,outputs\phase292
293,1,1,True,True,True,full_depth_pressure_absorption_continuation_search_open,synthetic_strategy_discovery,0,,,,,,,,,,,,0,0,run_phase294_full_depth_pressure_absorption_continuation_search_no_paper_live,scripts\run_phase293_adaptive_pressure_breadth_repair_interpretation.py,outputs\phase293
294,1,1,True,True,True,full_depth_pressure_absorption_continuation_interpretation_open,synthetic_strategy_discovery,0,,,,,,,,,,,,0,0,run_phase295_full_depth_pressure_absorption_continuation_interpretation_no_paper_live,scripts\run_phase294_full_depth_pressure_absorption_continuation_search.py,outputs\phase294
295,1,1,True,True,True,full_year_top5_depth_strategy_family_sweep_open,synthetic_strategy_discovery,0,,,,,,,,,,,,0,0,run_phase296_full_year_top5_depth_strategy_family_sweep_no_paper_live,scripts\run_phase295_full_depth_pressure_absorption_continuation_interpretation.py,outputs\phase295
296,1,1,True,True,True,full_year_top5_depth_strategy_family_sweep_interpretation_open,synthetic_strategy_discovery,0,,,,,,,,,,,,0,0,run_phase297_full_year_top5_depth_strategy_family_sweep_interpretation_no_paper_live,scripts\run_phase296_full_year_top5_depth_strategy_family_sweep.py,outputs\phase296
297,1,1,True,True,True,raw_dense_top5_book_state_strategy_sweep_open,synthetic_strategy_discovery,0,,,,,,,,,,,,0,0,run_phase298_raw_dense_top5_book_state_strategy_sweep_no_paper_live,scripts\run_phase297_full_year_top5_depth_strategy_family_sweep_interpretation.py,outputs\phase297
298,1,1,True,True,True,raw_dense_top5_book_state_strategy_sweep_interpretation_open,synthetic_strategy_discovery,0,,,,,,,,,,,,0,0,run_phase299_raw_dense_top5_book_state_strategy_sweep_interpretation_no_paper_live,scripts\run_phase298_raw_dense_top5_book_state_strategy_sweep.py,outputs\phase298
299,1,1,True,True,True,passive_aware_execution_hybrid_precommit_open,synthetic_strategy_discovery,0,,,,,,,,,,,,0,0,run_phase300_passive_aware_execution_hybrid_precommit_no_paper_live,scripts\run_phase299_raw_dense_top5_book_state_strategy_sweep_interpretation.py,outputs\phase299
300,2,3,True,True,True,passive_aware_execution_hybrid_interpretation_open,synthetic_strategy_discovery,0,,,,,,,,,,,,0,0,run_phase301_passive_aware_execution_hybrid_interpretation_no_paper_live,scripts\run_phase300_passive_aware_execution_hybrid.py|scripts\run_phase300_passive_aware_execution_hybrid_precommit.py,outputs\phase300|outputs\pycache_phase300_exec_verify|outputs\pycache_phase300_verify
301,1,2,True,True,True,terminal_retail_top5_l2_alpha_thesis_report_open,synthetic_strategy_discovery,0,,,,,,,,,,,,0,0,run_phase302_terminal_retail_top5_l2_alpha_thesis_report_no_paper_live,scripts\run_phase301_passive_aware_execution_hybrid_interpretation.py,outputs\phase301|outputs\pycache_phase301_verify
302,1,1,True,True,True,retail_top5_l2_alpha_thesis_closed_terminal_report_complete,synthetic_strategy_discovery,0,,,,,,,,,,,,0,0,do_not_continue_retail_top5_l2_alpha_rescue_without_material_new_source_or_thesis,scripts\run_phase302_terminal_retail_top5_l2_alpha_thesis_report.py,outputs\phase302
303,1,1,True,True,True,material_new_event_catalyst_source_acquisition_open,synthetic_strategy_discovery,0,,,,,,,,,,,,0,0,acquire_or_build_material_new_event_catalyst_source_before_any_new_l2_strategy_search,scripts\run_phase303_material_new_thesis_source_selector.py,outputs\phase303
304,1,1,True,True,True,event_catalyst_dropzone_population_open,synthetic_strategy_discovery,0,,,,,,,,,,,,0,0,populate_event_catalyst_dropzone_then_run_phase305_event_catalyst_source_import_audit,scripts\run_phase304_event_catalyst_source_acquisition_package.py,outputs\phase304
305,1,1,True,True,True,event_catalyst_source_imported_join_precommit_open,synthetic_strategy_discovery,0,,,,,,,,,,,,0,0,run_phase306_event_catalyst_top5_depth_join_precommit_no_strategy_search,scripts\run_phase305_event_catalyst_source_import_audit.py,outputs\phase305
306,1,1,True,True,True,event_catalyst_top5_depth_join_materialization_open,synthetic_strategy_discovery,0,,,,,,,,,,,,0,0,run_phase307_event_catalyst_top5_depth_join_materialization_no_strategy_search,scripts\run_phase306_event_catalyst_top5_depth_join_precommit.py,outputs\phase306
307,1,1,True,True,True,event_catalyst_top5_depth_join_quality_audit_open,synthetic_strategy_discovery,0,,,,,,,,,,,,0,0,run_phase308_event_catalyst_join_quality_audit_no_strategy_search,scripts\run_phase307_event_catalyst_top5_depth_join_materialization.py,outputs\phase307
308,1,1,True,True,True,event_catalyst_feature_precommit_open,synthetic_strategy_discovery,0,,,,,,,,,,,,0,0,run_phase309_event_catalyst_feature_precommit_no_strategy_search,scripts\run_phase308_event_catalyst_join_quality_audit.py,outputs\phase308
309,1,1,True,True,True,event_catalyst_feature_materialization_open,synthetic_strategy_discovery,0,,,,,,,,,,,,0,0,run_phase310_event_catalyst_feature_materialization_no_strategy_search,scripts\run_phase309_event_catalyst_feature_precommit.py,outputs\phase309
310,1,1,True,True,True,event_catalyst_strategy_search_precommit_open,synthetic_strategy_discovery,0,,,,,,,,,,,,0,0,run_phase311_event_catalyst_strategy_search_precommit_no_execution,scripts\run_phase310_event_catalyst_feature_materialization.py,outputs\phase310
311,1,1,True,True,True,event_catalyst_training_strategy_search_open,synthetic_strategy_discovery,0,,,,,,,,,,,,0,0,run_phase312_event_catalyst_strategy_search_training_only,scripts\run_phase311_event_catalyst_strategy_search_precommit.py,outputs\phase311
312,1,1,True,True,True,event_catalyst_training_strategy_search_interpretation_open,synthetic_strategy_discovery,0,,,,,,,,,,,,0,0,run_phase313_event_catalyst_strategy_search_interpretation_no_replay,scripts\run_phase312_event_catalyst_strategy_search_training_only.py,outputs\phase312
313,1,1,True,True,True,event_catalyst_multievent_synthetic_breadth_precommit_open,synthetic_strategy_discovery,,,,,,,,,,,,,0,0,run_phase314_event_catalyst_multievent_synthetic_breadth_precommit_no_replay,scripts\run_phase313_event_catalyst_strategy_search_interpretation.py,outputs\phase313
314,1,1,True,True,True,event_catalyst_multievent_synthetic_breadth_materialization_open,synthetic_strategy_discovery,,,,,,,,,,,,,0,0,run_phase315_event_catalyst_multievent_synthetic_breadth_materialization_no_replay,scripts\run_phase314_event_catalyst_multievent_synthetic_breadth_precommit.py,outputs\phase314
315,1,1,True,True,True,event_catalyst_multievent_top5_depth_join_precommit_open,synthetic_strategy_discovery,,,,,,,,,,,,,0,0,run_phase316_event_catalyst_multievent_top5_depth_join_precommit_no_replay,scripts\run_phase315_event_catalyst_multievent_synthetic_breadth_materialization.py,outputs\phase315
316,1,1,True,True,True,event_catalyst_multievent_top5_depth_join_materialization_open,synthetic_strategy_discovery,,,,,,,,,,,,,0,0,run_phase317_event_catalyst_multievent_top5_depth_join_materialization_no_strategy_search,scripts\run_phase316_event_catalyst_multievent_top5_depth_join_precommit.py,outputs\phase316
317,1,1,True,True,True,event_catalyst_multievent_join_quality_audit_open,synthetic_strategy_discovery,,,,,,,,,,,,,0,0,run_phase318_event_catalyst_multievent_join_quality_audit_no_strategy_search,scripts\run_phase317_event_catalyst_multievent_top5_depth_join_materialization.py,outputs\phase317
318,1,1,True,True,True,event_catalyst_multievent_feature_materialization_precommit_open,synthetic_strategy_discovery,,,,,,,,,,,,,0,0,run_phase319_event_catalyst_multievent_feature_materialization_precommit_no_replay,scripts\run_phase318_event_catalyst_multievent_join_quality_audit.py,outputs\phase318
319,1,1,True,True,True,event_catalyst_multievent_feature_materialization_open,synthetic_strategy_discovery,,,,,,,,,,,,,0,0,run_phase320_event_catalyst_multievent_feature_materialization_no_strategy_search,scripts\run_phase319_event_catalyst_multievent_feature_materialization_precommit.py,outputs\phase319
320,1,1,True,True,True,event_catalyst_multievent_strategy_search_precommit_open,synthetic_strategy_discovery,,,,,,,,,,,,,0,0,run_phase321_event_catalyst_multievent_strategy_search_precommit_no_replay,scripts\run_phase320_event_catalyst_multievent_feature_materialization.py,outputs\phase320
321,1,1,True,True,True,event_catalyst_multievent_training_strategy_search_open,synthetic_strategy_discovery,,,,,,,,,,,,,0,0,run_phase322_event_catalyst_multievent_strategy_search_training_only_no_replay,scripts\run_phase321_event_catalyst_multievent_strategy_search_precommit.py,outputs\phase321
322,1,1,True,True,True,event_catalyst_multievent_strategy_search_interpretation_open,synthetic_strategy_discovery,,,,,,,,,,,,,0,0,run_phase323_event_catalyst_multievent_strategy_search_interpretation_no_replay,scripts\run_phase322_event_catalyst_multievent_strategy_search_training_only.py,outputs\phase322
323,1,1,True,True,True,event_catalyst_breadth_expansion_precommit_open,synthetic_strategy_discovery,,,,,,,,,,,,,0,0,run_phase324_event_catalyst_breadth_expansion_precommit_no_replay,scripts\run_phase323_event_catalyst_multievent_strategy_search_interpretation.py,outputs\phase323
324,1,1,True,True,True,event_catalyst_breadth_expansion_materialization_open,synthetic_strategy_discovery,,,,,,,,,,,,,0,0,run_phase325_event_catalyst_breadth_expansion_materialization_no_replay,scripts\run_phase324_event_catalyst_breadth_expansion_precommit.py,outputs\phase324
325,1,1,True,True,True,event_catalyst_expanded_top5_depth_join_precommit_open,synthetic_strategy_discovery,,,,,,,,,,,,,0,0,run_phase326_event_catalyst_expanded_top5_depth_join_precommit_no_replay,scripts\run_phase325_event_catalyst_breadth_expansion_materialization.py,outputs\phase325
326,1,1,True,True,True,event_catalyst_expanded_top5_depth_join_materialization_open,synthetic_strategy_discovery,,,,,,,,,,,,,0,0,run_phase327_event_catalyst_expanded_top5_depth_join_materialization_no_strategy_search,scripts\run_phase326_event_catalyst_expanded_top5_depth_join_precommit.py,outputs\phase326
327,1,1,True,True,True,event_catalyst_expanded_join_quality_audit_open,synthetic_strategy_discovery,,,,,,,,,,,,,0,0,run_phase328_event_catalyst_expanded_join_quality_audit_no_strategy_search,scripts\run_phase327_event_catalyst_expanded_top5_depth_join_materialization.py,outputs\phase327
328,1,1,True,True,True,event_catalyst_expanded_feature_materialization_precommit_open,synthetic_strategy_discovery,,,,,,,,,,,,,0,0,run_phase329_event_catalyst_expanded_feature_materialization_precommit_no_replay,scripts\run_phase328_event_catalyst_expanded_join_quality_audit.py,outputs\phase328
329,1,1,True,True,True,event_catalyst_expanded_feature_materialization_open,synthetic_strategy_discovery,,,,,,,,,,,,,0,0,run_phase330_event_catalyst_expanded_feature_materialization_no_strategy_search,scripts\run_phase329_event_catalyst_expanded_feature_materialization_precommit.py,outputs\phase329
330,1,1,True,True,True,event_catalyst_expanded_strategy_search_precommit_open,synthetic_strategy_discovery,,,,,,,,,,,,,0,0,run_phase331_event_catalyst_expanded_strategy_search_precommit_no_replay,scripts\run_phase330_event_catalyst_expanded_feature_materialization.py,outputs\phase330
331,1,1,True,True,True,event_catalyst_expanded_training_strategy_search_open,synthetic_strategy_discovery,,,,,,,,,,,,,0,0,run_phase332_event_catalyst_expanded_strategy_search_training_only_no_replay,scripts\run_phase331_event_catalyst_expanded_strategy_search_precommit.py,outputs\phase331
332,1,1,True,True,True,event_catalyst_expanded_strategy_search_interpretation_open,synthetic_strategy_discovery,,,,,,,,,,,,,0,0,run_phase333_event_catalyst_expanded_strategy_search_interpretation_no_replay,scripts\run_phase332_event_catalyst_expanded_strategy_search_training_only.py,outputs\phase332
333,1,1,True,True,True,cost_stress_margin_redesign_precommit_open,synthetic_strategy_discovery,,,,,,,,,,,,,0,0,run_phase334_cost_stress_margin_redesign_precommit_no_replay,scripts\run_phase333_event_catalyst_expanded_strategy_search_interpretation.py,outputs\phase333
334,1,1,True,True,True,cost_stress_margin_redesign_training_search_open,synthetic_strategy_discovery,,,,,,,,,,,,,0,0,run_phase335_cost_stress_margin_redesign_training_only_no_replay,scripts\run_phase334_cost_stress_margin_redesign_precommit.py,outputs\phase334
335,1,1,True,True,True,cost_stress_margin_redesign_interpretation_open,synthetic_strategy_discovery,,,,,,,,,,,,,0,0,run_phase336_cost_stress_margin_redesign_interpretation_no_replay,scripts\run_phase335_cost_stress_margin_redesign_training_only.py,outputs\phase335
336,1,1,True,True,True,cost_stress_holdout_validation_precommit_open,synthetic_strategy_discovery,,,,,,,,,,,,,0,0,run_phase337_cost_stress_holdout_validation_precommit_no_replay,scripts\run_phase336_cost_stress_margin_redesign_interpretation.py,outputs\phase336
337,1,1,True,True,True,cost_stress_holdout_validation_execution_open,synthetic_strategy_discovery,,,,,,,,,,,,,0,0,run_phase338_cost_stress_holdout_validation_execution_no_replay,scripts\run_phase337_cost_stress_holdout_validation_precommit.py,outputs\phase337
338,1,1,True,True,True,cost_stress_holdout_validation_interpretation_open,synthetic_strategy_discovery,,,,,,,,,,,,,0,0,run_phase339_cost_stress_holdout_validation_interpretation_no_replay,scripts\run_phase338_cost_stress_holdout_validation_execution.py,outputs\phase338
339,1,1,True,True,True,official_catalyst_calendar_acquisition_precommit_open,synthetic_strategy_discovery,,,,,,,,,,,,,0,0,run_phase340_official_catalyst_calendar_acquisition_precommit_no_paper_live,scripts\run_phase339_cost_stress_holdout_validation_interpretation.py,outputs\phase339
340,1,1,True,True,True,official_catalyst_real_day_survivor_diagnostic_precommit_open,synthetic_strategy_discovery,,,,,,,,,,,,,0,0,run_phase341_official_catalyst_real_day_survivor_diagnostic_precommit_no_paper_live,scripts\run_phase340_official_catalyst_calendar_acquisition_precommit.py,outputs\phase340
341,1,1,True,True,True,official_catalyst_real_day_survivor_diagnostic_execution_open,synthetic_strategy_discovery,,,,,,,,,,,,,0,0,run_phase342_official_catalyst_real_day_survivor_diagnostic_execution_no_paper_live,scripts\run_phase341_official_catalyst_real_day_survivor_diagnostic_precommit.py,outputs\phase341
342,1,1,True,True,True,official_catalyst_real_day_diagnostic_interpretation_open,synthetic_strategy_discovery,,,,,,,,,,,,,0,0,run_phase343_official_catalyst_real_day_diagnostic_interpretation_no_paper_live,scripts\run_phase342_official_catalyst_real_day_survivor_diagnostic_execution.py,outputs\phase342
343,1,1,True,True,True,official_catalyst_native_full_depth_strategy_search_precommit_open,synthetic_strategy_discovery,,,,,,,,,,,,,0,0,run_phase344_official_catalyst_native_full_depth_strategy_search_precommit_no_paper_live,scripts\run_phase343_official_catalyst_real_day_diagnostic_interpretation.py,outputs\phase343
