phase,output_dir,output_exists,file_count,acceptance_files,manifest_files,is_smoke_or_partial
1,outputs\phase1,True,71,,outputs\phase1\event_reconstruction\event_reconstruction_manifest.json|outputs\phase1\phase1_manifest.json,False
10,outputs\phase10,True,13,,outputs\phase10\storage_manifest.json|outputs\phase10\storage_size_manifest.json,False
100,outputs\phase100,True,7,outputs\phase100\calibrated_generator_quality_acceptance_summary.csv,outputs\phase100\phase100_calibrated_generator_quality_smoke_manifest.json,False
101,outputs\phase101,True,8,outputs\phase101\calibrated_phase49_quality_acceptance_summary.csv,outputs\phase101\phase101_calibrated_phase49_shard_quality_audit_manifest.json,False
102,outputs\phase102,True,11,outputs\phase102\calibrated_phase49_quality_acceptance_summary.csv|outputs\phase102\phase102_material_acceptance_summary.csv,outputs\phase102\phase101_calibrated_phase49_shard_quality_audit_manifest.json,False
103,outputs\phase103,True,9,outputs\phase103\phase103_calibrated_realism_acceptance_summary.csv,outputs\phase103\phase103_calibrated_realism_rerun_manifest.json,False
104,outputs\phase104,True,10,outputs\phase104\phase104_real_anchor_cadence_acceptance_summary.csv,outputs\phase104\phase104_real_anchor_cadence_profile_audit_manifest.json,False
105,outputs\phase105,True,10,outputs\phase105\phase105_source_mid_volatility_acceptance_summary.csv,outputs\phase105\phase105_source_mid_volatility_scale_audit_manifest.json,False
106,outputs\phase106,True,10,outputs\phase106\phase106_full_symbol_calibrated_realism_acceptance_summary.csv,outputs\phase106\phase106_full_symbol_calibrated_realism_audit_manifest.json,False
107,outputs\phase107,True,6,outputs\phase107\phase107_symbol_aware_calibration_acceptance_summary.csv,outputs\phase107\phase107_symbol_aware_calibration_contract_manifest.json,False
108,outputs\phase108,True,10,outputs\phase108\phase108_symbol_aware_generator_override_acceptance_summary.csv,outputs\phase108\phase108_symbol_aware_generator_override_audit_manifest.json,False
109,outputs\phase109,True,10,outputs\phase109\phase109_residual_imbalance_floor_acceptance_summary.csv,outputs\phase109\phase109_residual_imbalance_floor_audit_manifest.json,False
11,outputs\phase11,True,13,,outputs\phase11\strategy_module_registry_manifest.json|outputs\phase11\strategy_validation_manifest.json,False
110,outputs\phase110,True,5,outputs\phase110\phase110_multiday_replay_unlock_acceptance_summary.csv,outputs\phase110\phase110_multiday_replay_unlock_gate_manifest.json,False
111,outputs\phase111,True,6,outputs\phase111\phase111_real_anchor_ingest_acceptance_summary.csv,outputs\phase111\phase111_real_anchor_ingest_discovery_manifest.json,False
112,outputs\phase112,True,8,outputs\phase112\phase112_dropzone_compatibility_acceptance_summary.csv,outputs\phase112\phase112_dropzone_phase96_compatibility_manifest.json,False
113,outputs\phase113,True,6,outputs\phase113\phase113_dropzone_import_acceptance_summary.csv,outputs\phase113\phase113_real_l2_dropzone_importer_manifest.json,False
114,outputs\phase114,True,5,outputs\phase114\phase114_dropzone_import_integrity_acceptance_summary.csv,outputs\phase114\phase114_dropzone_import_integrity_verifier_manifest.json,False
115,outputs\phase115,True,41,outputs\phase115\phase115_real_panel_refresh_acceptance_summary.csv|outputs\phase115\subruns\phase110\phase110_multiday_replay_unlock_acceptance_summary.csv|outputs\phase115\subruns\phase111_final\phase111_real_anchor_ingest_acceptance_summary.csv|outputs\phase115\subruns\phase111_initial\phase111_real_anchor_ingest_acceptance_summary.csv|outputs\phase115\subruns\phase113\phase113_dropzone_import_acceptance_summary.csv|outputs\phase115\subruns\phase114\phase114_dropzone_import_integrity_acceptance_summary.csv|outputs\phase115\subruns\phase96\real_anchor_panel_builder_acceptance_summary.csv,outputs\phase115\phase115_real_panel_refresh_orchestrator_manifest.json|outputs\phase115\subruns\phase110\phase110_multiday_replay_unlock_gate_manifest.json|outputs\phase115\subruns\phase111_final\phase111_real_anchor_ingest_discovery_manifest.json|outputs\phase115\subruns\phase111_initial\phase111_real_anchor_ingest_discovery_manifest.json|outputs\phase115\subruns\phase113\phase113_real_l2_dropzone_importer_manifest.json|outputs\phase115\subruns\phase114\phase114_dropzone_import_integrity_verifier_manifest.json|outputs\phase115\subruns\phase96\phase96_real_anchor_panel_builder_manifest.json,False
116,outputs\phase116,True,7,outputs\phase116\phase116_profitability_verdict_acceptance_summary.csv,outputs\phase116\phase116_profitability_verdict_and_research_gate_manifest.json,False
117,outputs\phase117,True,6,outputs\phase117\phase117_real_anchor_acquisition_acceptance_summary.csv,outputs\phase117\phase117_real_anchor_acquisition_work_order_manifest.json,False
118,outputs\phase118,True,8,outputs\phase118\phase118_richer_passive_precommit_acceptance_summary.csv,outputs\phase118\phase118_richer_passive_hypothesis_precommit_manifest.json,False
119,outputs\phase119,True,6,outputs\phase119\phase119_richer_passive_label_builder_acceptance_summary.csv,outputs\phase119\phase119_richer_passive_label_builder_manifest.json,False
12,outputs\phase12,True,24,,outputs\phase12\event_backtest_manifest.json|outputs\phase12\execution_manifest.json,False
120,outputs\phase120,True,68,outputs\phase120\P120_LABEL_STAGE_01_MIN_BREADTH\phase119\phase119_richer_passive_label_builder_acceptance_summary.csv|outputs\phase120\P120_LABEL_STAGE_01_MIN_BREADTH\phase66\passive_label_acceptance_summary.csv|outputs\phase120\P120_LABEL_STAGE_01_MIN_BREADTH\phase68\replenishment_acceptance_summary.csv|outputs\phase120\P120_LABEL_STAGE_01_MIN_BREADTH\phase69\spread_transition_acceptance_summary.csv|outputs\phase120\P120_LABEL_STAGE_02_TRAIN_HALF\phase119\phase119_richer_passive_label_builder_acceptance_summary.csv|outputs\phase120\P120_LABEL_STAGE_02_TRAIN_HALF\phase66\passive_label_acceptance_summary.csv|outputs\phase120\P120_LABEL_STAGE_02_TRAIN_HALF\phase68\replenishment_acceptance_summary.csv|outputs\phase120\P120_LABEL_STAGE_02_TRAIN_HALF\phase69\spread_transition_acceptance_summary.csv|outputs\phase120\phase120_passive_label_coverage_acceptance_summary.csv,outputs\phase120\P120_LABEL_STAGE_01_MIN_BREADTH\phase119\phase119_richer_passive_label_builder_manifest.json|outputs\phase120\P120_LABEL_STAGE_01_MIN_BREADTH\phase66\phase66_passive_adverse_selection_labels_manifest.json|outputs\phase120\P120_LABEL_STAGE_01_MIN_BREADTH\phase68\phase68_replenishment_after_touch_labels_manifest.json|outputs\phase120\P120_LABEL_STAGE_01_MIN_BREADTH\phase69\phase69_spread_transition_labels_manifest.json|outputs\phase120\P120_LABEL_STAGE_02_TRAIN_HALF\phase119\phase119_richer_passive_label_builder_manifest.json|outputs\phase120\P120_LABEL_STAGE_02_TRAIN_HALF\phase66\phase66_passive_adverse_selection_labels_manifest.json|outputs\phase120\P120_LABEL_STAGE_02_TRAIN_HALF\phase68\phase68_replenishment_after_touch_labels_manifest.json|outputs\phase120\P120_LABEL_STAGE_02_TRAIN_HALF\phase69\phase69_spread_transition_labels_manifest.json|outputs\phase120\phase120_passive_label_coverage_expansion_plan_manifest.json,False
121,outputs\phase121,True,7,outputs\phase121\phase121_passive_branch_retirement_acceptance_summary.csv,outputs\phase121\phase121_passive_branch_retirement_gate_manifest.json,False
122,outputs\phase122,True,8,outputs\phase122\phase122_non_trading_filter_acceptance_summary.csv,outputs\phase122\phase122_non_trading_forecast_filter_precommit_manifest.json,False
123,outputs\phase123,True,7,outputs\phase123\phase123_filter_label_matrix_acceptance_summary.csv,outputs\phase123\phase123_filter_label_matrix_builder_manifest.json,False
124,outputs\phase124,True,6,outputs\phase124\phase124_filter_baseline_acceptance_summary.csv,outputs\phase124\phase124_non_trading_filter_baselines_manifest.json,False
125,outputs\phase125,True,8,outputs\phase125\phase125_filter_integration_acceptance_summary.csv,outputs\phase125\phase125_filter_integration_contract_manifest.json,False
126,outputs\phase126,True,8,outputs\phase126\phase126_candidate_generation_permission_acceptance_summary.csv,outputs\phase126\phase126_candidate_generation_permission_ledger_manifest.json,False
127,outputs\phase127,True,8,outputs\phase127\phase127_allowed_universe_acceptance_summary.csv,outputs\phase127\phase127_allowed_universe_precommit_queue_manifest.json,False
128,outputs\phase128,True,8,outputs\phase128\phase128_next_label_design_acceptance_summary.csv,outputs\phase128\phase128_next_label_design_spec_manifest.json,False
129,outputs\phase129,True,9,outputs\phase129\phase129_allowed_context_label_matrix_acceptance_summary.csv,outputs\phase129\phase129_allowed_context_label_matrix_manifest.json,False
12,outputs\phase12_order_lifecycle,True,6,,outputs\phase12_order_lifecycle\order_lifecycle_risk_manifest.json,False
13,outputs\phase13,True,22,,outputs\phase13\experiment_design_manifest.json|outputs\phase13\experiment_run_manifest.json,False
130,outputs\phase130,True,9,outputs\phase130\phase130_no_replay_diagnostic_baselines_acceptance_summary.csv,outputs\phase130\phase130_no_replay_diagnostic_baselines_manifest.json,False
131,outputs\phase131,True,9,outputs\phase131\phase131_deep_book_feature_precommit_acceptance_summary.csv,outputs\phase131\phase131_precommit_manifest.json,False
132,outputs\phase132,True,11,outputs\phase132\phase132_deep_book_feature_diagnostics_acceptance_summary.csv,outputs\phase132\phase132_deep_book_feature_diagnostics_manifest.json,False
133,outputs\phase133,True,11,outputs\phase133\phase133_passive_execution_model_upgrade_acceptance_summary.csv,outputs\phase133\phase133_passive_execution_model_upgrade_manifest.json,False
136,outputs\phase136,True,6,outputs\phase136\phase136_deep_book_verdict_acceptance_summary.csv,outputs\phase136\phase136_deep_book_verdict_manifest.json,False
137,outputs\phase137,True,7,outputs\phase137\phase137_post_phase132_real_anchor_restart_acceptance_summary.csv,outputs\phase137\phase137_post_phase132_real_anchor_restart_manifest.json,False
138,outputs\phase138,True,0,,,False
139,outputs\phase139_smoke,True,0,,,True
14,outputs\phase14,True,14,,outputs\phase14\quality_validation_manifest.json,False
142,outputs\phase142,True,6,outputs\phase142\phase142_local_real_l2_download_verifier_acceptance_summary.csv,outputs\phase142\phase142_local_real_l2_download_verifier_manifest.json,False
143,outputs\phase143,True,5,outputs\phase143\phase143_real_l2_two_date_preflight_acceptance_summary.csv,outputs\phase143\phase143_real_l2_two_date_preflight_manifest.json,False
145,outputs\phase145,True,4,outputs\phase145\phase145_real_l2_post_download_refresh_acceptance_summary.csv,outputs\phase145\phase145_real_l2_post_download_refresh_manifest.json,False
146,outputs\phase146,True,5,outputs\phase146\phase146_real_anchor_minimum_unlock_audit_acceptance_summary.csv,outputs\phase146\phase146_real_anchor_minimum_unlock_audit_manifest.json,False
147,outputs\phase147,True,6,outputs\phase147\phase147_azcopy_download_intake_audit_acceptance_summary.csv,outputs\phase147\phase147_azcopy_download_intake_audit_manifest.json,False
148,outputs\phase148,True,4,outputs\phase148\phase148_real_l2_download_refresh_workflow_acceptance_summary.csv,outputs\phase148\phase148_real_l2_download_refresh_workflow_manifest.json,False
149,outputs\phase149,True,8,outputs\phase149\phase149_research_state_auditor_acceptance_summary.csv,outputs\phase149\phase149_research_state_auditor_manifest.json,False
15,outputs\phase15,True,6,outputs\phase15\strategy_acceptance_summary.csv,outputs\phase15\acceptance_gates_manifest.json,False
150,outputs\phase150,True,10,outputs\phase150\phase150_real_l2_duckdb_catalog_acceptance_summary.csv,outputs\phase150\phase150_real_l2_duckdb_catalog_manifest.json,False
151,outputs\phase151,True,6,outputs\phase151\phase151_real_l2_duckdb_query_benchmark_acceptance_summary.csv,outputs\phase151\phase151_real_l2_duckdb_query_benchmark_manifest.json,False
152,outputs\phase152,True,6,outputs\phase152\phase152_real_l2_microstructure_profile_acceptance_summary.csv,outputs\phase152\phase152_real_l2_microstructure_profile_manifest.json,False
153,outputs\phase153,True,6,outputs\phase153\phase153_real_synthetic_microstructure_gap_audit_acceptance_summary.csv,outputs\phase153\phase153_real_synthetic_microstructure_gap_audit_manifest.json,False
154,outputs\phase154,True,9,outputs\phase154\phase154_full_partition_real_cadence_anchor_acceptance_summary.csv,outputs\phase154\phase154_full_partition_real_cadence_anchor_manifest.json,False
154,outputs\phase154_smoke,True,9,outputs\phase154_smoke\phase154_full_partition_real_cadence_anchor_acceptance_summary.csv,outputs\phase154_smoke\phase154_full_partition_real_cadence_anchor_manifest.json,True
155,outputs\phase155,True,5,outputs\phase155\phase155_full_partition_cadence_calibration_acceptance_summary.csv,outputs\phase155\phase155_full_partition_cadence_calibration_contract_manifest.json,False
156,outputs\phase156,True,6,outputs\phase156\phase156_symbol_aware_tail_cadence_smoke_acceptance_summary.csv,outputs\phase156\phase156_symbol_aware_tail_cadence_smoke_manifest.json,False
157,outputs\phase157,True,5,outputs\phase157\phase157_full_partition_cadence_rewire_acceptance_summary.csv,outputs\phase157\phase157_full_partition_cadence_rewire_audit_manifest.json,False
158,outputs\phase158,True,6,outputs\phase158\phase158_phase106_style_full_realism_acceptance_summary.csv,outputs\phase158\phase158_phase106_style_full_realism_audit_manifest.json,False
159,outputs\phase159,True,9,outputs\phase159\phase159_distributional_cadence_acceptance_summary.csv,outputs\phase159\phase159_distributional_cadence_smoke_manifest.json,False
16,outputs\phase16,True,23,,outputs\phase16\metrics_reporting_manifest.json,False
160,outputs\phase160,True,8,outputs\phase160\phase160_phase159_noncadence_realism_acceptance_summary.csv,outputs\phase160\phase160_phase159_noncadence_realism_audit_manifest.json,False
161,outputs\phase161,True,5,outputs\phase161\phase161_combined_realism_handoff_acceptance_summary.csv,outputs\phase161\phase161_combined_realism_handoff_gate_manifest.json,False
162,outputs\phase162,True,11,outputs\phase162\phase162_full_year_materialization_acceptance_summary.csv,outputs\phase162\phase162_phase159_full_year_materialization_audit_manifest.json,False
162,outputs\phase162_smoke,True,11,outputs\phase162_smoke\phase162_full_year_materialization_acceptance_summary.csv,outputs\phase162_smoke\phase162_phase159_full_year_materialization_audit_manifest.json,True
163,outputs\phase163,True,8,outputs\phase163\phase163_synthetic_only_replay_preflight_acceptance_summary.csv,outputs\phase163\phase163_synthetic_only_replay_preflight_manifest.json,False
164,outputs\phase164,True,8,outputs\phase164\phase164_synthetic_only_full_year_replay_acceptance_summary.csv,outputs\phase164\phase164_synthetic_only_full_year_replay_manifest.json,False
164,outputs\phase164_smoke,True,8,outputs\phase164_smoke\phase164_synthetic_only_full_year_replay_acceptance_summary.csv,outputs\phase164_smoke\phase164_synthetic_only_full_year_replay_manifest.json,True
165,outputs\phase165,True,6,outputs\phase165\phase165_full_year_replay_verdict_acceptance_summary.csv,outputs\phase165\phase165_phase164_full_year_replay_verdict_manifest.json,False
166,outputs\phase166,True,5,outputs\phase166\phase166_cross_symbol_cache_acceptance_summary.csv,outputs\phase166\phase166_cross_symbol_lead_lag_cache_manifest.json,False
166,outputs\phase166_smoke,True,5,outputs\phase166_smoke\phase166_cross_symbol_cache_acceptance_summary.csv,outputs\phase166_smoke\phase166_cross_symbol_lead_lag_cache_manifest.json,True
167,outputs\phase167,True,11,outputs\phase167\phase167_s08_replay_acceptance_summary.csv,outputs\phase167\phase167_s08_cross_symbol_replay_manifest.json,False
167,outputs\phase167_smoke,True,11,outputs\phase167_smoke\phase167_s08_replay_acceptance_summary.csv,outputs\phase167_smoke\phase167_s08_cross_symbol_replay_manifest.json,True
168,outputs\phase168,True,6,outputs\phase168\phase168_s08_closure_acceptance_summary.csv,outputs\phase168\phase168_s08_closure_manifest.json,False
169,outputs\phase169,True,8,outputs\phase169\phase169_post_s08_research_queue_acceptance_summary.csv,outputs\phase169\phase169_post_s08_research_queue_manifest.json,False
17,outputs\phase17,True,5,,outputs\phase17\work_packages_manifest.json,False
170,outputs\phase170,True,8,outputs\phase170\phase170_filter_conditioned_feasibility_acceptance_summary.csv,outputs\phase170\phase170_filter_conditioned_feasibility_matrix_manifest.json,False
171,outputs\phase171,True,7,outputs\phase171\phase171_external_orderflow_source_acceptance_summary.csv,outputs\phase171\phase171_external_orderflow_source_contract_manifest.json,False
172,outputs\phase172,True,7,outputs\phase172\phase172_real_l2_receive_flow_availability_acceptance_summary.csv,outputs\phase172\phase172_real_l2_receive_flow_availability_audit_manifest.json,False
173,outputs\phase173,True,5,outputs\phase173\phase173_real_l2_download_credential_preflight_acceptance_summary.csv,outputs\phase173\phase173_real_l2_download_credential_preflight_manifest.json,False
174,outputs\phase174,True,4,outputs\phase174\phase174_secure_real_l2_download_orchestrator_acceptance_summary.csv,outputs\phase174\phase174_secure_real_l2_download_orchestrator_manifest.json,False
175,outputs\phase175,True,7,outputs\phase175\phase175_receive_flow_feature_schema_precommit_acceptance_summary.csv,outputs\phase175\phase175_receive_flow_feature_schema_precommit_manifest.json,False
176,outputs\phase176,True,7,outputs\phase176\phase176_receive_flow_feature_materializer_acceptance_summary.csv,outputs\phase176\phase176_receive_flow_feature_materializer_manifest.json,False
177,outputs\phase177,True,7,outputs\phase177\phase177_receive_flow_feature_quality_audit_acceptance_summary.csv,outputs\phase177\phase177_receive_flow_feature_quality_audit_manifest.json,False
178,outputs\phase178,True,7,outputs\phase178\phase178_receive_flow_feature_handoff_precommit_acceptance_summary.csv,outputs\phase178\phase178_receive_flow_feature_handoff_precommit_manifest.json,False
179,outputs\phase179,True,6,outputs\phase179\phase179_strategy_family_precommit_acceptance_summary.csv,outputs\phase179\phase179_strategy_family_precommit_manifest.json,False
18,outputs\phase18,True,4,,outputs\phase18\technology_stack_manifest.json,False
180,outputs\phase180,True,7,outputs\phase180\phase180_cost_latency_label_precommit_acceptance_summary.csv,outputs\phase180\phase180_cost_latency_label_precommit_manifest.json,False
181,outputs\phase181,True,6,outputs\phase181\phase181_label_materialization_acceptance_summary.csv,outputs\phase181\phase181_label_materialization_manifest.json,False
182,outputs\phase182,True,6,outputs\phase182\phase182_label_quality_leakage_audit_acceptance_summary.csv,outputs\phase182\phase182_label_quality_leakage_audit_manifest.json,False
183,outputs\phase183,True,7,outputs\phase183\phase183_replay_readiness_precommit_acceptance_summary.csv,outputs\phase183\phase183_replay_readiness_precommit_manifest.json,False
184,outputs\phase184,True,9,outputs\phase184\phase184_train_validation_replay_dry_run_acceptance_summary.csv,outputs\phase184\phase184_train_validation_replay_dry_run_manifest.json,False
185,outputs\phase185,True,7,outputs\phase185\phase185_validation_replay_interpretation_acceptance_summary.csv,outputs\phase185\phase185_validation_replay_interpretation_manifest.json,False
186,outputs\phase186,True,7,outputs\phase186\phase186_cost_aware_family_closure_acceptance_summary.csv,outputs\phase186\phase186_cost_aware_family_closure_manifest.json,False
187,outputs\phase187,True,9,outputs\phase187\phase187_cost_aware_sparse_candidate_acceptance_summary.csv,outputs\phase187\phase187_cost_aware_sparse_candidate_manifest.json,False
188,outputs\phase188,True,8,outputs\phase188\phase188_sparse_candidate_interpretation_acceptance_summary.csv,outputs\phase188\phase188_sparse_candidate_interpretation_manifest.json,False
189,outputs\phase189,True,7,outputs\phase189\phase189_test_replay_precommit_decision_acceptance_summary.csv,outputs\phase189\phase189_test_replay_precommit_decision_manifest.json,False
19,outputs\phase19,True,83,,outputs\phase19\normalized_manifest_overlay_manifest.json|outputs\phase19\normalized_manifests\dashboard.normalized_manifest.json|outputs\phase19\normalized_manifests\duckdb.normalized_manifest.json|outputs\phase19\normalized_manifests\horizon_readiness.normalized_manifest.json|outputs\phase19\normalized_manifests\phase1.normalized_manifest.json|outputs\phase19\normalized_manifests\phase10.normalized_manifest.json|outputs\phase19\normalized_manifests\phase11.normalized_manifest.json|outputs\phase19\normalized_manifests\phase11_strategy_modules.normalized_manifest.json|outputs\phase19\normalized_manifests\phase12.normalized_manifest.json|outputs\phase19\normalized_manifests\phase12_event_backtest.normalized_manifest.json|outputs\phase19\normalized_manifests\phase13.normalized_manifest.json|outputs\phase19\normalized_manifests\phase13_smoke_run.normalized_manifest.json|outputs\phase19\normalized_manifests\phase14.normalized_manifest.json|outputs\phase19\normalized_manifests\phase15.normalized_manifest.json|outputs\phase19\normalized_manifests\phase16.normalized_manifest.json|outputs\phase19\normalized_manifests\phase17.normalized_manifest.json|outputs\phase19\normalized_manifests\phase18.normalized_manifest.json|outputs\phase19\normalized_manifests\phase1_event_reconstruction.normalized_manifest.json|outputs\phase19\normalized_manifests\phase2.normalized_manifest.json|outputs\phase19\normalized_manifests\phase20.normalized_manifest.json|outputs\phase19\normalized_manifests\phase20_m01.normalized_manifest.json|outputs\phase19\normalized_manifests\phase20_m02.normalized_manifest.json|outputs\phase19\normalized_manifests\phase20_m03.normalized_manifest.json|outputs\phase19\normalized_manifests\phase20_m04.normalized_manifest.json|outputs\phase19\normalized_manifests\phase20_m05.normalized_manifest.json|outputs\phase19\normalized_manifests\phase20_m06.normalized_manifest.json|outputs\phase19\normalized_manifests\phase20_m07.normalized_manifest.json|outputs\phase19\normalized_manifests\phase21.normalized_manifest.json|outputs\phase19\normalized_manifests\phase22.normalized_manifest.json|outputs\phase19\normalized_manifests\phase23.normalized_manifest.json|outputs\phase19\normalized_manifests\phase25.normalized_manifest.json|outputs\phase19\normalized_manifests\phase26.normalized_manifest.json|outputs\phase19\normalized_manifests\phase27.normalized_manifest.json|outputs\phase19\normalized_manifests\phase28.normalized_manifest.json|outputs\phase19\normalized_manifests\phase29.normalized_manifest.json|outputs\phase19\normalized_manifests\phase3.normalized_manifest.json|outputs\phase19\normalized_manifests\phase30.normalized_manifest.json|outputs\phase19\normalized_manifests\phase31.normalized_manifest.json|outputs\phase19\normalized_manifests\phase32.normalized_manifest.json|outputs\phase19\normalized_manifests\phase33.normalized_manifest.json|outputs\phase19\normalized_manifests\phase34.normalized_manifest.json|outputs\phase19\normalized_manifests\phase35.normalized_manifest.json|outputs\phase19\normalized_manifests\phase36.normalized_manifest.json|outputs\phase19\normalized_manifests\phase37.normalized_manifest.json|outputs\phase19\normalized_manifests\phase38.normalized_manifest.json|outputs\phase19\normalized_manifests\phase39.normalized_manifest.json|outputs\phase19\normalized_manifests\phase4.normalized_manifest.json|outputs\phase19\normalized_manifests\phase41.normalized_manifest.json|outputs\phase19\normalized_manifests\phase42.normalized_manifest.json|outputs\phase19\normalized_manifests\phase43.normalized_manifest.json|outputs\phase19\normalized_manifests\phase44.normalized_manifest.json|outputs\phase19\normalized_manifests\phase45.normalized_manifest.json|outputs\phase19\normalized_manifests\phase46.normalized_manifest.json|outputs\phase19\normalized_manifests\phase47.normalized_manifest.json|outputs\phase19\normalized_manifests\phase48.normalized_manifest.json|outputs\phase19\normalized_manifests\phase49.normalized_manifest.json|outputs\phase19\normalized_manifests\phase5.normalized_manifest.json|outputs\phase19\normalized_manifests\phase50.normalized_manifest.json|outputs\phase19\normalized_manifests\phase51.normalized_manifest.json|outputs\phase19\normalized_manifests\phase6.normalized_manifest.json|outputs\phase19\normalized_manifests\phase7.normalized_manifest.json|outputs\phase19\normalized_manifests\phase8.normalized_manifest.json|outputs\phase19\normalized_manifests\phase9.normalized_manifest.json|outputs\phase19\normalized_manifests\stage_a1.normalized_manifest.json|outputs\phase19\normalized_manifests\stage_a2.normalized_manifest.json|outputs\phase19\normalized_manifests\stage_b1.normalized_manifest.json|outputs\phase19\normalized_manifests\stage_b2.normalized_manifest.json|outputs\phase19\normalized_manifests\stage_c.normalized_manifest.json|outputs\phase19\normalized_manifests\stage_d.normalized_manifest.json|outputs\phase19\normalized_manifests\stage_e.normalized_manifest.json|outputs\phase19\reproducibility_manifest.json,False
190,outputs\phase190,True,8,outputs\phase190\phase190_validation_breadth_or_diagnostic_test_spec_acceptance_summary.csv,outputs\phase190\phase190_validation_breadth_or_diagnostic_test_spec_manifest.json,False
191,outputs\phase191,True,8,outputs\phase191\phase191_diagnostic_test_replay_precommit_acceptance_summary.csv,outputs\phase191\phase191_diagnostic_test_replay_precommit_manifest.json,False
192,outputs\phase192,True,6,outputs\phase192\phase192_real_validation_date_download_acceptance_summary.csv,outputs\phase192\phase192_real_validation_date_download_manifest.json,False
193,outputs\phase193,True,9,outputs\phase193\phase193_validation_breadth_extension_acceptance_summary.csv,outputs\phase193\phase193_validation_breadth_extension_manifest.json,False
194,outputs\phase194,True,6,outputs\phase194\phase194_sparse_candidate_fragility_acceptance_summary.csv,outputs\phase194\phase194_sparse_candidate_fragility_manifest.json,False
195,outputs\phase195,True,12,outputs\phase195\phase195_receive_flow_redesign_candidate_acceptance_summary.csv,outputs\phase195\phase195_receive_flow_redesign_candidate_manifest.json,False
196,outputs\phase196,True,13,outputs\phase196\phase196_expanded_feature_model_acceptance_summary.csv,outputs\phase196\phase196_expanded_feature_model_manifest.json,False
197,outputs\phase197,True,8,outputs\phase197\phase197_non_receive_flow_feature_acceptance_summary.csv,outputs\phase197\phase197_non_receive_flow_feature_manifest.json,False
198,outputs\phase198,True,13,outputs\phase198\phase198_context_model_acceptance_summary.csv,outputs\phase198\phase198_context_model_manifest.json,False
199,outputs\phase199,True,8,outputs\phase199\phase199_branch_decision_acceptance_summary.csv,outputs\phase199\phase199_branch_decision_manifest.json,False
2,outputs\phase2,True,9,,outputs\phase2\calibration_manifest.json,False
20,outputs\phase20,True,17,,outputs\phase20\acceptance_hardening_manifest.json,False
200,outputs\phase200,True,8,outputs\phase200\phase200_material_new_hypothesis_acceptance_summary.csv,outputs\phase200\phase200_material_new_hypothesis_manifest.json,False
201,outputs\phase201,True,7,outputs\phase201\phase201_stage01_acceptance_summary.csv,outputs\phase201\phase201_stage01_manifest.json,False
202,outputs\phase202,True,8,outputs\phase202\phase202_passive_feature_redesign_acceptance_summary.csv,outputs\phase202\phase202_passive_feature_redesign_manifest.json,False
203,outputs\phase203,True,8,outputs\phase203\phase203_redesigned_passive_label_acceptance_summary.csv,outputs\phase203\phase203_redesigned_passive_label_manifest.json,False
204,outputs\phase204,True,8,outputs\phase204\phase204_passive_redesign_closure_acceptance_summary.csv,outputs\phase204\phase204_passive_redesign_closure_manifest.json,False
205,outputs\phase205,True,8,outputs\phase205\phase205_material_new_source_acceptance_summary.csv,outputs\phase205\phase205_material_new_source_manifest.json,False
206,outputs\phase206,True,9,outputs\phase206\phase206_nonoverlap_feature_acceptance_summary.csv,outputs\phase206\phase206_nonoverlap_feature_manifest.json,False
207,outputs\phase207,True,7,outputs\phase207\phase207_feature_matrix_acceptance_summary.csv,outputs\phase207\phase207_feature_matrix_manifest.json,False
208,outputs\phase208,True,6,outputs\phase208\phase208_feature_matrix_quality_acceptance_summary.csv,outputs\phase208\phase208_feature_matrix_quality_manifest.json,False
209,outputs\phase209,True,9,outputs\phase209\phase209_model_fit_precommit_acceptance_summary.csv,outputs\phase209\phase209_model_fit_precommit_manifest.json,False
20,outputs\phase20_m01,True,7,,outputs\phase20_m01\broker_evidence_contract_manifest.json,False
20,outputs\phase20_m02,True,6,,outputs\phase20_m02\strategy_support_contract_manifest.json,False
20,outputs\phase20_m03,True,6,,outputs\phase20_m03\predictive_validation_contract_manifest.json,False
20,outputs\phase20_m04,True,6,,outputs\phase20_m04\robustness_execution_contract_manifest.json,False
20,outputs\phase20_m05,True,6,,outputs\phase20_m05\lifecycle_economic_replay_contract_manifest.json,False
20,outputs\phase20_m06,True,6,,outputs\phase20_m06\realism_rerun_contract_manifest.json,False
20,outputs\phase20_m07,True,6,,outputs\phase20_m07\real_multiday_acceptance_contract_manifest.json,False
21,outputs\phase21,True,5,,outputs\phase21\phase21_decision_framework_manifest.json,False
210,outputs\phase210,True,9,outputs\phase210\phase210_train_validation_model_fit_acceptance_summary.csv,outputs\phase210\phase210_train_validation_model_fit_manifest.json,False
211,outputs\phase211,True,8,outputs\phase211\phase211_model_fit_validation_interpretation_acceptance_summary.csv,outputs\phase211\phase211_model_fit_validation_interpretation_manifest.json,False
212,outputs\phase212,True,9,outputs\phase212\phase212_model_family_closure_acceptance_summary.csv,outputs\phase212\phase212_model_family_closure_manifest.json,False
213,outputs\phase213,True,10,outputs\phase213\phase213_material_new_source_acceptance_summary.csv,outputs\phase213\phase213_material_new_source_manifest.json,False
214,outputs\phase214,True,10,outputs\phase214\phase214_event_surprise_label_acceptance_summary.csv,outputs\phase214\phase214_event_surprise_label_materialization_manifest.json,False
215,outputs\phase215,True,9,outputs\phase215\phase215_label_quality_interpretation_acceptance_summary.csv,outputs\phase215\phase215_label_quality_interpretation_manifest.json,False
216,outputs\phase216,True,10,outputs\phase216\phase216_event_only_target_acceptance_summary.csv,outputs\phase216\phase216_event_only_target_precommit_manifest.json,False
217,outputs\phase217,True,10,outputs\phase217\phase217_design_matrix_acceptance_summary.csv,outputs\phase217\phase217_design_matrix_precommit_manifest.json,False
218,outputs\phase218,True,11,outputs\phase218\phase218_model_fit_precommit_acceptance_summary.csv,outputs\phase218\phase218_model_fit_precommit_manifest.json,False
219,outputs\phase219,True,9,outputs\phase219\phase219_model_fit_acceptance_summary.csv,outputs\phase219\phase219_model_fit_manifest.json,False
22,outputs\phase22,True,6,,outputs\phase22\phase22_real_data_integration_manifest.json,False
220,outputs\phase220,True,8,outputs\phase220\phase220_validation_interpretation_acceptance_summary.csv,outputs\phase220\phase220_validation_interpretation_manifest.json,False
221,outputs\phase221,True,10,outputs\phase221\phase221_signal_replay_precommit_acceptance_summary.csv,outputs\phase221\phase221_signal_replay_precommit_manifest.json,False
222,outputs\phase222,True,10,outputs\phase222\phase222_signal_replay_acceptance_summary.csv,outputs\phase222\phase222_signal_replay_manifest.json,False
223,outputs\phase223,True,9,outputs\phase223\phase223_validation_interpretation_acceptance_summary.csv,outputs\phase223\phase223_validation_interpretation_manifest.json,False
224,outputs\phase224,True,9,outputs\phase224\phase224_closure_or_redesign_acceptance_summary.csv,outputs\phase224\phase224_closure_or_redesign_manifest.json,False
225,outputs\phase225,True,9,outputs\phase225\phase225_redesign_precommit_acceptance_summary.csv,outputs\phase225\phase225_redesign_precommit_manifest.json,False
226,outputs\phase226,True,11,outputs\phase226\phase226_label_materialization_acceptance_summary.csv,outputs\phase226\phase226_label_materialization_manifest.json,False
227,outputs\phase227,True,9,outputs\phase227\phase227_quality_interpretation_acceptance_summary.csv,outputs\phase227\phase227_quality_interpretation_manifest.json,False
228,outputs\phase228,True,9,outputs\phase228\phase228_closure_or_relaxation_acceptance_summary.csv,outputs\phase228\phase228_closure_or_relaxation_manifest.json,False
229,outputs\phase229,True,7,outputs\phase229\phase229_strategy_search_acceptance_summary.csv,outputs\phase229\phase229_multi_strategy_profitability_search_manifest.json,False
23,outputs\phase23,True,6,,outputs\phase23\phase23_key_risk_register_manifest.json,False
230,outputs\phase230,True,7,outputs\phase230\phase230_strategy_search_acceptance_summary.csv,outputs\phase230\phase230_low_turnover_high_edge_strategy_search_manifest.json,False
231,outputs\phase231,True,8,outputs\phase231\phase231_acceptance_summary.csv,outputs\phase231\phase231_material_new_strategy_forms_manifest.json,False
232,outputs\phase232,True,8,outputs\phase232\phase232_acceptance_summary.csv,outputs\phase232\phase232_validate_phase231_candidates_manifest.json,False
233,outputs\phase233,True,9,outputs\phase233\phase233_acceptance_summary.csv,outputs\phase233\phase233_fragility_realism_validation_manifest.json,False
234,outputs\phase234,True,9,outputs\phase234\phase234_acceptance_summary.csv,outputs\phase234\phase234_holdout_preparation_manifest.json,False
235,outputs\phase235,True,11,outputs\phase235\phase235_acceptance_summary.csv,outputs\phase235\phase235_real_anchor_microprice_replay_manifest.json,False
236,outputs\phase236,True,6,outputs\phase236\phase236_acceptance_summary.csv,outputs\phase236\phase236_real_anchor_neighbor_search_manifest.json,False
237,outputs\phase237,True,8,outputs\phase237\phase237_acceptance_summary.csv,outputs\phase237\phase237_threshold_transfer_search_manifest.json,False
238,outputs\phase238,True,8,outputs\phase238\phase238_acceptance_summary.csv,outputs\phase238\phase238_validation_precommit_manifest.json,False
239,outputs\phase239,True,8,outputs\phase239\phase239_acceptance_summary.csv,outputs\phase239\phase239_unseen_date_acquisition_manifest.json,False
240,outputs\phase240,True,20,outputs\phase240\date_2026-07-17\phase240_acceptance_summary.csv|outputs\phase240\phase240_acceptance_summary.csv,outputs\phase240\date_2026-07-17\phase240_unseen_l2_download_manifest.json|outputs\phase240\phase240_unseen_l2_download_manifest.json,False
241,outputs\phase241,True,11,outputs\phase241\phase241_acceptance_summary.csv,outputs\phase241\phase241_one_date_unseen_real_l2_diagnostic_manifest.json,False
242,outputs\phase242,True,7,outputs\phase242\phase242_acceptance_summary.csv,outputs\phase242\phase242_closure_or_redesign_manifest.json,False
243,outputs\phase243,True,9,outputs\phase243\phase243_acceptance_summary.csv,outputs\phase243\phase243_cost_stress_first_redesign_manifest.json,False
244,outputs\phase244,True,7,outputs\phase244\phase244_acceptance_summary.csv,outputs\phase244\phase244_future_holdout_precommit_manifest.json,False
245,outputs\phase245,True,7,outputs\phase245\phase245_acceptance_summary.csv,outputs\phase245\phase245_storage_decision_audit_manifest.json,False
246,outputs\phase246,True,22,outputs\phase246\download_2026-07-20\phase240_acceptance_summary.csv|outputs\phase246\phase246_acceptance_summary.csv,outputs\phase246\download_2026-07-20\phase240_unseen_l2_download_manifest.json|outputs\phase246\phase246_fresh_one_date_holdout_diagnostic_manifest.json,False
247,outputs\phase247,True,8,outputs\phase247\phase247_acceptance_summary.csv,outputs\phase247\phase247_l2_imbalance_regime_filter_redesign_precommit_manifest.json,False
248,outputs\phase248,True,9,outputs\phase248\phase248_acceptance_summary.csv,outputs\phase248\phase248_l2_imbalance_regime_filtered_redesign_search_manifest.json,False
249,outputs\phase249,True,8,outputs\phase249\phase249_acceptance_summary.csv,outputs\phase249\phase249_close_or_broaden_after_l2_filtered_no_survivor_manifest.json,False
25,outputs\phase25,True,7,,outputs\phase25\phase25_event_replay_manifest.json,False
250,outputs\phase250,True,8,outputs\phase250\phase250_acceptance_summary.csv,outputs\phase250\phase250_pair_basket_relative_value_precommit_manifest.json,False
251,outputs\phase251,True,9,outputs\phase251\phase251_acceptance_summary.csv,outputs\phase251\phase251_pair_basket_relative_value_search_manifest.json,False
252,outputs\phase252,True,10,outputs\phase252\phase252_acceptance_summary.csv,outputs\phase252\phase252_close_or_broaden_after_pair_basket_no_survivor_manifest.json,False
253,outputs\phase253,True,8,outputs\phase253\phase253_acceptance_summary.csv,outputs\phase253\phase253_richer_raw_top5_depth_feature_materialization_precommit_manifest.json,False
254,outputs\phase254,True,7,outputs\phase254\phase254_acceptance_summary.csv,outputs\phase254\phase254_richer_raw_top5_depth_event_bar_materialization_manifest.json,False
255,outputs\phase255,True,7,outputs\phase255\phase255_acceptance_summary.csv,outputs\phase255\phase255_richer_raw_depth_feature_quality_interpretation_manifest.json,False
256,outputs\phase256,True,7,outputs\phase256\phase256_acceptance_summary.csv,outputs\phase256\phase256_richer_raw_top5_depth_cost_aware_strategy_search_manifest.json,False
257,outputs\phase257,True,7,outputs\phase257\phase257_acceptance_summary.csv,outputs\phase257\phase257_richer_raw_top5_depth_strategy_search_interpretation_manifest.json,False
258,outputs\phase258,True,8,outputs\phase258\phase258_acceptance_summary.csv,outputs\phase258\phase258_passive_queue_aware_spread_capture_precommit_manifest.json,False
259,outputs\phase259,True,7,outputs\phase259\phase259_acceptance_summary.csv,outputs\phase259\phase259_passive_queue_aware_spread_capture_training_search_manifest.json,False
26,outputs\phase26,True,10,,outputs\phase26\phase26_strategy_salvage_scan_manifest.json,False
260,outputs\phase260,True,7,outputs\phase260\phase260_acceptance_summary.csv,outputs\phase260\phase260_passive_queue_aware_spread_capture_interpretation_manifest.json,False
261,outputs\phase261,True,8,outputs\phase261\phase261_acceptance_summary.csv,outputs\phase261\phase261_passive_opportunity_breadth_fill_model_repair_precommit_manifest.json,False
262,outputs\phase262,True,7,outputs\phase262\phase262_acceptance_summary.csv,outputs\phase262\phase262_passive_opportunity_breadth_fill_model_training_search_manifest.json,False
263,outputs\phase263,True,7,outputs\phase263\phase263_acceptance_summary.csv,outputs\phase263\phase263_passive_opportunity_breadth_fill_model_interpretation_manifest.json,False
264,outputs\phase264,True,9,outputs\phase264\phase264_acceptance_summary.csv,outputs\phase264\phase264_full_depth_liquidity_shock_absorption_event_precommit_manifest.json,False
265,outputs\phase265,True,7,outputs\phase265\phase265_acceptance_summary.csv,outputs\phase265\phase265_full_depth_liquidity_shock_absorption_event_training_search_manifest.json,False
266,outputs\phase266,True,7,outputs\phase266\phase266_acceptance_summary.csv,outputs\phase266\phase266_full_depth_liquidity_shock_absorption_event_interpretation_manifest.json,False
267,outputs\phase267,True,9,outputs\phase267\phase267_acceptance_summary.csv,outputs\phase267\phase267_full_depth_liquidity_shock_breadth_shuffle_robustness_repair_precommit_manifest.json,False
268,outputs\phase268,True,8,outputs\phase268\phase268_acceptance_summary.csv,outputs\phase268\phase268_full_depth_liquidity_shock_breadth_shuffle_robustness_repair_training_search_manifest.json,False
269,outputs\phase269,True,8,outputs\phase269\phase269_acceptance_summary.csv,outputs\phase269\phase269_full_depth_liquidity_shock_two_lane_training_interpretation_manifest.json,False
27,outputs\phase27,True,11,,outputs\phase27\phase27_feature_edge_scan_manifest.json,False
270,outputs\phase270,True,9,outputs\phase270\phase270_acceptance_summary.csv,outputs\phase270\phase270_fixed_capital_concurrency_and_capacity_return_precommit_manifest.json,False
271,outputs\phase271,True,8,outputs\phase271\phase271_acceptance_summary.csv,outputs\phase271\phase271_fixed_capital_concurrency_and_capacity_return_analysis_manifest.json,False
272,outputs\phase272,True,9,outputs\phase272\phase272_acceptance_summary.csv,outputs\phase272\phase272_fixed_capital_capacity_return_interpretation_manifest.json,False
273,outputs\phase273,True,7,outputs\phase273\phase273_acceptance_summary.csv,outputs\phase273\phase273_focused_capital_aware_candidate_followthrough_search_manifest.json,False
274,outputs\phase274,True,8,outputs\phase274\phase274_acceptance_summary.csv,outputs\phase274\phase274_focused_capital_followthrough_interpretation_manifest.json,False
275,outputs\phase275,True,8,outputs\phase275\phase275_acceptance_summary.csv,outputs\phase275\phase275_focused_capital_multiday_synthetic_followthrough_search_manifest.json,False
276,outputs\phase276,True,8,outputs\phase276\phase276_acceptance_summary.csv,outputs\phase276\phase276_multiday_synthetic_followthrough_interpretation_manifest.json,False
277,outputs\phase277,True,8,outputs\phase277\phase277_acceptance_summary.csv,outputs\phase277\phase277_cost_robust_full_depth_redesign_search_manifest.json,False
278,outputs\phase278,True,8,outputs\phase278\phase278_acceptance_summary.csv,outputs\phase278\phase278_cost_robust_redesign_interpretation_manifest.json,False
279,outputs\phase279,True,8,outputs\phase279\phase279_acceptance_summary.csv,outputs\phase279\phase279_material_new_target_construction_precommit_manifest.json,False
28,outputs\phase28,True,9,,outputs\phase28\phase28_richer_event_label_support_manifest.json,False
280,outputs\phase280,True,7,outputs\phase280\phase280_acceptance_summary.csv,outputs\phase280\phase280_material_new_target_construction_search_manifest.json,False
281,outputs\phase281,True,9,outputs\phase281\phase281_acceptance_summary.csv,outputs\phase281\phase281_material_target_construction_interpretation_manifest.json,False
282,outputs\phase282,True,9,outputs\phase282\phase282_acceptance_summary.csv,outputs\phase282\phase282_regime_conditioned_full_depth_ensemble_precommit_manifest.json,False
283,outputs\phase283,True,9,outputs\phase283\phase283_acceptance_summary.csv,outputs\phase283\phase283_regime_conditioned_full_depth_ensemble_search_manifest.json,False
284,outputs\phase284,True,9,outputs\phase284\phase284_acceptance_summary.csv,outputs\phase284\phase284_regime_conditioned_full_depth_ensemble_interpretation_manifest.json,False
285,outputs\phase285,True,10,outputs\phase285\phase285_acceptance_summary.csv,outputs\phase285\phase285_event_lifecycle_exit_side_redesign_precommit_manifest.json,False
286,outputs\phase286,True,8,outputs\phase286\phase286_acceptance_summary.csv,outputs\phase286\phase286_event_lifecycle_exit_side_redesign_search_manifest.json,False
287,outputs\phase287,True,9,outputs\phase287\phase287_acceptance_summary.csv,outputs\phase287\phase287_event_lifecycle_exit_side_redesign_interpretation_manifest.json,False
288,outputs\phase288,True,8,outputs\phase288\phase288_acceptance_summary.csv,outputs\phase288\phase288_full_depth_liquidity_pressure_strategy_search_manifest.json,False
289,outputs\phase289,True,9,outputs\phase289\phase289_acceptance_summary.csv,outputs\phase289\phase289_full_depth_liquidity_pressure_interpretation_manifest.json,False
29,outputs\phase29,True,8,,outputs\phase29\phase29_partial_strategy_proxy_replay_manifest.json,False
290,outputs\phase290,True,8,outputs\phase290\phase290_acceptance_summary.csv,outputs\phase290\phase290_adaptive_full_depth_liquidity_pressure_expansion_search_manifest.json,False
291,outputs\phase291,True,9,outputs\phase291\phase291_acceptance_summary.csv,outputs\phase291\phase291_adaptive_full_depth_liquidity_pressure_interpretation_manifest.json,False
292,outputs\phase292,True,8,outputs\phase292\phase292_acceptance_summary.csv,outputs\phase292\phase292_adaptive_pressure_breadth_repair_search_manifest.json,False
293,outputs\phase293,True,9,outputs\phase293\phase293_acceptance_summary.csv,outputs\phase293\phase293_adaptive_pressure_breadth_repair_interpretation_manifest.json,False
294,outputs\phase294,True,9,outputs\phase294\phase294_acceptance_summary.csv,outputs\phase294\phase294_full_depth_pressure_absorption_continuation_search_manifest.json,False
295,outputs\phase295,True,9,outputs\phase295\phase295_acceptance_summary.csv,outputs\phase295\phase295_full_depth_pressure_absorption_continuation_interpretation_manifest.json,False
296,outputs\phase296,True,9,outputs\phase296\phase296_acceptance_summary.csv,outputs\phase296\phase296_full_year_top5_depth_strategy_family_sweep_manifest.json,False
297,outputs\phase297,True,9,outputs\phase297\phase297_acceptance_summary.csv,outputs\phase297\phase297_full_year_top5_depth_strategy_family_sweep_interpretation_manifest.json,False
298,outputs\phase298,True,12,outputs\phase298\phase298_acceptance_summary.csv,outputs\phase298\phase298_raw_dense_top5_book_state_strategy_sweep_manifest.json,False
299,outputs\phase299,True,9,outputs\phase299\phase299_acceptance_summary.csv,outputs\phase299\phase299_raw_dense_top5_book_state_strategy_sweep_interpretation_manifest.json,False
3,outputs\phase3,True,6,,outputs\phase3\regime_manifest.json,False
30,outputs\phase30,True,6,,outputs\phase30\phase30_strategy_decision_triage_manifest.json,False
300,outputs\phase300,True,16,outputs\phase300\phase300_acceptance_summary.csv,outputs\phase300\phase300_passive_aware_execution_hybrid_manifest.json|outputs\phase300\phase300_passive_aware_execution_hybrid_precommit_manifest.json,False
301,outputs\phase301,True,8,outputs\phase301\phase301_acceptance_summary.csv,outputs\phase301\phase301_passive_aware_execution_hybrid_interpretation_manifest.json,False
302,outputs\phase302,True,8,outputs\phase302\phase302_acceptance_summary.csv,outputs\phase302\phase302_terminal_retail_top5_l2_alpha_thesis_report_manifest.json,False
303,outputs\phase303,True,6,outputs\phase303\phase303_acceptance_summary.csv,outputs\phase303\phase303_material_new_thesis_source_selector_manifest.json,False
304,outputs\phase304,True,8,outputs\phase304\phase304_acceptance_summary.csv,outputs\phase304\phase304_event_catalyst_source_acquisition_package_manifest.json,False
305,outputs\phase305,True,7,outputs\phase305\phase305_acceptance_summary.csv,outputs\phase305\phase305_event_catalyst_source_import_audit_manifest.json,False
306,outputs\phase306,True,6,outputs\phase306\phase306_acceptance_summary.csv,outputs\phase306\phase306_event_catalyst_top5_depth_join_precommit_manifest.json,False
307,outputs\phase307,True,7,outputs\phase307\phase307_acceptance_summary.csv,outputs\phase307\phase307_event_catalyst_top5_depth_join_materialization_manifest.json,False
308,outputs\phase308,True,6,outputs\phase308\phase308_acceptance_summary.csv,outputs\phase308\phase308_event_catalyst_join_quality_audit_manifest.json,False
309,outputs\phase309,True,6,outputs\phase309\phase309_acceptance_summary.csv,outputs\phase309\phase309_event_catalyst_feature_precommit_manifest.json,False
31,outputs\phase31,True,6,,outputs\phase31\phase31_redesign_evidence_contract_manifest.json,False
310,outputs\phase310,True,6,outputs\phase310\phase310_acceptance_summary.csv,outputs\phase310\phase310_event_catalyst_feature_materialization_manifest.json,False
311,outputs\phase311,True,9,outputs\phase311\phase311_acceptance_summary.csv,outputs\phase311\phase311_event_catalyst_strategy_search_precommit_manifest.json,False
312,outputs\phase312,True,6,outputs\phase312\phase312_acceptance_summary.csv,outputs\phase312\phase312_event_catalyst_strategy_search_training_only_manifest.json,False
313,outputs\phase313,True,7,outputs\phase313\phase313_acceptance_summary.csv,outputs\phase313\phase313_event_catalyst_strategy_search_interpretation_manifest.json,False
314,outputs\phase314,True,7,outputs\phase314\phase314_acceptance_summary.csv,outputs\phase314\phase314_event_catalyst_multievent_synthetic_breadth_precommit_manifest.json,False
315,outputs\phase315,True,8,outputs\phase315\phase315_acceptance_summary.csv,outputs\phase315\phase315_event_catalyst_multievent_synthetic_breadth_materialization_manifest.json,False
32,outputs\phase32,True,7,,outputs\phase32\phase32_contract_evidence_scanner_manifest.json,False
33,outputs\phase33,True,10,,outputs\phase33\phase33_broker_evidence_intake_manifest.json,False
34,outputs\phase34,True,6,,outputs\phase34\phase34_real_data_multiday_readiness_manifest.json,False
35,outputs\phase35,True,6,,outputs\phase35\phase35_stage_a2_computable_diagnostics_manifest.json,False
36,outputs\phase36,True,9,,outputs\phase36\phase36_collector_instrumentation_package_manifest.json,False
37,outputs\phase37,True,8,,outputs\phase37\phase37_collector_ledger_verifier_manifest.json,False
38,outputs\phase38,True,6,,outputs\phase38\phase38_class_b_promotion_gate_manifest.json,False
39,outputs\phase39,True,7,outputs\phase39\synthetic_only_acceptance_summary.csv,outputs\phase39\phase39_synthetic_only_acceptance_path_manifest.json,False
4,outputs\phase4,True,6,,outputs\phase4\scenario_manifest.json,False
41,outputs\phase41,True,6,,outputs\phase41\phase41_full_year_synthetic_tick_experiment_manifest.json,False
42,outputs\phase42,True,7,,outputs\phase42\phase42_native_full_year_l2_experiment_manifest.json,False
43,outputs\phase43,True,6,,outputs\phase43\phase43_native_full_year_cost_salvage_scan_manifest.json,False
44,outputs\phase44,True,6,,outputs\phase44\phase44_native_full_year_forward_edge_label_mining_manifest.json,False
45,outputs\phase45,True,5,,outputs\phase45\phase45_raw_tick_lake_materialization_manifest.json,False
46,outputs\phase46,True,6,,outputs\phase46\phase46_raw_tick_lake_replay_diagnostics_manifest.json,False
47,outputs\phase47,True,7,,outputs\phase47\phase47_raw_lake_duckdb_catalog_manifest.json,False
48,outputs\phase48,True,8,,outputs\phase48\phase48_raw_lake_compaction_benchmark_manifest.json,False
49,outputs\phase49,True,4,,outputs\phase49\phase49_dense_tick_rate_expansion_manifest.json,False
5,outputs\phase5,True,4,,outputs\phase5\price_process_manifest.json,False
50,outputs\phase50,True,6,,outputs\phase50\phase50_dense_lake_shard_planner_manifest.json,False
51,outputs\phase51,True,4,,outputs\phase51\phase51_full_dense_lake_materializer_manifest.json,False
51,outputs\phase51_smoke,True,4,,outputs\phase51_smoke\phase51_full_dense_lake_materializer_manifest.json,True
52,outputs\phase52,True,13,outputs\phase52\dense_replay_acceptance_summary_partial.csv,,False
52,outputs\phase52_checkpoint_smoke,True,5,outputs\phase52_checkpoint_smoke\dense_replay_acceptance_summary.csv,outputs\phase52_checkpoint_smoke\phase52_dense_lake_strategy_replay_manifest.json,True
52,outputs\phase52_smoke,True,5,outputs\phase52_smoke\dense_replay_acceptance_summary.csv,outputs\phase52_smoke\phase52_dense_lake_strategy_replay_manifest.json,True
53,outputs\phase53,True,4,,outputs\phase53\phase53_edge_diagnostics_manifest.json,False
54,outputs\phase54,True,6,outputs\phase54\selective_dense_replay_acceptance_summary.csv,outputs\phase54\phase54_selective_dense_replay_manifest.json,False
55,outputs\phase55,True,6,outputs\phase55\cost_aware_edge_acceptance_summary.csv,outputs\phase55\phase55_cost_aware_edge_mining_manifest.json,False
56,outputs\phase56,True,7,outputs\phase56\cost_clearing_acceptance_summary.csv,outputs\phase56\phase56_cost_clearing_label_discovery_manifest.json,False
57,outputs\phase57,True,6,outputs\phase57\interaction_ranker_acceptance_summary.csv,outputs\phase57\phase57_supervised_interaction_ranker_manifest.json,False
58,outputs\phase58,True,8,outputs\phase58\disjoint_candidate_acceptance_summary.csv,outputs\phase58\phase58_disjoint_candidate_replay_manifest.json,False
59,outputs\phase59,True,7,outputs\phase59\stability_acceptance_summary.csv,outputs\phase59\phase59_stability_filtered_neighborhoods_manifest.json,False
6,outputs\phase6,True,4,,outputs\phase6\l2_book_manifest.json,False
60,outputs\phase60,True,9,outputs\phase60\lower_frequency_acceptance_summary.csv,outputs\phase60\phase60_lower_frequency_meta_replay_manifest.json,False
61,outputs\phase61,True,7,outputs\phase61\wider_sweep_acceptance_summary.csv,outputs\phase61\phase61_lower_frequency_candidate_sweep_manifest.json,False
62,outputs\phase62,True,13,outputs\phase62\regime_symbol_acceptance_summary.csv,outputs\phase62\phase62_regime_symbol_diagnostics_manifest.json,False
63,outputs\phase63,True,8,outputs\phase63\kotakbank_acceptance_summary.csv,outputs\phase63\phase63_kotakbank_falsification_probe_manifest.json,False
64,outputs\phase64,True,5,outputs\phase64\strategy_family_acceptance_summary.csv,outputs\phase64\phase64_strategy_family_decision_ledger_manifest.json,False
65,outputs\phase65,True,7,outputs\phase65\passive_acceptance_summary.csv,outputs\phase65\phase65_passive_queue_sensitivity_manifest.json,False
66,outputs\phase66,True,8,outputs\phase66\passive_label_acceptance_summary.csv,outputs\phase66\phase66_passive_adverse_selection_labels_manifest.json,False
67,outputs\phase67,True,5,outputs\phase67\feature_design_acceptance_summary.csv,outputs\phase67\phase67_feature_design_budget_gate_manifest.json,False
68,outputs\phase68,True,8,outputs\phase68\replenishment_acceptance_summary.csv,outputs\phase68\phase68_replenishment_after_touch_labels_manifest.json,False
69,outputs\phase69,True,8,outputs\phase69\spread_transition_acceptance_summary.csv,outputs\phase69\phase69_spread_transition_labels_manifest.json,False
7,outputs\phase7,True,6,,outputs\phase7\shock_library_manifest.json,False
70,outputs\phase70,True,8,outputs\phase70\lead_lag_acceptance_summary.csv,outputs\phase70\phase70_cross_symbol_lead_lag_labels_manifest.json,False
71,outputs\phase71,True,7,outputs\phase71\shock_acceptance_summary.csv,outputs\phase71\phase71_shock_resilience_labels_manifest.json,False
72,outputs\phase72,True,6,outputs\phase72\research_audit_acceptance_summary.csv,outputs\phase72\phase72_research_audit_generator_assumptions_manifest.json,False
73,outputs\phase73,True,8,outputs\phase73\timestamp_alignment_shock_panel_acceptance_summary.csv,outputs\phase73\phase73_timestamp_alignment_shock_panel_audit_manifest.json,False
74,outputs\phase74,True,5,outputs\phase74\remediation_acceptance_summary.csv,outputs\phase74\phase74_generator_alignment_remediation_plan_manifest.json,False
75,outputs\phase75,True,8,outputs\phase75\timestamp_contract_matrix_acceptance_summary.csv,outputs\phase75\phase75_timestamp_contract_matrix_validator_manifest.json,False
76,outputs\phase76,True,7,outputs\phase76\common_overlap_acceptance_summary.csv,outputs\phase76\phase76_common_overlap_matrix_validator_manifest.json,False
77,outputs\phase77,True,8,outputs\phase77\disjoint_month_acceptance_summary.csv,outputs\phase77\phase77_hdfcbank_disjoint_month_retest_manifest.json,False
77,outputs\phase77_smoke,True,8,outputs\phase77_smoke\disjoint_month_acceptance_summary.csv,outputs\phase77_smoke\phase77_hdfcbank_disjoint_month_retest_manifest.json,True
78,outputs\phase78,True,5,outputs\phase78\post_falsification_acceptance_summary.csv,outputs\phase78\phase78_post_falsification_research_gate_manifest.json,False
79,outputs\phase79,True,9,outputs\phase79\generator_scenario_diversity_acceptance_summary.csv,outputs\phase79\phase79_generator_scenario_diversity_audit_manifest.json,False
79,outputs\phase79_smoke,True,9,outputs\phase79_smoke\generator_scenario_diversity_acceptance_summary.csv,outputs\phase79_smoke\phase79_generator_scenario_diversity_audit_manifest.json,True
8,outputs\phase8,True,5,,outputs\phase8\retail_feed_manifest.json,False
80,outputs\phase80,True,7,outputs\phase80\dense_sampling_recalibration_acceptance_summary.csv,outputs\phase80\phase80_dense_sampling_recalibration_contract_manifest.json,False
81,outputs\phase81,True,7,outputs\phase81\stratified_dense_window_acceptance_summary.csv,outputs\phase81\phase81_stratified_dense_window_reader_manifest.json,False
82,outputs\phase82,True,6,outputs\phase82\stratified_hdfcbank_acceptance_summary.csv,outputs\phase82\phase82_stratified_hdfcbank_retest_manifest.json,False
82,outputs\phase82_smoke,True,6,outputs\phase82_smoke\stratified_hdfcbank_acceptance_summary.csv,outputs\phase82_smoke\phase82_stratified_hdfcbank_retest_manifest.json,True
83,outputs\phase83,True,8,outputs\phase83\stratified_source_event_bar_acceptance_summary.csv,outputs\phase83\phase83_stratified_source_event_bar_cache_manifest.json,False
84,outputs\phase84,True,5,outputs\phase84\cached_stratified_hdfcbank_acceptance_summary.csv,outputs\phase84\phase84_cached_stratified_hdfcbank_retest_manifest.json,False
85,outputs\phase85,True,7,outputs\phase85\cost_budget_signal_design_acceptance_summary.csv,outputs\phase85\phase85_cost_budget_signal_design_manifest.json,False
86,outputs\phase86,True,6,outputs\phase86\composite_signal_precommit_acceptance_summary.csv,outputs\phase86\phase86_composite_signal_precommit_manifest.json,False
87,outputs\phase87,True,7,outputs\phase87\precommitted_composite_replay_acceptance_summary.csv,outputs\phase87\phase87_precommitted_composite_signal_replay_manifest.json,False
88,outputs\phase88,True,6,outputs\phase88\strategy_pivot_acceptance_summary.csv,outputs\phase88\phase88_strategy_pivot_decision_ledger_manifest.json,False
89,outputs\phase89,True,8,outputs\phase89\passive_queue_cost_floor_acceptance_summary.csv,outputs\phase89\phase89_passive_queue_capture_cost_floor_manifest.json,False
9,outputs\phase9,True,7,,outputs\phase9\data_product_manifest.json,False
90,outputs\phase90,True,8,outputs\phase90\cross_symbol_precommit_acceptance_summary.csv,outputs\phase90\phase90_cross_symbol_regime_imbalance_precommit_manifest.json,False
91,outputs\phase91,True,9,outputs\phase91\cross_symbol_replay_acceptance_summary.csv,outputs\phase91\phase91_cross_symbol_regime_imbalance_replay_manifest.json,False
92,outputs\phase92,True,8,outputs\phase92\event_window_precommit_acceptance_summary.csv,outputs\phase92\phase92_low_turnover_event_window_precommit_manifest.json,False
93,outputs\phase93,True,9,outputs\phase93\event_window_replay_acceptance_summary.csv,outputs\phase93\phase93_low_turnover_event_window_replay_manifest.json,False
94,outputs\phase94,True,9,outputs\phase94\generator_realism_calibration_acceptance_summary.csv,outputs\phase94\phase94_generator_realism_calibration_audit_manifest.json,False
95,outputs\phase95,True,6,outputs\phase95\real_anchor_panel_acceptance_summary.csv,outputs\phase95\phase95_real_anchor_panel_contract_manifest.json,False
96,outputs\phase96,True,9,outputs\phase96\real_anchor_panel_builder_acceptance_summary.csv,outputs\phase96\phase96_real_anchor_panel_builder_manifest.json,False
97,outputs\phase97,True,6,outputs\phase97\generator_recalibration_patch_acceptance_summary.csv,outputs\phase97\phase97_generator_recalibration_patch_plan_manifest.json,False
98,outputs\phase98,True,8,outputs\phase98\generator_calibration_config_acceptance_summary.csv,outputs\phase98\phase98_generator_calibration_config_contract_manifest.json,False
99,outputs\phase99,True,8,outputs\phase99\generator_calibration_wiring_acceptance_summary.csv,outputs\phase99\phase99_generator_calibration_wiring_verifier_manifest.json,False
300,outputs\pycache_phase300_exec_verify,True,41,,,False
300,outputs\pycache_phase300_verify,True,43,,,False
301,outputs\pycache_phase301_verify,True,41,,,False
