trade_month,symbol,source_rows,target_dense_rows,dense_rows,target_dense_multiplier,file_path,bytes,completed_utc
2026-01,ADANIPORTS,8221,16305649,16305649,1983.4142901697408,raw_synthetic_l2_dense_full_year\trade_month=2026-01\symbol=ADANIPORTS\part-00000.parquet,199480956,2026-07-16T15:29:11.603364+00:00
2026-01,AXISBANK,8225,16313583,16313583,1983.4142901697408,raw_synthetic_l2_dense_full_year\trade_month=2026-01\symbol=AXISBANK\part-00000.parquet,187144855,2026-07-16T15:29:46.712904+00:00
2026-01,BAJAJ-AUTO,8221,16305649,16305649,1983.4142901697408,raw_synthetic_l2_dense_full_year\trade_month=2026-01\symbol=BAJAJ-AUTO\part-00000.parquet,215171454,2026-07-16T15:30:23.081900+00:00
2026-01,BANKBEES,8216,16295732,16295732,1983.4142901697408,raw_synthetic_l2_dense_full_year\trade_month=2026-01\symbol=BANKBEES\part-00000.parquet,190571553,2026-07-16T15:31:03.471440+00:00
2026-01,BHARTIARTL,8229,16321516,16321516,1983.4142901697408,raw_synthetic_l2_dense_full_year\trade_month=2026-01\symbol=BHARTIARTL\part-00000.parquet,194040736,2026-07-16T15:31:40.614527+00:00
2026-01,BPCL,8228,16319533,16319533,1983.4142901697408,raw_synthetic_l2_dense_full_year\trade_month=2026-01\symbol=BPCL\part-00000.parquet,176871106,2026-07-16T15:32:16.734452+00:00
2026-01,BRITANNIA,8228,16319533,16319533,1983.4142901697408,raw_synthetic_l2_dense_full_year\trade_month=2026-01\symbol=BRITANNIA\part-00000.parquet,212897353,2026-07-16T15:32:57.835891+00:00
2026-01,CIPLA,8216,16295732,16295732,1983.4142901697408,raw_synthetic_l2_dense_full_year\trade_month=2026-01\symbol=CIPLA\part-00000.parquet,198987686,2026-07-16T15:33:40.736773+00:00
2026-01,DRREDDY,8218,16299699,16299699,1983.4142901697408,raw_synthetic_l2_dense_full_year\trade_month=2026-01\symbol=DRREDDY\part-00000.parquet,191922938,2026-07-16T15:34:22.419399+00:00
2026-01,GOLDBEES,8222,16307632,16307632,1983.4142901697408,raw_synthetic_l2_dense_full_year\trade_month=2026-01\symbol=GOLDBEES\part-00000.parquet,176231503,2026-07-16T15:35:03.846388+00:00
2026-01,HCLTECH,8218,16299699,16299699,1983.4142901697408,raw_synthetic_l2_dense_full_year\trade_month=2026-01\symbol=HCLTECH\part-00000.parquet,195495820,2026-07-16T15:35:50.336950+00:00
2026-01,HDFCBANK,8220,16303665,16303665,1983.4142901697408,raw_synthetic_l2_dense_full_year\trade_month=2026-01\symbol=HDFCBANK\part-00000.parquet,183042827,2026-07-16T15:36:36.352328+00:00
2026-01,HINDUNILVR,8207,16277881,16277881,1983.4142901697408,raw_synthetic_l2_dense_full_year\trade_month=2026-01\symbol=HINDUNILVR\part-00000.parquet,196189507,2026-07-16T15:37:13.328318+00:00
2026-01,ICICIBANK,8219,16301682,16301682,1983.4142901697408,raw_synthetic_l2_dense_full_year\trade_month=2026-01\symbol=ICICIBANK\part-00000.parquet,188223500,2026-07-16T15:37:48.932404+00:00
2026-01,INFY,8225,16313583,16313583,1983.4142901697408,raw_synthetic_l2_dense_full_year\trade_month=2026-01\symbol=INFY\part-00000.parquet,186435023,2026-07-16T15:38:25.002299+00:00
2026-01,ITBEES,8225,16313583,16313583,1983.4142901697408,raw_synthetic_l2_dense_full_year\trade_month=2026-01\symbol=ITBEES\part-00000.parquet,175223744,2026-07-16T15:39:02.334100+00:00
2026-01,ITC,8227,16317549,16317549,1983.4142901697408,raw_synthetic_l2_dense_full_year\trade_month=2026-01\symbol=ITC\part-00000.parquet,175928098,2026-07-16T15:39:38.902050+00:00
2026-01,JUNIORBEES,8209,16281848,16281848,1983.4142901697408,raw_synthetic_l2_dense_full_year\trade_month=2026-01\symbol=JUNIORBEES\part-00000.parquet,194039871,2026-07-16T15:40:15.491930+00:00
2026-01,KOTAKBANK,8218,16299699,16299699,1983.4142901697408,raw_synthetic_l2_dense_full_year\trade_month=2026-01\symbol=KOTAKBANK\part-00000.parquet,180857178,2026-07-16T15:40:51.833019+00:00
2026-01,LT,8218,16299699,16299699,1983.4142901697408,raw_synthetic_l2_dense_full_year\trade_month=2026-01\symbol=LT\part-00000.parquet,201863440,2026-07-16T15:41:28.113481+00:00
2026-01,M&M,8227,16317549,16317549,1983.4142901697408,raw_synthetic_l2_dense_full_year\trade_month=2026-01\symbol=M&M\part-00000.parquet,198838311,2026-07-16T15:42:05.155981+00:00
2026-01,MARUTI,8229,16321516,16321516,1983.4142901697408,raw_synthetic_l2_dense_full_year\trade_month=2026-01\symbol=MARUTI\part-00000.parquet,212147525,2026-07-16T15:42:42.700118+00:00
2026-01,NESTLEIND,8216,16295732,16295732,1983.4142901697408,raw_synthetic_l2_dense_full_year\trade_month=2026-01\symbol=NESTLEIND\part-00000.parquet,197526913,2026-07-16T15:43:19.739686+00:00
2026-01,NIFTYBEES,8231,16325483,16325483,1983.4142901697408,raw_synthetic_l2_dense_full_year\trade_month=2026-01\symbol=NIFTYBEES\part-00000.parquet,177652626,2026-07-16T15:43:55.416444+00:00
2026-01,ONGC,8219,16301682,16301682,1983.4142901697408,raw_synthetic_l2_dense_full_year\trade_month=2026-01\symbol=ONGC\part-00000.parquet,177598475,2026-07-16T15:44:31.997973+00:00
2026-01,RELIANCE,8214,16291765,16291765,1983.4142901697408,raw_synthetic_l2_dense_full_year\trade_month=2026-01\symbol=RELIANCE\part-00000.parquet,186225288,2026-07-16T15:45:09.322755+00:00
2026-01,SBIN,8215,16293748,16293748,1983.4142901697408,raw_synthetic_l2_dense_full_year\trade_month=2026-01\symbol=SBIN\part-00000.parquet,185549706,2026-07-16T15:45:46.550087+00:00
2026-01,SUNPHARMA,8220,16303665,16303665,1983.4142901697408,raw_synthetic_l2_dense_full_year\trade_month=2026-01\symbol=SUNPHARMA\part-00000.parquet,198295517,2026-07-16T15:46:24.730071+00:00
2026-01,TCS,8228,16319533,16319533,1983.4142901697408,raw_synthetic_l2_dense_full_year\trade_month=2026-01\symbol=TCS\part-00000.parquet,200263740,2026-07-16T15:47:02.499145+00:00
2026-01,TECHM,8217,16297715,16297715,1983.4142901697408,raw_synthetic_l2_dense_full_year\trade_month=2026-01\symbol=TECHM\part-00000.parquet,201631100,2026-07-16T15:47:38.492287+00:00
2026-01,ULTRACEMCO,8237,16337384,16337384,1983.4142901697408,raw_synthetic_l2_dense_full_year\trade_month=2026-01\symbol=ULTRACEMCO\part-00000.parquet,210681805,2026-07-16T15:48:16.233636+00:00
2026-01,WIPRO,8239,16341350,16341350,1983.4142901697408,raw_synthetic_l2_dense_full_year\trade_month=2026-01\symbol=WIPRO\part-00000.parquet,179573761,2026-07-16T15:48:52.765357+00:00
2026-02,ADANIPORTS,7475,14826022,14826022,1983.4142901697408,raw_synthetic_l2_dense_full_year\trade_month=2026-02\symbol=ADANIPORTS\part-00000.parquet,182757324,2026-07-16T15:49:27.324700+00:00
2026-02,AXISBANK,7473,14822055,14822055,1983.4142901697408,raw_synthetic_l2_dense_full_year\trade_month=2026-02\symbol=AXISBANK\part-00000.parquet,174699632,2026-07-16T15:50:00.249951+00:00
2026-02,BAJAJ-AUTO,7480,14835939,14835939,1983.4142901697408,raw_synthetic_l2_dense_full_year\trade_month=2026-02\symbol=BAJAJ-AUTO\part-00000.parquet,196166319,2026-07-16T15:50:33.818255+00:00
2026-02,BANKBEES,7465,14806188,14806188,1983.4142901697408,raw_synthetic_l2_dense_full_year\trade_month=2026-02\symbol=BANKBEES\part-00000.parquet,173729917,2026-07-16T15:51:06.365534+00:00
2026-02,BHARTIARTL,7484,14843873,14843873,1983.4142901697408,raw_synthetic_l2_dense_full_year\trade_month=2026-02\symbol=BHARTIARTL\part-00000.parquet,180029188,2026-07-16T15:51:39.314707+00:00
2026-02,BPCL,7474,14824038,14824038,1983.4142901697408,raw_synthetic_l2_dense_full_year\trade_month=2026-02\symbol=BPCL\part-00000.parquet,161388124,2026-07-16T15:52:12.011520+00:00
2026-02,BRITANNIA,7460,14796271,14796271,1983.4142901697408,raw_synthetic_l2_dense_full_year\trade_month=2026-02\symbol=BRITANNIA\part-00000.parquet,192025225,2026-07-16T15:52:45.634354+00:00
2026-02,CIPLA,7468,14812138,14812138,1983.4142901697408,raw_synthetic_l2_dense_full_year\trade_month=2026-02\symbol=CIPLA\part-00000.parquet,182612525,2026-07-16T15:53:23.443932+00:00
2026-02,DRREDDY,7462,14800237,14800237,1983.4142901697408,raw_synthetic_l2_dense_full_year\trade_month=2026-02\symbol=DRREDDY\part-00000.parquet,175663151,2026-07-16T15:53:57.088806+00:00
2026-02,GOLDBEES,7468,14812138,14812138,1983.4142901697408,raw_synthetic_l2_dense_full_year\trade_month=2026-02\symbol=GOLDBEES\part-00000.parquet,160805798,2026-07-16T15:54:28.875737+00:00
2026-02,HCLTECH,7465,14806188,14806188,1983.4142901697408,raw_synthetic_l2_dense_full_year\trade_month=2026-02\symbol=HCLTECH\part-00000.parquet,175752834,2026-07-16T15:55:01.673540+00:00
2026-02,HDFCBANK,7476,14828005,14828005,1983.4142901697408,raw_synthetic_l2_dense_full_year\trade_month=2026-02\symbol=HDFCBANK\part-00000.parquet,166747293,2026-07-16T15:55:34.792515+00:00
2026-02,HINDUNILVR,7463,14802221,14802221,1983.4142901697408,raw_synthetic_l2_dense_full_year\trade_month=2026-02\symbol=HINDUNILVR\part-00000.parquet,181485512,2026-07-16T15:56:07.203137+00:00
2026-02,ICICIBANK,7469,14814121,14814121,1983.4142901697408,raw_synthetic_l2_dense_full_year\trade_month=2026-02\symbol=ICICIBANK\part-00000.parquet,172428373,2026-07-16T15:56:39.549656+00:00
2026-02,INFY,7459,14794287,14794287,1983.4142901697408,raw_synthetic_l2_dense_full_year\trade_month=2026-02\symbol=INFY\part-00000.parquet,172235168,2026-07-16T15:57:11.897906+00:00
2026-02,ITBEES,7480,14835939,14835939,1983.4142901697408,raw_synthetic_l2_dense_full_year\trade_month=2026-02\symbol=ITBEES\part-00000.parquet,160123919,2026-07-16T15:57:44.219444+00:00
2026-02,ITC,7486,14847839,14847839,1983.4142901697408,raw_synthetic_l2_dense_full_year\trade_month=2026-02\symbol=ITC\part-00000.parquet,164732131,2026-07-16T15:58:17.249148+00:00
2026-02,JUNIORBEES,7478,14831972,14831972,1983.4142901697408,raw_synthetic_l2_dense_full_year\trade_month=2026-02\symbol=JUNIORBEES\part-00000.parquet,179551082,2026-07-16T15:58:50.774077+00:00
2026-02,KOTAKBANK,7467,14810155,14810155,1983.4142901697408,raw_synthetic_l2_dense_full_year\trade_month=2026-02\symbol=KOTAKBANK\part-00000.parquet,165639741,2026-07-16T15:59:23.916730+00:00
2026-02,LT,7464,14804204,14804204,1983.4142901697408,raw_synthetic_l2_dense_full_year\trade_month=2026-02\symbol=LT\part-00000.parquet,183495855,2026-07-16T15:59:56.673706+00:00
2026-02,M&M,7457,14790320,14790320,1983.4142901697408,raw_synthetic_l2_dense_full_year\trade_month=2026-02\symbol=M&M\part-00000.parquet,179953236,2026-07-16T16:00:30.007742+00:00
2026-02,MARUTI,7466,14808171,14808171,1983.4142901697408,raw_synthetic_l2_dense_full_year\trade_month=2026-02\symbol=MARUTI\part-00000.parquet,192067961,2026-07-16T16:01:03.997493+00:00
2026-02,NESTLEIND,7466,14808171,14808171,1983.4142901697408,raw_synthetic_l2_dense_full_year\trade_month=2026-02\symbol=NESTLEIND\part-00000.parquet,181612952,2026-07-16T16:01:36.142693+00:00
2026-02,NIFTYBEES,7458,14792304,14792304,1983.4142901697408,raw_synthetic_l2_dense_full_year\trade_month=2026-02\symbol=NIFTYBEES\part-00000.parquet,164860841,2026-07-16T16:02:09.103913+00:00
2026-02,ONGC,7473,14822055,14822055,1983.4142901697408,raw_synthetic_l2_dense_full_year\trade_month=2026-02\symbol=ONGC\part-00000.parquet,163922094,2026-07-16T16:02:43.259164+00:00
2026-02,RELIANCE,7453,14782387,14782387,1983.4142901697408,raw_synthetic_l2_dense_full_year\trade_month=2026-02\symbol=RELIANCE\part-00000.parquet,170069188,2026-07-16T16:03:17.183462+00:00
2026-02,SBIN,7472,14820072,14820072,1983.4142901697408,raw_synthetic_l2_dense_full_year\trade_month=2026-02\symbol=SBIN\part-00000.parquet,172354358,2026-07-16T16:03:50.706304+00:00
2026-02,SUNPHARMA,7472,14820072,14820072,1983.4142901697408,raw_synthetic_l2_dense_full_year\trade_month=2026-02\symbol=SUNPHARMA\part-00000.parquet,179135196,2026-07-16T16:04:24.151284+00:00
2026-02,TCS,7464,14804204,14804204,1983.4142901697408,raw_synthetic_l2_dense_full_year\trade_month=2026-02\symbol=TCS\part-00000.parquet,181992263,2026-07-16T16:04:55.323972+00:00
2026-02,TECHM,7443,14762553,14762553,1983.4142901697408,raw_synthetic_l2_dense_full_year\trade_month=2026-02\symbol=TECHM\part-00000.parquet,180724165,2026-07-16T16:05:27.034826+00:00
2026-02,ULTRACEMCO,7465,14806188,14806188,1983.4142901697408,raw_synthetic_l2_dense_full_year\trade_month=2026-02\symbol=ULTRACEMCO\part-00000.parquet,191969298,2026-07-16T16:05:58.605941+00:00
2026-02,WIPRO,7465,14806188,14806188,1983.4142901697408,raw_synthetic_l2_dense_full_year\trade_month=2026-02\symbol=WIPRO\part-00000.parquet,162754559,2026-07-16T16:06:29.541090+00:00
2026-03,ADANIPORTS,8213,16289782,16289782,1983.4142901697408,raw_synthetic_l2_dense_full_year\trade_month=2026-03\symbol=ADANIPORTS\part-00000.parquet,200027669,2026-07-16T16:07:04.653278+00:00
2026-03,AXISBANK,8218,16299699,16299699,1983.4142901697408,raw_synthetic_l2_dense_full_year\trade_month=2026-03\symbol=AXISBANK\part-00000.parquet,186179887,2026-07-16T16:07:38.494832+00:00
2026-03,BAJAJ-AUTO,8221,16305649,16305649,1983.4142901697408,raw_synthetic_l2_dense_full_year\trade_month=2026-03\symbol=BAJAJ-AUTO\part-00000.parquet,215714127,2026-07-16T16:08:14.106533+00:00
2026-03,BANKBEES,8225,16313583,16313583,1983.4142901697408,raw_synthetic_l2_dense_full_year\trade_month=2026-03\symbol=BANKBEES\part-00000.parquet,189495495,2026-07-16T16:08:48.468846+00:00
2026-03,BHARTIARTL,8226,16315566,16315566,1983.4142901697408,raw_synthetic_l2_dense_full_year\trade_month=2026-03\symbol=BHARTIARTL\part-00000.parquet,194532664,2026-07-16T16:09:24.466787+00:00
2026-03,BPCL,8232,16327466,16327466,1983.4142901697408,raw_synthetic_l2_dense_full_year\trade_month=2026-03\symbol=BPCL\part-00000.parquet,179553721,2026-07-16T16:09:59.085834+00:00
2026-03,BRITANNIA,8209,16281848,16281848,1983.4142901697408,raw_synthetic_l2_dense_full_year\trade_month=2026-03\symbol=BRITANNIA\part-00000.parquet,211540056,2026-07-16T16:10:34.216656+00:00
2026-03,CIPLA,8232,16327466,16327466,1983.4142901697408,raw_synthetic_l2_dense_full_year\trade_month=2026-03\symbol=CIPLA\part-00000.parquet,200495215,2026-07-16T16:11:08.567277+00:00
2026-03,DRREDDY,8214,16291765,16291765,1983.4142901697408,raw_synthetic_l2_dense_full_year\trade_month=2026-03\symbol=DRREDDY\part-00000.parquet,192635231,2026-07-16T16:11:43.065710+00:00
2026-03,GOLDBEES,8218,16299699,16299699,1983.4142901697408,raw_synthetic_l2_dense_full_year\trade_month=2026-03\symbol=GOLDBEES\part-00000.parquet,177361961,2026-07-16T16:12:16.888529+00:00
2026-03,HCLTECH,8221,16305649,16305649,1983.4142901697408,raw_synthetic_l2_dense_full_year\trade_month=2026-03\symbol=HCLTECH\part-00000.parquet,193465981,2026-07-16T16:12:51.677132+00:00
2026-03,HDFCBANK,8220,16303665,16303665,1983.4142901697408,raw_synthetic_l2_dense_full_year\trade_month=2026-03\symbol=HDFCBANK\part-00000.parquet,182264554,2026-07-16T16:13:25.675653+00:00
2026-03,HINDUNILVR,8216,16295732,16295732,1983.4142901697408,raw_synthetic_l2_dense_full_year\trade_month=2026-03\symbol=HINDUNILVR\part-00000.parquet,197902687,2026-07-16T16:14:00.174794+00:00
2026-03,ICICIBANK,8216,16295732,16295732,1983.4142901697408,raw_synthetic_l2_dense_full_year\trade_month=2026-03\symbol=ICICIBANK\part-00000.parquet,187734755,2026-07-16T16:14:34.397145+00:00
2026-03,INFY,8210,16283831,16283831,1983.4142901697408,raw_synthetic_l2_dense_full_year\trade_month=2026-03\symbol=INFY\part-00000.parquet,186393894,2026-07-16T16:15:08.244496+00:00
2026-03,ITBEES,8210,16283831,16283831,1983.4142901697408,raw_synthetic_l2_dense_full_year\trade_month=2026-03\symbol=ITBEES\part-00000.parquet,176442647,2026-07-16T16:15:42.835392+00:00
2026-03,ITC,8198,16260030,16260030,1983.4142901697408,raw_synthetic_l2_dense_full_year\trade_month=2026-03\symbol=ITC\part-00000.parquet,177630496,2026-07-16T16:16:17.158970+00:00
2026-03,JUNIORBEES,8213,16289782,16289782,1983.4142901697408,raw_synthetic_l2_dense_full_year\trade_month=2026-03\symbol=JUNIORBEES\part-00000.parquet,194473205,2026-07-16T16:16:51.495617+00:00
2026-03,KOTAKBANK,8216,16295732,16295732,1983.4142901697408,raw_synthetic_l2_dense_full_year\trade_month=2026-03\symbol=KOTAKBANK\part-00000.parquet,180956447,2026-07-16T16:17:25.328224+00:00
2026-03,LT,8215,16293748,16293748,1983.4142901697408,raw_synthetic_l2_dense_full_year\trade_month=2026-03\symbol=LT\part-00000.parquet,200870957,2026-07-16T16:18:00.146396+00:00
2026-03,M&M,8216,16295732,16295732,1983.4142901697408,raw_synthetic_l2_dense_full_year\trade_month=2026-03\symbol=M&M\part-00000.parquet,198103397,2026-07-16T16:18:34.220501+00:00
2026-03,MARUTI,8225,16313583,16313583,1983.4142901697408,raw_synthetic_l2_dense_full_year\trade_month=2026-03\symbol=MARUTI\part-00000.parquet,212175830,2026-07-16T16:19:10.486640+00:00
2026-03,NESTLEIND,8221,16305649,16305649,1983.4142901697408,raw_synthetic_l2_dense_full_year\trade_month=2026-03\symbol=NESTLEIND\part-00000.parquet,198015486,2026-07-16T16:19:44.436810+00:00
2026-03,NIFTYBEES,8218,16299699,16299699,1983.4142901697408,raw_synthetic_l2_dense_full_year\trade_month=2026-03\symbol=NIFTYBEES\part-00000.parquet,177831385,2026-07-16T16:20:18.695262+00:00
2026-03,ONGC,8215,16293748,16293748,1983.4142901697408,raw_synthetic_l2_dense_full_year\trade_month=2026-03\symbol=ONGC\part-00000.parquet,178460669,2026-07-16T16:20:52.663449+00:00
2026-03,RELIANCE,8223,16309616,16309616,1983.4142901697408,raw_synthetic_l2_dense_full_year\trade_month=2026-03\symbol=RELIANCE\part-00000.parquet,187478820,2026-07-16T16:21:27.207382+00:00
2026-03,SBIN,8205,16273914,16273914,1983.4142901697408,raw_synthetic_l2_dense_full_year\trade_month=2026-03\symbol=SBIN\part-00000.parquet,185701473,2026-07-16T16:22:01.044788+00:00
2026-03,SUNPHARMA,8220,16303665,16303665,1983.4142901697408,raw_synthetic_l2_dense_full_year\trade_month=2026-03\symbol=SUNPHARMA\part-00000.parquet,197027541,2026-07-16T16:22:35.363008+00:00
2026-03,TCS,8227,16317549,16317549,1983.4142901697408,raw_synthetic_l2_dense_full_year\trade_month=2026-03\symbol=TCS\part-00000.parquet,199238068,2026-07-16T16:23:10.443235+00:00
2026-03,TECHM,8211,16285815,16285815,1983.4142901697408,raw_synthetic_l2_dense_full_year\trade_month=2026-03\symbol=TECHM\part-00000.parquet,200094010,2026-07-16T16:23:44.405107+00:00
2026-03,ULTRACEMCO,8221,16305649,16305649,1983.4142901697408,raw_synthetic_l2_dense_full_year\trade_month=2026-03\symbol=ULTRACEMCO\part-00000.parquet,211913806,2026-07-16T16:24:20.060050+00:00
2026-03,WIPRO,8228,16319533,16319533,1983.4142901697408,raw_synthetic_l2_dense_full_year\trade_month=2026-03\symbol=WIPRO\part-00000.parquet,178304728,2026-07-16T16:24:53.795239+00:00
2026-04,ADANIPORTS,8211,16285815,16285815,1983.4142901697408,raw_synthetic_l2_dense_full_year\trade_month=2026-04\symbol=ADANIPORTS\part-00000.parquet,200168175,2026-07-16T16:25:32.272311+00:00
2026-04,AXISBANK,8212,16287798,16287798,1983.4142901697408,raw_synthetic_l2_dense_full_year\trade_month=2026-04\symbol=AXISBANK\part-00000.parquet,189338192,2026-07-16T16:26:07.098785+00:00
2026-04,BAJAJ-AUTO,8215,16293748,16293748,1983.4142901697408,raw_synthetic_l2_dense_full_year\trade_month=2026-04\symbol=BAJAJ-AUTO\part-00000.parquet,213065012,2026-07-16T16:26:42.034537+00:00
2026-04,BANKBEES,8222,16307632,16307632,1983.4142901697408,raw_synthetic_l2_dense_full_year\trade_month=2026-04\symbol=BANKBEES\part-00000.parquet,191020805,2026-07-16T16:27:18.354132+00:00
2026-04,BHARTIARTL,8227,16317549,16317549,1983.4142901697408,raw_synthetic_l2_dense_full_year\trade_month=2026-04\symbol=BHARTIARTL\part-00000.parquet,195788742,2026-07-16T16:27:54.859153+00:00
2026-04,BPCL,8222,16307632,16307632,1983.4142901697408,raw_synthetic_l2_dense_full_year\trade_month=2026-04\symbol=BPCL\part-00000.parquet,178805583,2026-07-16T16:28:30.803055+00:00
2026-04,BRITANNIA,8213,16289782,16289782,1983.4142901697408,raw_synthetic_l2_dense_full_year\trade_month=2026-04\symbol=BRITANNIA\part-00000.parquet,211164112,2026-07-16T16:29:07.572827+00:00
2026-04,CIPLA,8218,16299699,16299699,1983.4142901697408,raw_synthetic_l2_dense_full_year\trade_month=2026-04\symbol=CIPLA\part-00000.parquet,199753445,2026-07-16T16:29:45.069509+00:00
2026-04,DRREDDY,8203,16269947,16269947,1983.4142901697408,raw_synthetic_l2_dense_full_year\trade_month=2026-04\symbol=DRREDDY\part-00000.parquet,194029349,2026-07-16T16:30:20.767565+00:00
2026-04,GOLDBEES,8217,16297715,16297715,1983.4142901697408,raw_synthetic_l2_dense_full_year\trade_month=2026-04\symbol=GOLDBEES\part-00000.parquet,175238725,2026-07-16T16:30:57.512086+00:00
2026-04,HCLTECH,8215,16293748,16293748,1983.4142901697408,raw_synthetic_l2_dense_full_year\trade_month=2026-04\symbol=HCLTECH\part-00000.parquet,193657282,2026-07-16T16:31:32.615636+00:00
2026-04,HDFCBANK,8212,16287798,16287798,1983.4142901697408,raw_synthetic_l2_dense_full_year\trade_month=2026-04\symbol=HDFCBANK\part-00000.parquet,182210045,2026-07-16T16:32:08.796364+00:00
2026-04,HINDUNILVR,8201,16265981,16265981,1983.4142901697408,raw_synthetic_l2_dense_full_year\trade_month=2026-04\symbol=HINDUNILVR\part-00000.parquet,198072653,2026-07-16T16:32:42.918109+00:00
2026-04,ICICIBANK,8221,16305649,16305649,1983.4142901697408,raw_synthetic_l2_dense_full_year\trade_month=2026-04\symbol=ICICIBANK\part-00000.parquet,189425480,2026-07-16T16:33:18.765376+00:00
2026-04,INFY,8197,16258047,16258047,1983.4142901697408,raw_synthetic_l2_dense_full_year\trade_month=2026-04\symbol=INFY\part-00000.parquet,188318127,2026-07-16T16:33:54.820639+00:00
2026-04,ITBEES,8229,16321516,16321516,1983.4142901697408,raw_synthetic_l2_dense_full_year\trade_month=2026-04\symbol=ITBEES\part-00000.parquet,174716608,2026-07-16T16:34:31.922179+00:00
2026-04,ITC,8212,16287798,16287798,1983.4142901697408,raw_synthetic_l2_dense_full_year\trade_month=2026-04\symbol=ITC\part-00000.parquet,178053582,2026-07-16T16:35:07.409420+00:00
2026-04,JUNIORBEES,8223,16309616,16309616,1983.4142901697408,raw_synthetic_l2_dense_full_year\trade_month=2026-04\symbol=JUNIORBEES\part-00000.parquet,197228212,2026-07-16T16:35:43.235495+00:00
2026-04,KOTAKBANK,8215,16293748,16293748,1983.4142901697408,raw_synthetic_l2_dense_full_year\trade_month=2026-04\symbol=KOTAKBANK\part-00000.parquet,181533059,2026-07-16T16:36:18.566317+00:00
2026-04,LT,8198,16260030,16260030,1983.4142901697408,raw_synthetic_l2_dense_full_year\trade_month=2026-04\symbol=LT\part-00000.parquet,201227024,2026-07-16T16:36:54.497472+00:00
2026-04,M&M,8214,16291765,16291765,1983.4142901697408,raw_synthetic_l2_dense_full_year\trade_month=2026-04\symbol=M&M\part-00000.parquet,201150468,2026-07-16T16:37:30.544019+00:00
2026-04,MARUTI,8209,16281848,16281848,1983.4142901697408,raw_synthetic_l2_dense_full_year\trade_month=2026-04\symbol=MARUTI\part-00000.parquet,211739123,2026-07-16T16:38:06.588803+00:00
2026-04,NESTLEIND,8215,16293748,16293748,1983.4142901697408,raw_synthetic_l2_dense_full_year\trade_month=2026-04\symbol=NESTLEIND\part-00000.parquet,199606119,2026-07-16T16:38:40.499999+00:00
2026-04,NIFTYBEES,8217,16297715,16297715,1983.4142901697408,raw_synthetic_l2_dense_full_year\trade_month=2026-04\symbol=NIFTYBEES\part-00000.parquet,178670566,2026-07-16T16:39:14.715410+00:00
2026-04,ONGC,8199,16262014,16262014,1983.4142901697408,raw_synthetic_l2_dense_full_year\trade_month=2026-04\symbol=ONGC\part-00000.parquet,177548438,2026-07-16T16:39:48.557950+00:00
2026-04,RELIANCE,8212,16287798,16287798,1983.4142901697408,raw_synthetic_l2_dense_full_year\trade_month=2026-04\symbol=RELIANCE\part-00000.parquet,188294549,2026-07-16T16:40:22.520099+00:00
2026-04,SBIN,8229,16321516,16321516,1983.4142901697408,raw_synthetic_l2_dense_full_year\trade_month=2026-04\symbol=SBIN\part-00000.parquet,189120507,2026-07-16T16:40:57.172840+00:00
2026-04,SUNPHARMA,8222,16307632,16307632,1983.4142901697408,raw_synthetic_l2_dense_full_year\trade_month=2026-04\symbol=SUNPHARMA\part-00000.parquet,200317255,2026-07-16T16:41:31.184680+00:00
2026-04,TCS,8217,16297715,16297715,1983.4142901697408,raw_synthetic_l2_dense_full_year\trade_month=2026-04\symbol=TCS\part-00000.parquet,200300834,2026-07-16T16:42:07.494410+00:00
2026-04,TECHM,8229,16321516,16321516,1983.4142901697408,raw_synthetic_l2_dense_full_year\trade_month=2026-04\symbol=TECHM\part-00000.parquet,202590915,2026-07-16T16:42:43.967999+00:00
2026-04,ULTRACEMCO,8229,16321516,16321516,1983.4142901697408,raw_synthetic_l2_dense_full_year\trade_month=2026-04\symbol=ULTRACEMCO\part-00000.parquet,211756310,2026-07-16T16:43:20.449331+00:00
2026-04,WIPRO,8208,16279864,16279864,1983.4142901697408,raw_synthetic_l2_dense_full_year\trade_month=2026-04\symbol=WIPRO\part-00000.parquet,177151263,2026-07-16T16:43:55.240775+00:00
2026-05,ADANIPORTS,7841,15551951,15551951,1983.4142901697408,raw_synthetic_l2_dense_full_year\trade_month=2026-05\symbol=ADANIPORTS\part-00000.parquet,191025320,2026-07-16T16:44:30.051303+00:00
2026-05,AXISBANK,7829,15528150,15528150,1983.4142901697408,raw_synthetic_l2_dense_full_year\trade_month=2026-05\symbol=AXISBANK\part-00000.parquet,177488818,2026-07-16T16:45:04.415864+00:00
2026-05,BAJAJ-AUTO,7849,15567819,15567819,1983.4142901697408,raw_synthetic_l2_dense_full_year\trade_month=2026-05\symbol=BAJAJ-AUTO\part-00000.parquet,204754934,2026-07-16T16:45:38.748286+00:00
2026-05,BANKBEES,7840,15549968,15549968,1983.4142901697408,raw_synthetic_l2_dense_full_year\trade_month=2026-05\symbol=BANKBEES\part-00000.parquet,181983765,2026-07-16T16:46:13.388427+00:00
2026-05,BHARTIARTL,7840,15549968,15549968,1983.4142901697408,raw_synthetic_l2_dense_full_year\trade_month=2026-05\symbol=BHARTIARTL\part-00000.parquet,188284030,2026-07-16T16:46:46.910053+00:00
2026-05,BPCL,7852,15573769,15573769,1983.4142901697408,raw_synthetic_l2_dense_full_year\trade_month=2026-05\symbol=BPCL\part-00000.parquet,170755304,2026-07-16T16:47:21.064166+00:00
2026-05,BRITANNIA,7860,15589636,15589636,1983.4142901697408,raw_synthetic_l2_dense_full_year\trade_month=2026-05\symbol=BRITANNIA\part-00000.parquet,201565056,2026-07-16T16:47:55.113200+00:00
2026-05,CIPLA,7846,15561869,15561869,1983.4142901697408,raw_synthetic_l2_dense_full_year\trade_month=2026-05\symbol=CIPLA\part-00000.parquet,189095798,2026-07-16T16:48:28.795831+00:00
2026-05,DRREDDY,7853,15575752,15575752,1983.4142901697408,raw_synthetic_l2_dense_full_year\trade_month=2026-05\symbol=DRREDDY\part-00000.parquet,185917726,2026-07-16T16:49:03.915229+00:00
2026-05,GOLDBEES,7841,15551951,15551951,1983.4142901697408,raw_synthetic_l2_dense_full_year\trade_month=2026-05\symbol=GOLDBEES\part-00000.parquet,168459245,2026-07-16T16:49:38.252531+00:00
2026-05,HCLTECH,7831,15532117,15532117,1983.4142901697408,raw_synthetic_l2_dense_full_year\trade_month=2026-05\symbol=HCLTECH\part-00000.parquet,186475744,2026-07-16T16:50:12.927022+00:00
2026-05,HDFCBANK,7848,15565835,15565835,1983.4142901697408,raw_synthetic_l2_dense_full_year\trade_month=2026-05\symbol=HDFCBANK\part-00000.parquet,175058285,2026-07-16T16:50:47.353559+00:00
2026-05,HINDUNILVR,7857,15583686,15583686,1983.4142901697408,raw_synthetic_l2_dense_full_year\trade_month=2026-05\symbol=HINDUNILVR\part-00000.parquet,189721802,2026-07-16T16:51:22.061935+00:00
2026-05,ICICIBANK,7844,15557902,15557902,1983.4142901697408,raw_synthetic_l2_dense_full_year\trade_month=2026-05\symbol=ICICIBANK\part-00000.parquet,179467629,2026-07-16T16:51:56.276983+00:00
2026-05,INFY,7857,15583686,15583686,1983.4142901697408,raw_synthetic_l2_dense_full_year\trade_month=2026-05\symbol=INFY\part-00000.parquet,179590963,2026-07-16T16:52:31.175041+00:00
2026-05,ITBEES,7852,15573769,15573769,1983.4142901697408,raw_synthetic_l2_dense_full_year\trade_month=2026-05\symbol=ITBEES\part-00000.parquet,167833129,2026-07-16T16:53:08.289056+00:00
2026-05,ITC,7841,15551951,15551951,1983.4142901697408,raw_synthetic_l2_dense_full_year\trade_month=2026-05\symbol=ITC\part-00000.parquet,165812576,2026-07-16T16:53:42.103927+00:00
2026-05,JUNIORBEES,7838,15546001,15546001,1983.4142901697408,raw_synthetic_l2_dense_full_year\trade_month=2026-05\symbol=JUNIORBEES\part-00000.parquet,187072341,2026-07-16T16:54:15.417704+00:00
2026-05,KOTAKBANK,7834,15538068,15538068,1983.4142901697408,raw_synthetic_l2_dense_full_year\trade_month=2026-05\symbol=KOTAKBANK\part-00000.parquet,175014277,2026-07-16T16:54:49.696042+00:00
2026-05,LT,7834,15538068,15538068,1983.4142901697408,raw_synthetic_l2_dense_full_year\trade_month=2026-05\symbol=LT\part-00000.parquet,192182088,2026-07-16T16:55:22.862199+00:00
2026-05,M&M,7836,15542034,15542034,1983.4142901697408,raw_synthetic_l2_dense_full_year\trade_month=2026-05\symbol=M&M\part-00000.parquet,189879664,2026-07-16T16:55:55.776178+00:00
2026-05,MARUTI,7850,15569802,15569802,1983.4142901697408,raw_synthetic_l2_dense_full_year\trade_month=2026-05\symbol=MARUTI\part-00000.parquet,200881095,2026-07-16T16:56:29.227250+00:00
2026-05,NESTLEIND,7833,15536084,15536084,1983.4142901697408,raw_synthetic_l2_dense_full_year\trade_month=2026-05\symbol=NESTLEIND\part-00000.parquet,190216543,2026-07-16T16:57:01.752055+00:00
2026-05,NIFTYBEES,7846,15561869,15561869,1983.4142901697408,raw_synthetic_l2_dense_full_year\trade_month=2026-05\symbol=NIFTYBEES\part-00000.parquet,169848288,2026-07-16T16:57:34.861572+00:00
2026-05,ONGC,7840,15549968,15549968,1983.4142901697408,raw_synthetic_l2_dense_full_year\trade_month=2026-05\symbol=ONGC\part-00000.parquet,172114772,2026-07-16T16:58:07.273763+00:00
2026-05,RELIANCE,7853,15575752,15575752,1983.4142901697408,raw_synthetic_l2_dense_full_year\trade_month=2026-05\symbol=RELIANCE\part-00000.parquet,180637462,2026-07-16T16:58:41.297401+00:00
2026-05,SBIN,7832,15534101,15534101,1983.4142901697408,raw_synthetic_l2_dense_full_year\trade_month=2026-05\symbol=SBIN\part-00000.parquet,179957576,2026-07-16T16:59:13.686709+00:00
2026-05,SUNPHARMA,7857,15583686,15583686,1983.4142901697408,raw_synthetic_l2_dense_full_year\trade_month=2026-05\symbol=SUNPHARMA\part-00000.parquet,193289500,2026-07-16T16:59:46.752024+00:00
2026-05,TCS,7866,15601537,15601537,1983.4142901697408,raw_synthetic_l2_dense_full_year\trade_month=2026-05\symbol=TCS\part-00000.parquet,190869472,2026-07-16T17:00:19.733520+00:00
2026-05,TECHM,7845,15559885,15559885,1983.4142901697408,raw_synthetic_l2_dense_full_year\trade_month=2026-05\symbol=TECHM\part-00000.parquet,191103801,2026-07-16T17:00:53.282373+00:00
2026-05,ULTRACEMCO,7842,15553935,15553935,1983.4142901697408,raw_synthetic_l2_dense_full_year\trade_month=2026-05\symbol=ULTRACEMCO\part-00000.parquet,200626115,2026-07-16T17:01:28.469344+00:00
2026-05,WIPRO,7851,15571786,15571786,1983.4142901697408,raw_synthetic_l2_dense_full_year\trade_month=2026-05\symbol=WIPRO\part-00000.parquet,169421705,2026-07-16T17:02:01.454197+00:00
2026-06,ADANIPORTS,8219,16301682,16301682,1983.4142901697408,raw_synthetic_l2_dense_full_year\trade_month=2026-06\symbol=ADANIPORTS\part-00000.parquet,198164980,2026-07-16T17:02:50.707205+00:00
2026-06,AXISBANK,8224,16311599,16311599,1983.4142901697408,raw_synthetic_l2_dense_full_year\trade_month=2026-06\symbol=AXISBANK\part-00000.parquet,189777425,2026-07-16T17:03:26.689517+00:00
2026-06,BAJAJ-AUTO,8214,16291765,16291765,1983.4142901697408,raw_synthetic_l2_dense_full_year\trade_month=2026-06\symbol=BAJAJ-AUTO\part-00000.parquet,214178430,2026-07-16T17:04:02.908725+00:00
2026-06,BANKBEES,8202,16267964,16267964,1983.4142901697408,raw_synthetic_l2_dense_full_year\trade_month=2026-06\symbol=BANKBEES\part-00000.parquet,189433097,2026-07-16T17:04:37.959628+00:00
2026-06,BHARTIARTL,8219,16301682,16301682,1983.4142901697408,raw_synthetic_l2_dense_full_year\trade_month=2026-06\symbol=BHARTIARTL\part-00000.parquet,194413986,2026-07-16T17:05:12.155102+00:00
2026-06,BPCL,8209,16281848,16281848,1983.4142901697408,raw_synthetic_l2_dense_full_year\trade_month=2026-06\symbol=BPCL\part-00000.parquet,176282547,2026-07-16T17:05:47.071268+00:00
2026-06,BRITANNIA,8210,16283831,16283831,1983.4142901697408,raw_synthetic_l2_dense_full_year\trade_month=2026-06\symbol=BRITANNIA\part-00000.parquet,211596469,2026-07-16T17:06:21.974369+00:00
2026-06,CIPLA,8208,16279864,16279864,1983.4142901697408,raw_synthetic_l2_dense_full_year\trade_month=2026-06\symbol=CIPLA\part-00000.parquet,199485888,2026-07-16T17:06:56.904349+00:00
2026-06,DRREDDY,8215,16293748,16293748,1983.4142901697408,raw_synthetic_l2_dense_full_year\trade_month=2026-06\symbol=DRREDDY\part-00000.parquet,194634649,2026-07-16T17:07:31.311233+00:00
2026-06,GOLDBEES,8219,16301682,16301682,1983.4142901697408,raw_synthetic_l2_dense_full_year\trade_month=2026-06\symbol=GOLDBEES\part-00000.parquet,174752002,2026-07-16T17:08:08.514313+00:00
2026-06,HCLTECH,8223,16309616,16309616,1983.4142901697408,raw_synthetic_l2_dense_full_year\trade_month=2026-06\symbol=HCLTECH\part-00000.parquet,192885159,2026-07-16T17:08:45.151702+00:00
2026-06,HDFCBANK,8198,16260030,16260030,1983.4142901697408,raw_synthetic_l2_dense_full_year\trade_month=2026-06\symbol=HDFCBANK\part-00000.parquet,182370295,2026-07-16T17:09:21.329247+00:00
2026-06,HINDUNILVR,8226,16315566,16315566,1983.4142901697408,raw_synthetic_l2_dense_full_year\trade_month=2026-06\symbol=HINDUNILVR\part-00000.parquet,198789894,2026-07-16T17:09:57.346713+00:00
2026-06,ICICIBANK,8231,16325483,16325483,1983.4142901697408,raw_synthetic_l2_dense_full_year\trade_month=2026-06\symbol=ICICIBANK\part-00000.parquet,188941979,2026-07-16T17:10:32.113850+00:00
2026-06,INFY,8222,16307632,16307632,1983.4142901697408,raw_synthetic_l2_dense_full_year\trade_month=2026-06\symbol=INFY\part-00000.parquet,189258091,2026-07-16T17:11:06.582368+00:00
2026-06,ITBEES,8209,16281848,16281848,1983.4142901697408,raw_synthetic_l2_dense_full_year\trade_month=2026-06\symbol=ITBEES\part-00000.parquet,175081375,2026-07-16T17:11:41.482535+00:00
2026-06,ITC,8230,16323500,16323500,1983.4142901697408,raw_synthetic_l2_dense_full_year\trade_month=2026-06\symbol=ITC\part-00000.parquet,178775317,2026-07-16T17:12:16.130881+00:00
2026-06,JUNIORBEES,8219,16301682,16301682,1983.4142901697408,raw_synthetic_l2_dense_full_year\trade_month=2026-06\symbol=JUNIORBEES\part-00000.parquet,197301279,2026-07-16T17:12:51.199741+00:00
2026-06,KOTAKBANK,8227,16317549,16317549,1983.4142901697408,raw_synthetic_l2_dense_full_year\trade_month=2026-06\symbol=KOTAKBANK\part-00000.parquet,181189051,2026-07-16T17:13:25.790467+00:00
2026-06,LT,8199,16262014,16262014,1983.4142901697408,raw_synthetic_l2_dense_full_year\trade_month=2026-06\symbol=LT\part-00000.parquet,199931788,2026-07-16T17:14:00.180984+00:00
2026-06,M&M,8221,16305649,16305649,1983.4142901697408,raw_synthetic_l2_dense_full_year\trade_month=2026-06\symbol=M&M\part-00000.parquet,199901665,2026-07-16T17:14:35.076226+00:00
2026-06,MARUTI,8219,16301682,16301682,1983.4142901697408,raw_synthetic_l2_dense_full_year\trade_month=2026-06\symbol=MARUTI\part-00000.parquet,212471790,2026-07-16T17:15:10.768350+00:00
2026-06,NESTLEIND,8234,16331433,16331433,1983.4142901697408,raw_synthetic_l2_dense_full_year\trade_month=2026-06\symbol=NESTLEIND\part-00000.parquet,199974628,2026-07-16T17:15:45.833971+00:00
2026-06,NIFTYBEES,8234,16331433,16331433,1983.4142901697408,raw_synthetic_l2_dense_full_year\trade_month=2026-06\symbol=NIFTYBEES\part-00000.parquet,176838265,2026-07-16T17:16:20.142624+00:00
2026-06,ONGC,8211,16285815,16285815,1983.4142901697408,raw_synthetic_l2_dense_full_year\trade_month=2026-06\symbol=ONGC\part-00000.parquet,178548505,2026-07-16T17:16:55.220089+00:00
2026-06,RELIANCE,8210,16283831,16283831,1983.4142901697408,raw_synthetic_l2_dense_full_year\trade_month=2026-06\symbol=RELIANCE\part-00000.parquet,187570179,2026-07-16T17:17:29.660322+00:00
2026-06,SBIN,8211,16285815,16285815,1983.4142901697408,raw_synthetic_l2_dense_full_year\trade_month=2026-06\symbol=SBIN\part-00000.parquet,185920963,2026-07-16T17:18:04.549185+00:00
2026-06,SUNPHARMA,8207,16277881,16277881,1983.4142901697408,raw_synthetic_l2_dense_full_year\trade_month=2026-06\symbol=SUNPHARMA\part-00000.parquet,201099662,2026-07-16T17:18:38.799419+00:00
2026-06,TCS,8208,16279864,16279864,1983.4142901697408,raw_synthetic_l2_dense_full_year\trade_month=2026-06\symbol=TCS\part-00000.parquet,196554481,2026-07-16T17:19:16.581828+00:00
2026-06,TECHM,8209,16281848,16281848,1983.4142901697408,raw_synthetic_l2_dense_full_year\trade_month=2026-06\symbol=TECHM\part-00000.parquet,200969577,2026-07-16T17:19:52.396478+00:00
2026-06,ULTRACEMCO,8228,16319533,16319533,1983.4142901697408,raw_synthetic_l2_dense_full_year\trade_month=2026-06\symbol=ULTRACEMCO\part-00000.parquet,211461678,2026-07-16T17:20:29.540778+00:00
2026-06,WIPRO,8214,16291765,16291765,1983.4142901697408,raw_synthetic_l2_dense_full_year\trade_month=2026-06\symbol=WIPRO\part-00000.parquet,177645838,2026-07-16T17:21:06.834213+00:00
2026-07,ADANIPORTS,8601,17059346,17059346,1983.4142901697408,raw_synthetic_l2_dense_full_year\trade_month=2026-07\symbol=ADANIPORTS\part-00000.parquet,209615324,2026-07-16T17:21:45.175065+00:00
2026-07,AXISBANK,8601,17059346,17059346,1983.4142901697408,raw_synthetic_l2_dense_full_year\trade_month=2026-07\symbol=AXISBANK\part-00000.parquet,196503396,2026-07-16T17:22:22.415069+00:00
2026-07,BAJAJ-AUTO,8592,17041496,17041496,1983.4142901697408,raw_synthetic_l2_dense_full_year\trade_month=2026-07\symbol=BAJAJ-AUTO\part-00000.parquet,223230328,2026-07-16T17:23:01.659783+00:00
2026-07,BANKBEES,8606,17069263,17069263,1983.4142901697408,raw_synthetic_l2_dense_full_year\trade_month=2026-07\symbol=BANKBEES\part-00000.parquet,200139341,2026-07-16T17:23:39.515540+00:00
2026-07,BHARTIARTL,8599,17055379,17055379,1983.4142901697408,raw_synthetic_l2_dense_full_year\trade_month=2026-07\symbol=BHARTIARTL\part-00000.parquet,205092241,2026-07-16T17:24:17.847250+00:00
2026-07,BPCL,8602,17061330,17061330,1983.4142901697408,raw_synthetic_l2_dense_full_year\trade_month=2026-07\symbol=BPCL\part-00000.parquet,187463453,2026-07-16T17:24:55.388164+00:00
2026-07,BRITANNIA,8584,17025628,17025628,1983.4142901697408,raw_synthetic_l2_dense_full_year\trade_month=2026-07\symbol=BRITANNIA\part-00000.parquet,221426981,2026-07-16T17:25:33.875489+00:00
2026-07,CIPLA,8594,17045462,17045462,1983.4142901697408,raw_synthetic_l2_dense_full_year\trade_month=2026-07\symbol=CIPLA\part-00000.parquet,208378708,2026-07-16T17:26:10.083036+00:00
2026-07,DRREDDY,8592,17041496,17041496,1983.4142901697408,raw_synthetic_l2_dense_full_year\trade_month=2026-07\symbol=DRREDDY\part-00000.parquet,202779531,2026-07-16T17:26:48.099044+00:00
2026-07,GOLDBEES,8601,17059346,17059346,1983.4142901697408,raw_synthetic_l2_dense_full_year\trade_month=2026-07\symbol=GOLDBEES\part-00000.parquet,184905458,2026-07-16T17:27:27.413597+00:00
2026-07,HCLTECH,8588,17033562,17033562,1983.4142901697408,raw_synthetic_l2_dense_full_year\trade_month=2026-07\symbol=HCLTECH\part-00000.parquet,204653114,2026-07-16T17:28:05.506424+00:00
2026-07,HDFCBANK,8587,17031579,17031579,1983.4142901697408,raw_synthetic_l2_dense_full_year\trade_month=2026-07\symbol=HDFCBANK\part-00000.parquet,190947289,2026-07-16T17:28:44.553999+00:00
2026-07,HINDUNILVR,8597,17051413,17051413,1983.4142901697408,raw_synthetic_l2_dense_full_year\trade_month=2026-07\symbol=HINDUNILVR\part-00000.parquet,207536877,2026-07-16T17:29:22.819815+00:00
2026-07,ICICIBANK,8590,17037529,17037529,1983.4142901697408,raw_synthetic_l2_dense_full_year\trade_month=2026-07\symbol=ICICIBANK\part-00000.parquet,196025416,2026-07-16T17:30:01.052767+00:00
2026-07,INFY,8598,17053396,17053396,1983.4142901697408,raw_synthetic_l2_dense_full_year\trade_month=2026-07\symbol=INFY\part-00000.parquet,196940587,2026-07-16T17:30:38.657172+00:00
2026-07,ITBEES,8599,17055379,17055379,1983.4142901697408,raw_synthetic_l2_dense_full_year\trade_month=2026-07\symbol=ITBEES\part-00000.parquet,185978795,2026-07-16T17:31:18.194227+00:00
2026-07,ITC,8587,17031579,17031579,1983.4142901697408,raw_synthetic_l2_dense_full_year\trade_month=2026-07\symbol=ITC\part-00000.parquet,184773256,2026-07-16T17:31:55.726622+00:00
2026-07,JUNIORBEES,8608,17073230,17073230,1983.4142901697408,raw_synthetic_l2_dense_full_year\trade_month=2026-07\symbol=JUNIORBEES\part-00000.parquet,206706892,2026-07-16T17:32:34.197965+00:00
2026-07,KOTAKBANK,8591,17039512,17039512,1983.4142901697408,raw_synthetic_l2_dense_full_year\trade_month=2026-07\symbol=KOTAKBANK\part-00000.parquet,192037799,2026-07-16T17:33:12.092357+00:00
2026-07,LT,8585,17027612,17027612,1983.4142901697408,raw_synthetic_l2_dense_full_year\trade_month=2026-07\symbol=LT\part-00000.parquet,207775182,2026-07-16T17:33:50.457225+00:00
2026-07,M&M,8597,17051413,17051413,1983.4142901697408,raw_synthetic_l2_dense_full_year\trade_month=2026-07\symbol=M&M\part-00000.parquet,208853858,2026-07-16T17:34:29.855726+00:00
2026-07,MARUTI,8598,17053396,17053396,1983.4142901697408,raw_synthetic_l2_dense_full_year\trade_month=2026-07\symbol=MARUTI\part-00000.parquet,221325909,2026-07-16T17:35:08.495680+00:00
2026-07,NESTLEIND,8611,17079180,17079180,1983.4142901697408,raw_synthetic_l2_dense_full_year\trade_month=2026-07\symbol=NESTLEIND\part-00000.parquet,208749261,2026-07-16T17:35:46.789249+00:00
2026-07,NIFTYBEES,8600,17057363,17057363,1983.4142901697408,raw_synthetic_l2_dense_full_year\trade_month=2026-07\symbol=NIFTYBEES\part-00000.parquet,187085164,2026-07-16T17:36:24.830078+00:00
2026-07,ONGC,8591,17039512,17039512,1983.4142901697408,raw_synthetic_l2_dense_full_year\trade_month=2026-07\symbol=ONGC\part-00000.parquet,187142541,2026-07-16T17:37:01.737673+00:00
2026-07,RELIANCE,8590,17037529,17037529,1983.4142901697408,raw_synthetic_l2_dense_full_year\trade_month=2026-07\symbol=RELIANCE\part-00000.parquet,197265257,2026-07-16T17:37:38.698542+00:00
2026-07,SBIN,8607,17071247,17071247,1983.4142901697408,raw_synthetic_l2_dense_full_year\trade_month=2026-07\symbol=SBIN\part-00000.parquet,197478889,2026-07-16T17:38:14.672575+00:00
2026-07,SUNPHARMA,8600,17057363,17057363,1983.4142901697408,raw_synthetic_l2_dense_full_year\trade_month=2026-07\symbol=SUNPHARMA\part-00000.parquet,207669965,2026-07-16T17:38:50.423621+00:00
2026-07,TCS,8588,17033562,17033562,1983.4142901697408,raw_synthetic_l2_dense_full_year\trade_month=2026-07\symbol=TCS\part-00000.parquet,207652921,2026-07-16T17:39:26.108076+00:00
2026-07,TECHM,8590,17037529,17037529,1983.4142901697408,raw_synthetic_l2_dense_full_year\trade_month=2026-07\symbol=TECHM\part-00000.parquet,207911821,2026-07-16T17:40:01.762832+00:00
2026-07,ULTRACEMCO,8595,17047446,17047446,1983.4142901697408,raw_synthetic_l2_dense_full_year\trade_month=2026-07\symbol=ULTRACEMCO\part-00000.parquet,220448762,2026-07-16T17:40:37.953178+00:00
2026-07,WIPRO,8593,17043479,17043479,1983.4142901697408,raw_synthetic_l2_dense_full_year\trade_month=2026-07\symbol=WIPRO\part-00000.parquet,186420892,2026-07-16T17:41:13.111427+00:00
2026-08,ADANIPORTS,7840,15549968,15549968,1983.4142901697408,raw_synthetic_l2_dense_full_year\trade_month=2026-08\symbol=ADANIPORTS\part-00000.parquet,192828871,2026-07-16T17:41:46.514473+00:00
2026-08,AXISBANK,7843,15555918,15555918,1983.4142901697408,raw_synthetic_l2_dense_full_year\trade_month=2026-08\symbol=AXISBANK\part-00000.parquet,180872736,2026-07-16T17:42:18.483920+00:00
2026-08,BAJAJ-AUTO,7836,15542034,15542034,1983.4142901697408,raw_synthetic_l2_dense_full_year\trade_month=2026-08\symbol=BAJAJ-AUTO\part-00000.parquet,203044020,2026-07-16T17:42:52.837079+00:00
2026-08,BANKBEES,7844,15557902,15557902,1983.4142901697408,raw_synthetic_l2_dense_full_year\trade_month=2026-08\symbol=BANKBEES\part-00000.parquet,182620277,2026-07-16T17:43:26.807734+00:00
2026-08,BHARTIARTL,7853,15575752,15575752,1983.4142901697408,raw_synthetic_l2_dense_full_year\trade_month=2026-08\symbol=BHARTIARTL\part-00000.parquet,187060288,2026-07-16T17:44:00.713467+00:00
2026-08,BPCL,7821,15512283,15512283,1983.4142901697408,raw_synthetic_l2_dense_full_year\trade_month=2026-08\symbol=BPCL\part-00000.parquet,170629066,2026-07-16T17:44:35.106630+00:00
2026-08,BRITANNIA,7846,15561869,15561869,1983.4142901697408,raw_synthetic_l2_dense_full_year\trade_month=2026-08\symbol=BRITANNIA\part-00000.parquet,201762516,2026-07-16T17:45:09.778679+00:00
2026-08,CIPLA,7840,15549968,15549968,1983.4142901697408,raw_synthetic_l2_dense_full_year\trade_month=2026-08\symbol=CIPLA\part-00000.parquet,191417637,2026-07-16T17:45:43.916665+00:00
2026-08,DRREDDY,7847,15563852,15563852,1983.4142901697408,raw_synthetic_l2_dense_full_year\trade_month=2026-08\symbol=DRREDDY\part-00000.parquet,184161651,2026-07-16T17:46:20.266237+00:00
2026-08,GOLDBEES,7841,15551951,15551951,1983.4142901697408,raw_synthetic_l2_dense_full_year\trade_month=2026-08\symbol=GOLDBEES\part-00000.parquet,168354085,2026-07-16T17:46:53.423808+00:00
2026-08,HCLTECH,7853,15575752,15575752,1983.4142901697408,raw_synthetic_l2_dense_full_year\trade_month=2026-08\symbol=HCLTECH\part-00000.parquet,186589591,2026-07-16T17:47:27.903567+00:00
2026-08,HDFCBANK,7841,15551951,15551951,1983.4142901697408,raw_synthetic_l2_dense_full_year\trade_month=2026-08\symbol=HDFCBANK\part-00000.parquet,174474611,2026-07-16T17:48:00.530643+00:00
2026-08,HINDUNILVR,7836,15542034,15542034,1983.4142901697408,raw_synthetic_l2_dense_full_year\trade_month=2026-08\symbol=HINDUNILVR\part-00000.parquet,191453878,2026-07-16T17:48:34.782912+00:00
2026-08,ICICIBANK,7850,15569802,15569802,1983.4142901697408,raw_synthetic_l2_dense_full_year\trade_month=2026-08\symbol=ICICIBANK\part-00000.parquet,180570656,2026-07-16T17:49:08.992023+00:00
2026-08,INFY,7848,15565835,15565835,1983.4142901697408,raw_synthetic_l2_dense_full_year\trade_month=2026-08\symbol=INFY\part-00000.parquet,177739613,2026-07-16T17:49:44.572031+00:00
2026-08,ITBEES,7841,15551951,15551951,1983.4142901697408,raw_synthetic_l2_dense_full_year\trade_month=2026-08\symbol=ITBEES\part-00000.parquet,167640912,2026-07-16T17:50:18.630522+00:00
2026-08,ITC,7854,15577736,15577736,1983.4142901697408,raw_synthetic_l2_dense_full_year\trade_month=2026-08\symbol=ITC\part-00000.parquet,172286215,2026-07-16T17:50:51.348392+00:00
2026-08,JUNIORBEES,7839,15547985,15547985,1983.4142901697408,raw_synthetic_l2_dense_full_year\trade_month=2026-08\symbol=JUNIORBEES\part-00000.parquet,187614852,2026-07-16T17:51:25.391490+00:00
2026-08,KOTAKBANK,7844,15557902,15557902,1983.4142901697408,raw_synthetic_l2_dense_full_year\trade_month=2026-08\symbol=KOTAKBANK\part-00000.parquet,173126411,2026-07-16T17:51:58.901656+00:00
2026-08,LT,7856,15581703,15581703,1983.4142901697408,raw_synthetic_l2_dense_full_year\trade_month=2026-08\symbol=LT\part-00000.parquet,192008388,2026-07-16T17:52:34.189103+00:00
2026-08,M&M,7848,15565835,15565835,1983.4142901697408,raw_synthetic_l2_dense_full_year\trade_month=2026-08\symbol=M&M\part-00000.parquet,193034241,2026-07-16T17:53:09.632839+00:00
2026-08,MARUTI,7850,15569802,15569802,1983.4142901697408,raw_synthetic_l2_dense_full_year\trade_month=2026-08\symbol=MARUTI\part-00000.parquet,200624820,2026-07-16T17:53:44.488894+00:00
2026-08,NESTLEIND,7827,15524184,15524184,1983.4142901697408,raw_synthetic_l2_dense_full_year\trade_month=2026-08\symbol=NESTLEIND\part-00000.parquet,190614070,2026-07-16T17:54:15.637812+00:00
2026-08,NIFTYBEES,7842,15553935,15553935,1983.4142901697408,raw_synthetic_l2_dense_full_year\trade_month=2026-08\symbol=NIFTYBEES\part-00000.parquet,170212836,2026-07-16T17:54:46.783012+00:00
2026-08,ONGC,7846,15561869,15561869,1983.4142901697408,raw_synthetic_l2_dense_full_year\trade_month=2026-08\symbol=ONGC\part-00000.parquet,172853674,2026-07-16T17:55:19.938013+00:00
2026-08,RELIANCE,7850,15569802,15569802,1983.4142901697408,raw_synthetic_l2_dense_full_year\trade_month=2026-08\symbol=RELIANCE\part-00000.parquet,181408791,2026-07-16T17:55:52.502946+00:00
2026-08,SBIN,7863,15595587,15595587,1983.4142901697408,raw_synthetic_l2_dense_full_year\trade_month=2026-08\symbol=SBIN\part-00000.parquet,182082614,2026-07-16T17:56:25.771390+00:00
2026-08,SUNPHARMA,7846,15561869,15561869,1983.4142901697408,raw_synthetic_l2_dense_full_year\trade_month=2026-08\symbol=SUNPHARMA\part-00000.parquet,191651560,2026-07-16T17:56:58.184422+00:00
2026-08,TCS,7838,15546001,15546001,1983.4142901697408,raw_synthetic_l2_dense_full_year\trade_month=2026-08\symbol=TCS\part-00000.parquet,193106811,2026-07-16T17:57:30.713730+00:00
2026-08,TECHM,7850,15569802,15569802,1983.4142901697408,raw_synthetic_l2_dense_full_year\trade_month=2026-08\symbol=TECHM\part-00000.parquet,194043327,2026-07-16T17:58:03.700728+00:00
2026-08,ULTRACEMCO,7832,15534101,15534101,1983.4142901697408,raw_synthetic_l2_dense_full_year\trade_month=2026-08\symbol=ULTRACEMCO\part-00000.parquet,200725283,2026-07-16T17:58:37.077166+00:00
2026-08,WIPRO,7838,15546001,15546001,1983.4142901697408,raw_synthetic_l2_dense_full_year\trade_month=2026-08\symbol=WIPRO\part-00000.parquet,169924648,2026-07-16T17:59:09.760453+00:00
2026-09,ADANIPORTS,8214,16291765,16291765,1983.4142901697408,raw_synthetic_l2_dense_full_year\trade_month=2026-09\symbol=ADANIPORTS\part-00000.parquet,199644552,2026-07-16T17:59:44.456769+00:00
2026-09,AXISBANK,8226,16315566,16315566,1983.4142901697408,raw_synthetic_l2_dense_full_year\trade_month=2026-09\symbol=AXISBANK\part-00000.parquet,189939724,2026-07-16T18:00:20.503524+00:00
2026-09,BAJAJ-AUTO,8217,16297715,16297715,1983.4142901697408,raw_synthetic_l2_dense_full_year\trade_month=2026-09\symbol=BAJAJ-AUTO\part-00000.parquet,215228099,2026-07-16T18:00:56.735854+00:00
2026-09,BANKBEES,8220,16303665,16303665,1983.4142901697408,raw_synthetic_l2_dense_full_year\trade_month=2026-09\symbol=BANKBEES\part-00000.parquet,192194918,2026-07-16T18:01:31.531895+00:00
2026-09,BHARTIARTL,8222,16307632,16307632,1983.4142901697408,raw_synthetic_l2_dense_full_year\trade_month=2026-09\symbol=BHARTIARTL\part-00000.parquet,197555229,2026-07-16T18:02:07.049967+00:00
2026-09,BPCL,8236,16335400,16335400,1983.4142901697408,raw_synthetic_l2_dense_full_year\trade_month=2026-09\symbol=BPCL\part-00000.parquet,180219096,2026-07-16T18:02:42.694426+00:00
2026-09,BRITANNIA,8233,16329450,16329450,1983.4142901697408,raw_synthetic_l2_dense_full_year\trade_month=2026-09\symbol=BRITANNIA\part-00000.parquet,212139606,2026-07-16T18:03:19.182791+00:00
2026-09,CIPLA,8214,16291765,16291765,1983.4142901697408,raw_synthetic_l2_dense_full_year\trade_month=2026-09\symbol=CIPLA\part-00000.parquet,201545718,2026-07-16T18:03:55.215075+00:00
2026-09,DRREDDY,8196,16256064,16256064,1983.4142901697408,raw_synthetic_l2_dense_full_year\trade_month=2026-09\symbol=DRREDDY\part-00000.parquet,193300885,2026-07-16T18:04:31.238732+00:00
2026-09,GOLDBEES,8214,16291765,16291765,1983.4142901697408,raw_synthetic_l2_dense_full_year\trade_month=2026-09\symbol=GOLDBEES\part-00000.parquet,175433313,2026-07-16T18:05:05.790670+00:00
2026-09,HCLTECH,8213,16289782,16289782,1983.4142901697408,raw_synthetic_l2_dense_full_year\trade_month=2026-09\symbol=HCLTECH\part-00000.parquet,193535035,2026-07-16T18:05:41.676498+00:00
2026-09,HDFCBANK,8208,16279864,16279864,1983.4142901697408,raw_synthetic_l2_dense_full_year\trade_month=2026-09\symbol=HDFCBANK\part-00000.parquet,182270934,2026-07-16T18:06:17.376586+00:00
2026-09,HINDUNILVR,8216,16295732,16295732,1983.4142901697408,raw_synthetic_l2_dense_full_year\trade_month=2026-09\symbol=HINDUNILVR\part-00000.parquet,198637848,2026-07-16T18:06:52.525488+00:00
2026-09,ICICIBANK,8218,16299699,16299699,1983.4142901697408,raw_synthetic_l2_dense_full_year\trade_month=2026-09\symbol=ICICIBANK\part-00000.parquet,190461806,2026-07-16T18:07:27.837548+00:00
2026-09,INFY,8223,16309616,16309616,1983.4142901697408,raw_synthetic_l2_dense_full_year\trade_month=2026-09\symbol=INFY\part-00000.parquet,189745368,2026-07-16T18:08:04.419187+00:00
2026-09,ITBEES,8207,16277881,16277881,1983.4142901697408,raw_synthetic_l2_dense_full_year\trade_month=2026-09\symbol=ITBEES\part-00000.parquet,174128661,2026-07-16T18:08:40.179533+00:00
2026-09,ITC,8220,16303665,16303665,1983.4142901697408,raw_synthetic_l2_dense_full_year\trade_month=2026-09\symbol=ITC\part-00000.parquet,179206198,2026-07-16T18:09:14.823620+00:00
2026-09,JUNIORBEES,8209,16281848,16281848,1983.4142901697408,raw_synthetic_l2_dense_full_year\trade_month=2026-09\symbol=JUNIORBEES\part-00000.parquet,195417454,2026-07-16T18:09:50.875261+00:00
2026-09,KOTAKBANK,8213,16289782,16289782,1983.4142901697408,raw_synthetic_l2_dense_full_year\trade_month=2026-09\symbol=KOTAKBANK\part-00000.parquet,183039821,2026-07-16T18:10:27.282407+00:00
2026-09,LT,8229,16321516,16321516,1983.4142901697408,raw_synthetic_l2_dense_full_year\trade_month=2026-09\symbol=LT\part-00000.parquet,204712590,2026-07-16T18:11:02.451477+00:00
2026-09,M&M,8222,16307632,16307632,1983.4142901697408,raw_synthetic_l2_dense_full_year\trade_month=2026-09\symbol=M&M\part-00000.parquet,202013217,2026-07-16T18:11:39.086635+00:00
2026-09,MARUTI,8217,16297715,16297715,1983.4142901697408,raw_synthetic_l2_dense_full_year\trade_month=2026-09\symbol=MARUTI\part-00000.parquet,208421825,2026-07-16T18:12:14.815442+00:00
2026-09,NESTLEIND,8205,16273914,16273914,1983.4142901697408,raw_synthetic_l2_dense_full_year\trade_month=2026-09\symbol=NESTLEIND\part-00000.parquet,198003210,2026-07-16T18:12:50.814812+00:00
2026-09,NIFTYBEES,8233,16329450,16329450,1983.4142901697408,raw_synthetic_l2_dense_full_year\trade_month=2026-09\symbol=NIFTYBEES\part-00000.parquet,179611088,2026-07-16T18:13:25.549737+00:00
2026-09,ONGC,8225,16313583,16313583,1983.4142901697408,raw_synthetic_l2_dense_full_year\trade_month=2026-09\symbol=ONGC\part-00000.parquet,178617065,2026-07-16T18:13:59.746223+00:00
2026-09,RELIANCE,8223,16309616,16309616,1983.4142901697408,raw_synthetic_l2_dense_full_year\trade_month=2026-09\symbol=RELIANCE\part-00000.parquet,189595493,2026-07-16T18:14:35.543157+00:00
2026-09,SBIN,8206,16275898,16275898,1983.4142901697408,raw_synthetic_l2_dense_full_year\trade_month=2026-09\symbol=SBIN\part-00000.parquet,189475882,2026-07-16T18:15:10.576396+00:00
2026-09,SUNPHARMA,8214,16291765,16291765,1983.4142901697408,raw_synthetic_l2_dense_full_year\trade_month=2026-09\symbol=SUNPHARMA\part-00000.parquet,200925405,2026-07-16T18:15:45.218740+00:00
2026-09,TCS,8232,16327466,16327466,1983.4142901697408,raw_synthetic_l2_dense_full_year\trade_month=2026-09\symbol=TCS\part-00000.parquet,200096118,2026-07-16T18:16:21.777895+00:00
2026-09,TECHM,8214,16291765,16291765,1983.4142901697408,raw_synthetic_l2_dense_full_year\trade_month=2026-09\symbol=TECHM\part-00000.parquet,200855984,2026-07-16T18:16:57.525340+00:00
2026-09,ULTRACEMCO,8227,16317549,16317549,1983.4142901697408,raw_synthetic_l2_dense_full_year\trade_month=2026-09\symbol=ULTRACEMCO\part-00000.parquet,210864928,2026-07-16T18:17:35.171102+00:00
2026-09,WIPRO,8223,16309616,16309616,1983.4142901697408,raw_synthetic_l2_dense_full_year\trade_month=2026-09\symbol=WIPRO\part-00000.parquet,176916628,2026-07-16T18:18:10.464611+00:00
2026-10,ADANIPORTS,8220,16303665,16303665,1983.4142901697408,raw_synthetic_l2_dense_full_year\trade_month=2026-10\symbol=ADANIPORTS\part-00000.parquet,198223409,2026-07-16T18:18:46.235006+00:00
2026-10,AXISBANK,8213,16289782,16289782,1983.4142901697408,raw_synthetic_l2_dense_full_year\trade_month=2026-10\symbol=AXISBANK\part-00000.parquet,187107508,2026-07-16T18:19:22.792361+00:00
2026-10,BAJAJ-AUTO,8223,16309616,16309616,1983.4142901697408,raw_synthetic_l2_dense_full_year\trade_month=2026-10\symbol=BAJAJ-AUTO\part-00000.parquet,214148898,2026-07-16T18:20:00.288413+00:00
2026-10,BANKBEES,8215,16293748,16293748,1983.4142901697408,raw_synthetic_l2_dense_full_year\trade_month=2026-10\symbol=BANKBEES\part-00000.parquet,188234792,2026-07-16T18:20:36.396070+00:00
2026-10,BHARTIARTL,8234,16331433,16331433,1983.4142901697408,raw_synthetic_l2_dense_full_year\trade_month=2026-10\symbol=BHARTIARTL\part-00000.parquet,195434746,2026-07-16T18:21:13.092642+00:00
2026-10,BPCL,8220,16303665,16303665,1983.4142901697408,raw_synthetic_l2_dense_full_year\trade_month=2026-10\symbol=BPCL\part-00000.parquet,177317391,2026-07-16T18:21:49.045924+00:00
2026-10,BRITANNIA,8224,16311599,16311599,1983.4142901697408,raw_synthetic_l2_dense_full_year\trade_month=2026-10\symbol=BRITANNIA\part-00000.parquet,212272827,2026-07-16T18:22:24.495445+00:00
2026-10,CIPLA,8207,16277881,16277881,1983.4142901697408,raw_synthetic_l2_dense_full_year\trade_month=2026-10\symbol=CIPLA\part-00000.parquet,197243730,2026-07-16T18:23:00.486637+00:00
2026-10,DRREDDY,8220,16303665,16303665,1983.4142901697408,raw_synthetic_l2_dense_full_year\trade_month=2026-10\symbol=DRREDDY\part-00000.parquet,193176021,2026-07-16T18:23:35.803081+00:00
2026-10,GOLDBEES,8231,16325483,16325483,1983.4142901697408,raw_synthetic_l2_dense_full_year\trade_month=2026-10\symbol=GOLDBEES\part-00000.parquet,176644031,2026-07-16T18:24:12.094477+00:00
2026-10,HCLTECH,8221,16305649,16305649,1983.4142901697408,raw_synthetic_l2_dense_full_year\trade_month=2026-10\symbol=HCLTECH\part-00000.parquet,193907572,2026-07-16T18:24:47.973659+00:00
2026-10,HDFCBANK,8212,16287798,16287798,1983.4142901697408,raw_synthetic_l2_dense_full_year\trade_month=2026-10\symbol=HDFCBANK\part-00000.parquet,181232343,2026-07-16T18:25:22.047106+00:00
2026-10,HINDUNILVR,8211,16285815,16285815,1983.4142901697408,raw_synthetic_l2_dense_full_year\trade_month=2026-10\symbol=HINDUNILVR\part-00000.parquet,196542037,2026-07-16T18:25:56.521189+00:00
2026-10,ICICIBANK,8219,16301682,16301682,1983.4142901697408,raw_synthetic_l2_dense_full_year\trade_month=2026-10\symbol=ICICIBANK\part-00000.parquet,185974046,2026-07-16T18:26:32.260248+00:00
2026-10,INFY,8221,16305649,16305649,1983.4142901697408,raw_synthetic_l2_dense_full_year\trade_month=2026-10\symbol=INFY\part-00000.parquet,185843548,2026-07-16T18:27:07.683687+00:00
2026-10,ITBEES,8237,16337384,16337384,1983.4142901697408,raw_synthetic_l2_dense_full_year\trade_month=2026-10\symbol=ITBEES\part-00000.parquet,176563854,2026-07-16T18:27:44.176875+00:00
2026-10,ITC,8238,16339367,16339367,1983.4142901697408,raw_synthetic_l2_dense_full_year\trade_month=2026-10\symbol=ITC\part-00000.parquet,178919822,2026-07-16T18:28:20.401538+00:00
2026-10,JUNIORBEES,8222,16307632,16307632,1983.4142901697408,raw_synthetic_l2_dense_full_year\trade_month=2026-10\symbol=JUNIORBEES\part-00000.parquet,194592076,2026-07-16T18:28:55.627864+00:00
2026-10,KOTAKBANK,8225,16313583,16313583,1983.4142901697408,raw_synthetic_l2_dense_full_year\trade_month=2026-10\symbol=KOTAKBANK\part-00000.parquet,181828829,2026-07-16T18:29:31.139113+00:00
2026-10,LT,8222,16307632,16307632,1983.4142901697408,raw_synthetic_l2_dense_full_year\trade_month=2026-10\symbol=LT\part-00000.parquet,196858152,2026-07-16T18:30:07.228745+00:00
2026-10,M&M,8217,16297715,16297715,1983.4142901697408,raw_synthetic_l2_dense_full_year\trade_month=2026-10\symbol=M&M\part-00000.parquet,196643023,2026-07-16T18:30:43.268548+00:00
2026-10,MARUTI,8234,16331433,16331433,1983.4142901697408,raw_synthetic_l2_dense_full_year\trade_month=2026-10\symbol=MARUTI\part-00000.parquet,211940654,2026-07-16T18:31:19.751671+00:00
2026-10,NESTLEIND,8221,16305649,16305649,1983.4142901697408,raw_synthetic_l2_dense_full_year\trade_month=2026-10\symbol=NESTLEIND\part-00000.parquet,196879886,2026-07-16T18:31:55.288573+00:00
2026-10,NIFTYBEES,8211,16285815,16285815,1983.4142901697408,raw_synthetic_l2_dense_full_year\trade_month=2026-10\symbol=NIFTYBEES\part-00000.parquet,176526300,2026-07-16T18:32:31.064331+00:00
2026-10,ONGC,8229,16321516,16321516,1983.4142901697408,raw_synthetic_l2_dense_full_year\trade_month=2026-10\symbol=ONGC\part-00000.parquet,178775570,2026-07-16T18:33:05.985795+00:00
2026-10,RELIANCE,8205,16273914,16273914,1983.4142901697408,raw_synthetic_l2_dense_full_year\trade_month=2026-10\symbol=RELIANCE\part-00000.parquet,184744578,2026-07-16T18:33:41.514873+00:00
2026-10,SBIN,8210,16283831,16283831,1983.4142901697408,raw_synthetic_l2_dense_full_year\trade_month=2026-10\symbol=SBIN\part-00000.parquet,186059187,2026-07-16T18:34:17.044855+00:00
2026-10,SUNPHARMA,8225,16313583,16313583,1983.4142901697408,raw_synthetic_l2_dense_full_year\trade_month=2026-10\symbol=SUNPHARMA\part-00000.parquet,197376912,2026-07-16T18:34:54.124671+00:00
2026-10,TCS,8221,16305649,16305649,1983.4142901697408,raw_synthetic_l2_dense_full_year\trade_month=2026-10\symbol=TCS\part-00000.parquet,197842037,2026-07-16T18:35:29.746110+00:00
2026-10,TECHM,8214,16291765,16291765,1983.4142901697408,raw_synthetic_l2_dense_full_year\trade_month=2026-10\symbol=TECHM\part-00000.parquet,198190686,2026-07-16T18:36:05.822828+00:00
2026-10,ULTRACEMCO,8231,16325483,16325483,1983.4142901697408,raw_synthetic_l2_dense_full_year\trade_month=2026-10\symbol=ULTRACEMCO\part-00000.parquet,211162329,2026-07-16T18:36:42.746704+00:00
2026-10,WIPRO,8245,16353251,16353251,1983.4142901697408,raw_synthetic_l2_dense_full_year\trade_month=2026-10\symbol=WIPRO\part-00000.parquet,177774808,2026-07-16T18:37:19.455914+00:00
2026-11,ADANIPORTS,7849,15567819,15567819,1983.4142901697408,raw_synthetic_l2_dense_full_year\trade_month=2026-11\symbol=ADANIPORTS\part-00000.parquet,191576619,2026-07-16T18:37:53.908926+00:00
2026-11,AXISBANK,7852,15573769,15573769,1983.4142901697408,raw_synthetic_l2_dense_full_year\trade_month=2026-11\symbol=AXISBANK\part-00000.parquet,180135490,2026-07-16T18:38:29.292858+00:00
2026-11,BAJAJ-AUTO,7852,15573769,15573769,1983.4142901697408,raw_synthetic_l2_dense_full_year\trade_month=2026-11\symbol=BAJAJ-AUTO\part-00000.parquet,205968521,2026-07-16T18:39:05.020736+00:00
2026-11,BANKBEES,7845,15559885,15559885,1983.4142901697408,raw_synthetic_l2_dense_full_year\trade_month=2026-11\symbol=BANKBEES\part-00000.parquet,181787856,2026-07-16T18:39:38.634646+00:00
2026-11,BHARTIARTL,7859,15587653,15587653,1983.4142901697408,raw_synthetic_l2_dense_full_year\trade_month=2026-11\symbol=BHARTIARTL\part-00000.parquet,184404475,2026-07-16T18:40:12.683525+00:00
2026-11,BPCL,7861,15591620,15591620,1983.4142901697408,raw_synthetic_l2_dense_full_year\trade_month=2026-11\symbol=BPCL\part-00000.parquet,172172159,2026-07-16T18:40:46.610537+00:00
2026-11,BRITANNIA,7827,15524184,15524184,1983.4142901697408,raw_synthetic_l2_dense_full_year\trade_month=2026-11\symbol=BRITANNIA\part-00000.parquet,202577657,2026-07-16T18:41:21.335209+00:00
2026-11,CIPLA,7840,15549968,15549968,1983.4142901697408,raw_synthetic_l2_dense_full_year\trade_month=2026-11\symbol=CIPLA\part-00000.parquet,190374254,2026-07-16T18:41:55.935640+00:00
2026-11,DRREDDY,7837,15544018,15544018,1983.4142901697408,raw_synthetic_l2_dense_full_year\trade_month=2026-11\symbol=DRREDDY\part-00000.parquet,185444101,2026-07-16T18:42:29.800563+00:00
2026-11,GOLDBEES,7834,15538068,15538068,1983.4142901697408,raw_synthetic_l2_dense_full_year\trade_month=2026-11\symbol=GOLDBEES\part-00000.parquet,165547805,2026-07-16T18:43:03.822275+00:00
2026-11,HCLTECH,7840,15549968,15549968,1983.4142901697408,raw_synthetic_l2_dense_full_year\trade_month=2026-11\symbol=HCLTECH\part-00000.parquet,184567514,2026-07-16T18:43:37.440436+00:00
2026-11,HDFCBANK,7858,15585669,15585669,1983.4142901697408,raw_synthetic_l2_dense_full_year\trade_month=2026-11\symbol=HDFCBANK\part-00000.parquet,174085436,2026-07-16T18:44:11.233323+00:00
2026-11,HINDUNILVR,7835,15540051,15540051,1983.4142901697408,raw_synthetic_l2_dense_full_year\trade_month=2026-11\symbol=HINDUNILVR\part-00000.parquet,191764570,2026-07-16T18:44:45.365555+00:00
2026-11,ICICIBANK,7844,15557902,15557902,1983.4142901697408,raw_synthetic_l2_dense_full_year\trade_month=2026-11\symbol=ICICIBANK\part-00000.parquet,179395950,2026-07-16T18:45:18.494424+00:00
2026-11,INFY,7829,15528150,15528150,1983.4142901697408,raw_synthetic_l2_dense_full_year\trade_month=2026-11\symbol=INFY\part-00000.parquet,179388398,2026-07-16T18:45:49.265943+00:00
2026-11,ITBEES,7851,15571786,15571786,1983.4142901697408,raw_synthetic_l2_dense_full_year\trade_month=2026-11\symbol=ITBEES\part-00000.parquet,168124645,2026-07-16T18:46:20.604100+00:00
2026-11,ITC,7843,15555918,15555918,1983.4142901697408,raw_synthetic_l2_dense_full_year\trade_month=2026-11\symbol=ITC\part-00000.parquet,170554605,2026-07-16T18:46:51.409920+00:00
2026-11,JUNIORBEES,7838,15546001,15546001,1983.4142901697408,raw_synthetic_l2_dense_full_year\trade_month=2026-11\symbol=JUNIORBEES\part-00000.parquet,186314244,2026-07-16T18:47:23.116576+00:00
2026-11,KOTAKBANK,7836,15542034,15542034,1983.4142901697408,raw_synthetic_l2_dense_full_year\trade_month=2026-11\symbol=KOTAKBANK\part-00000.parquet,173200974,2026-07-16T18:47:56.242038+00:00
2026-11,LT,7842,15553935,15553935,1983.4142901697408,raw_synthetic_l2_dense_full_year\trade_month=2026-11\symbol=LT\part-00000.parquet,190653902,2026-07-16T18:48:28.723653+00:00
2026-11,M&M,7843,15555918,15555918,1983.4142901697408,raw_synthetic_l2_dense_full_year\trade_month=2026-11\symbol=M&M\part-00000.parquet,191956835,2026-07-16T18:49:03.577826+00:00
2026-11,MARUTI,7839,15547985,15547985,1983.4142901697408,raw_synthetic_l2_dense_full_year\trade_month=2026-11\symbol=MARUTI\part-00000.parquet,202201588,2026-07-16T18:49:36.533368+00:00
2026-11,NESTLEIND,7838,15546001,15546001,1983.4142901697408,raw_synthetic_l2_dense_full_year\trade_month=2026-11\symbol=NESTLEIND\part-00000.parquet,189322023,2026-07-16T18:50:13.249069+00:00
2026-11,NIFTYBEES,7847,15563852,15563852,1983.4142901697408,raw_synthetic_l2_dense_full_year\trade_month=2026-11\symbol=NIFTYBEES\part-00000.parquet,169798125,2026-07-16T18:50:47.366022+00:00
2026-11,ONGC,7840,15549968,15549968,1983.4142901697408,raw_synthetic_l2_dense_full_year\trade_month=2026-11\symbol=ONGC\part-00000.parquet,172338761,2026-07-16T18:51:24.834771+00:00
2026-11,RELIANCE,7838,15546001,15546001,1983.4142901697408,raw_synthetic_l2_dense_full_year\trade_month=2026-11\symbol=RELIANCE\part-00000.parquet,180088730,2026-07-16T18:51:58.737975+00:00
2026-11,SBIN,7849,15567819,15567819,1983.4142901697408,raw_synthetic_l2_dense_full_year\trade_month=2026-11\symbol=SBIN\part-00000.parquet,178383109,2026-07-16T18:52:29.754744+00:00
2026-11,SUNPHARMA,7856,15581703,15581703,1983.4142901697408,raw_synthetic_l2_dense_full_year\trade_month=2026-11\symbol=SUNPHARMA\part-00000.parquet,188951960,2026-07-16T18:53:00.712158+00:00
2026-11,TCS,7843,15555918,15555918,1983.4142901697408,raw_synthetic_l2_dense_full_year\trade_month=2026-11\symbol=TCS\part-00000.parquet,189158964,2026-07-16T18:53:31.559013+00:00
2026-11,TECHM,7817,15504350,15504350,1983.4142901697408,raw_synthetic_l2_dense_full_year\trade_month=2026-11\symbol=TECHM\part-00000.parquet,191417548,2026-07-16T18:54:03.261941+00:00
2026-11,ULTRACEMCO,7850,15569802,15569802,1983.4142901697408,raw_synthetic_l2_dense_full_year\trade_month=2026-11\symbol=ULTRACEMCO\part-00000.parquet,200948151,2026-07-16T18:54:36.616520+00:00
2026-11,WIPRO,7841,15551951,15551951,1983.4142901697408,raw_synthetic_l2_dense_full_year\trade_month=2026-11\symbol=WIPRO\part-00000.parquet,168747215,2026-07-16T18:55:10.339188+00:00
2026-12,ADANIPORTS,5221,10355406,10355406,1983.4142901697408,raw_synthetic_l2_dense_full_year\trade_month=2026-12\symbol=ADANIPORTS\part-00000.parquet,126613927,2026-07-16T18:55:33.506321+00:00
2026-12,AXISBANK,5231,10375240,10375240,1983.4142901697408,raw_synthetic_l2_dense_full_year\trade_month=2026-12\symbol=AXISBANK\part-00000.parquet,119943681,2026-07-16T18:55:56.136319+00:00
2026-12,BAJAJ-AUTO,5234,10381190,10381190,1983.4142901697408,raw_synthetic_l2_dense_full_year\trade_month=2026-12\symbol=BAJAJ-AUTO\part-00000.parquet,136295099,2026-07-16T18:56:19.403852+00:00
2026-12,BANKBEES,5234,10381190,10381190,1983.4142901697408,raw_synthetic_l2_dense_full_year\trade_month=2026-12\symbol=BANKBEES\part-00000.parquet,119797338,2026-07-16T18:56:42.442106+00:00
2026-12,BHARTIARTL,5229,10371273,10371273,1983.4142901697408,raw_synthetic_l2_dense_full_year\trade_month=2026-12\symbol=BHARTIARTL\part-00000.parquet,124567840,2026-07-16T18:57:04.574755+00:00
2026-12,BPCL,5231,10375240,10375240,1983.4142901697408,raw_synthetic_l2_dense_full_year\trade_month=2026-12\symbol=BPCL\part-00000.parquet,113570994,2026-07-16T18:57:25.473838+00:00
2026-12,BRITANNIA,5224,10361356,10361356,1983.4142901697408,raw_synthetic_l2_dense_full_year\trade_month=2026-12\symbol=BRITANNIA\part-00000.parquet,133989770,2026-07-16T18:57:46.487754+00:00
2026-12,CIPLA,5245,10403008,10403008,1983.4142901697408,raw_synthetic_l2_dense_full_year\trade_month=2026-12\symbol=CIPLA\part-00000.parquet,124736050,2026-07-16T18:58:07.152491+00:00
2026-12,DRREDDY,5223,10359373,10359373,1983.4142901697408,raw_synthetic_l2_dense_full_year\trade_month=2026-12\symbol=DRREDDY\part-00000.parquet,123198848,2026-07-16T18:58:28.040107+00:00
2026-12,GOLDBEES,5229,10371273,10371273,1983.4142901697408,raw_synthetic_l2_dense_full_year\trade_month=2026-12\symbol=GOLDBEES\part-00000.parquet,111975238,2026-07-16T18:58:49.046661+00:00
2026-12,HCLTECH,5232,10377224,10377224,1983.4142901697408,raw_synthetic_l2_dense_full_year\trade_month=2026-12\symbol=HCLTECH\part-00000.parquet,121599355,2026-07-16T18:59:10.779322+00:00
2026-12,HDFCBANK,5230,10373257,10373257,1983.4142901697408,raw_synthetic_l2_dense_full_year\trade_month=2026-12\symbol=HDFCBANK\part-00000.parquet,115806429,2026-07-16T18:59:33.174991+00:00
2026-12,HINDUNILVR,5226,10365323,10365323,1983.4142901697408,raw_synthetic_l2_dense_full_year\trade_month=2026-12\symbol=HINDUNILVR\part-00000.parquet,124365505,2026-07-16T18:59:56.112777+00:00
2026-12,ICICIBANK,5230,10373257,10373257,1983.4142901697408,raw_synthetic_l2_dense_full_year\trade_month=2026-12\symbol=ICICIBANK\part-00000.parquet,120166156,2026-07-16T19:00:18.374682+00:00
2026-12,INFY,5222,10357389,10357389,1983.4142901697408,raw_synthetic_l2_dense_full_year\trade_month=2026-12\symbol=INFY\part-00000.parquet,119787911,2026-07-16T19:00:41.030371+00:00
2026-12,ITBEES,5220,10353423,10353423,1983.4142901697408,raw_synthetic_l2_dense_full_year\trade_month=2026-12\symbol=ITBEES\part-00000.parquet,111773020,2026-07-16T19:01:03.443143+00:00
2026-12,ITC,5222,10357389,10357389,1983.4142901697408,raw_synthetic_l2_dense_full_year\trade_month=2026-12\symbol=ITC\part-00000.parquet,113341055,2026-07-16T19:01:25.891535+00:00
2026-12,JUNIORBEES,5232,10377224,10377224,1983.4142901697408,raw_synthetic_l2_dense_full_year\trade_month=2026-12\symbol=JUNIORBEES\part-00000.parquet,124040999,2026-07-16T19:01:47.459481+00:00
2026-12,KOTAKBANK,5228,10369290,10369290,1983.4142901697408,raw_synthetic_l2_dense_full_year\trade_month=2026-12\symbol=KOTAKBANK\part-00000.parquet,115720994,2026-07-16T19:02:08.764046+00:00
2026-12,LT,5220,10353423,10353423,1983.4142901697408,raw_synthetic_l2_dense_full_year\trade_month=2026-12\symbol=LT\part-00000.parquet,127818878,2026-07-16T19:02:30.008054+00:00
2026-12,M&M,5220,10353423,10353423,1983.4142901697408,raw_synthetic_l2_dense_full_year\trade_month=2026-12\symbol=M&M\part-00000.parquet,127941987,2026-07-16T19:02:50.573253+00:00
2026-12,MARUTI,5233,10379207,10379207,1983.4142901697408,raw_synthetic_l2_dense_full_year\trade_month=2026-12\symbol=MARUTI\part-00000.parquet,134991929,2026-07-16T19:03:11.301687+00:00
2026-12,NESTLEIND,5231,10375240,10375240,1983.4142901697408,raw_synthetic_l2_dense_full_year\trade_month=2026-12\symbol=NESTLEIND\part-00000.parquet,125655614,2026-07-16T19:03:32.186776+00:00
2026-12,NIFTYBEES,5228,10369290,10369290,1983.4142901697408,raw_synthetic_l2_dense_full_year\trade_month=2026-12\symbol=NIFTYBEES\part-00000.parquet,112961535,2026-07-16T19:03:53.039247+00:00
2026-12,ONGC,5227,10367306,10367306,1983.4142901697408,raw_synthetic_l2_dense_full_year\trade_month=2026-12\symbol=ONGC\part-00000.parquet,112863493,2026-07-16T19:04:14.153964+00:00
2026-12,RELIANCE,5227,10367306,10367306,1983.4142901697408,raw_synthetic_l2_dense_full_year\trade_month=2026-12\symbol=RELIANCE\part-00000.parquet,120261988,2026-07-16T19:04:36.912260+00:00
2026-12,SBIN,5216,10345489,10345489,1983.4142901697408,raw_synthetic_l2_dense_full_year\trade_month=2026-12\symbol=SBIN\part-00000.parquet,119138793,2026-07-16T19:05:00.934104+00:00
2026-12,SUNPHARMA,5222,10357389,10357389,1983.4142901697408,raw_synthetic_l2_dense_full_year\trade_month=2026-12\symbol=SUNPHARMA\part-00000.parquet,126623521,2026-07-16T19:05:24.040656+00:00
2026-12,TCS,5232,10377224,10377224,1983.4142901697408,raw_synthetic_l2_dense_full_year\trade_month=2026-12\symbol=TCS\part-00000.parquet,126413242,2026-07-16T19:05:46.922667+00:00
2026-12,TECHM,5228,10369290,10369290,1983.4142901697408,raw_synthetic_l2_dense_full_year\trade_month=2026-12\symbol=TECHM\part-00000.parquet,125998766,2026-07-16T19:06:10.583233+00:00
2026-12,ULTRACEMCO,5220,10353423,10353423,1983.4142901697408,raw_synthetic_l2_dense_full_year\trade_month=2026-12\symbol=ULTRACEMCO\part-00000.parquet,133877837,2026-07-16T19:06:34.436165+00:00
2026-12,WIPRO,5227,10367306,10367306,1983.4142901697408,raw_synthetic_l2_dense_full_year\trade_month=2026-12\symbol=WIPRO\part-00000.parquet,113241159,2026-07-16T19:06:57.626661+00:00
