phase360_work_order_id,family_id,primary_scenario_id,source_id,symbol,announcement_time_ist,announcement_date,market_session,diagnostic_trade_date,diagnostic_start_rule,description,no_lookahead_rule_applied,full_depth_levels_1_to_5_required,levels_2_to_5_materiality_required,cost_profile,paper_live_or_profit_claim_allowed
P373_2026-07-08_CIPLA_106690396,phase380_expanded_real_l2_catalyst_retest,P362_D120_I2p5_D0p25_R0p0_REVERSAL_CONTROL,NSE_CORPORATE_ANNOUNCEMENTS,CIPLA,08-Jul-2026 13:37:12,2026-07-08,regular_session,2026-07-08,first_real_tick_after_announcement,Analysts/Institutional Investor Meet/Con. Call Updates,1,1,1,zerodha_2x_all_in_cost_proxy,0
P373_2026-07-08_LT_106690276,phase380_expanded_real_l2_catalyst_retest,P362_D120_I2p5_D0p25_R0p0_REVERSAL_CONTROL,NSE_CORPORATE_ANNOUNCEMENTS,LT,08-Jul-2026 12:29:03,2026-07-08,regular_session,2026-07-08,first_real_tick_after_announcement,Press Release,1,1,1,zerodha_2x_all_in_cost_proxy,0
P373_2026-07-08_SBIN_106690529,phase380_expanded_real_l2_catalyst_retest,P362_D120_I2p5_D0p25_R0p0_REVERSAL_CONTROL,NSE_CORPORATE_ANNOUNCEMENTS,SBIN,08-Jul-2026 15:25:29,2026-07-08,regular_session,2026-07-08,first_real_tick_after_announcement,Credit Rating,1,1,1,zerodha_2x_all_in_cost_proxy,0
P373_2026-07-09_BHARTIARTL_106691845,phase380_expanded_real_l2_catalyst_retest,P362_D120_I2p5_D0p25_R0p0_REVERSAL_CONTROL,NSE_CORPORATE_ANNOUNCEMENTS,BHARTIARTL,09-Jul-2026 13:38:41,2026-07-09,regular_session,2026-07-09,first_real_tick_after_announcement,Copy of Newspaper Publication,1,1,1,zerodha_2x_all_in_cost_proxy,0
P373_2026-07-09_DRREDDY_106691390,phase380_expanded_real_l2_catalyst_retest,P362_D120_I2p5_D0p25_R0p0_REVERSAL_CONTROL,NSE_CORPORATE_ANNOUNCEMENTS,DRREDDY,09-Jul-2026 09:18:50,2026-07-09,regular_session,2026-07-09,first_real_tick_after_announcement,General Updates,1,1,1,zerodha_2x_all_in_cost_proxy,0
P373_2026-07-09_DRREDDY_106691463,phase380_expanded_real_l2_catalyst_retest,P362_D120_I2p5_D0p25_R0p0_REVERSAL_CONTROL,NSE_CORPORATE_ANNOUNCEMENTS,DRREDDY,09-Jul-2026 09:38:43,2026-07-09,regular_session,2026-07-09,first_real_tick_after_announcement,Analysts/Institutional Investor Meet/Con. Call Updates,1,1,1,zerodha_2x_all_in_cost_proxy,0
P373_2026-07-09_RELIANCE_106691045,phase380_expanded_real_l2_catalyst_retest,P362_D120_I2p5_D0p25_R0p0_REVERSAL_CONTROL,NSE_CORPORATE_ANNOUNCEMENTS,RELIANCE,08-Jul-2026 19:08:15,2026-07-08,post_close,2026-07-09,market_open_next_available_unseen_real_l2_day,Other Restructuring,1,1,1,zerodha_2x_all_in_cost_proxy,0
P373_2026-07-09_SBIN_106691111,phase380_expanded_real_l2_catalyst_retest,P362_D120_I2p5_D0p25_R0p0_REVERSAL_CONTROL,NSE_CORPORATE_ANNOUNCEMENTS,SBIN,08-Jul-2026 20:27:40,2026-07-08,post_close,2026-07-09,market_open_next_available_unseen_real_l2_day,General Updates,1,1,1,zerodha_2x_all_in_cost_proxy,0
P373_2026-07-09_SBIN_106691289,phase380_expanded_real_l2_catalyst_retest,P362_D120_I2p5_D0p25_R0p0_REVERSAL_CONTROL,NSE_CORPORATE_ANNOUNCEMENTS,SBIN,08-Jul-2026 23:59:50,2026-07-08,post_close,2026-07-09,market_open_next_available_unseen_real_l2_day,General Updates,1,1,1,zerodha_2x_all_in_cost_proxy,0
P373_2026-07-10_ADANIPORTS_106692702,phase380_expanded_real_l2_catalyst_retest,P362_D120_I2p5_D0p25_R0p0_REVERSAL_CONTROL,NSE_CORPORATE_ANNOUNCEMENTS,ADANIPORTS,09-Jul-2026 21:51:40,2026-07-09,post_close,2026-07-10,market_open_next_available_unseen_real_l2_day,Updates,1,1,1,zerodha_2x_all_in_cost_proxy,0
P373_2026-07-10_BAJAJ-AUTO_106693161,phase380_expanded_real_l2_catalyst_retest,P362_D120_I2p5_D0p25_R0p0_REVERSAL_CONTROL,NSE_CORPORATE_ANNOUNCEMENTS,BAJAJ-AUTO,10-Jul-2026 11:05:02,2026-07-10,regular_session,2026-07-10,first_real_tick_after_announcement,Analysts/Institutional Investor Meet/Con. Call Updates,1,1,1,zerodha_2x_all_in_cost_proxy,0
P373_2026-07-10_BHARTIARTL_106693009,phase380_expanded_real_l2_catalyst_retest,P362_D120_I2p5_D0p25_R0p0_REVERSAL_CONTROL,NSE_CORPORATE_ANNOUNCEMENTS,BHARTIARTL,10-Jul-2026 10:02:55,2026-07-10,regular_session,2026-07-10,first_real_tick_after_announcement,Record Date,1,1,1,zerodha_2x_all_in_cost_proxy,0
P373_2026-07-10_DRREDDY_106692956,phase380_expanded_real_l2_catalyst_retest,P362_D120_I2p5_D0p25_R0p0_REVERSAL_CONTROL,NSE_CORPORATE_ANNOUNCEMENTS,DRREDDY,10-Jul-2026 08:51:29,2026-07-10,pre_open_or_overnight,2026-07-10,market_open_same_day,Analysts/Institutional Investor Meet/Con. Call Updates,1,1,1,zerodha_2x_all_in_cost_proxy,0
P373_2026-07-10_HCLTECH_106692256,phase380_expanded_real_l2_catalyst_retest,P362_D120_I2p5_D0p25_R0p0_REVERSAL_CONTROL,NSE_CORPORATE_ANNOUNCEMENTS,HCLTECH,09-Jul-2026 17:02:22,2026-07-09,post_close,2026-07-10,market_open_next_available_unseen_real_l2_day,Updates,1,1,1,zerodha_2x_all_in_cost_proxy,0
P373_2026-07-10_HDFCBANK_106692277,phase380_expanded_real_l2_catalyst_retest,P362_D120_I2p5_D0p25_R0p0_REVERSAL_CONTROL,NSE_CORPORATE_ANNOUNCEMENTS,HDFCBANK,09-Jul-2026 17:09:34,2026-07-09,post_close,2026-07-10,market_open_next_available_unseen_real_l2_day,Analysts/Institutional Investor Meet/Con. Call Updates,1,1,1,zerodha_2x_all_in_cost_proxy,0
P373_2026-07-10_ICICIBANK_106693061,phase380_expanded_real_l2_catalyst_retest,P362_D120_I2p5_D0p25_R0p0_REVERSAL_CONTROL,NSE_CORPORATE_ANNOUNCEMENTS,ICICIBANK,10-Jul-2026 10:32:30,2026-07-10,regular_session,2026-07-10,first_real_tick_after_announcement,ESOP/ESOS/ESPS,1,1,1,zerodha_2x_all_in_cost_proxy,0
P373_2026-07-10_KOTAKBANK_106692598,phase380_expanded_real_l2_catalyst_retest,P362_D120_I2p5_D0p25_R0p0_REVERSAL_CONTROL,NSE_CORPORATE_ANNOUNCEMENTS,KOTAKBANK,09-Jul-2026 19:37:41,2026-07-09,post_close,2026-07-10,market_open_next_available_unseen_real_l2_day,General Updates,1,1,1,zerodha_2x_all_in_cost_proxy,0
P373_2026-07-10_KOTAKBANK_106692658,phase380_expanded_real_l2_catalyst_retest,P362_D120_I2p5_D0p25_R0p0_REVERSAL_CONTROL,NSE_CORPORATE_ANNOUNCEMENTS,KOTAKBANK,09-Jul-2026 20:20:33,2026-07-09,post_close,2026-07-10,market_open_next_available_unseen_real_l2_day,General Updates,1,1,1,zerodha_2x_all_in_cost_proxy,0
P373_2026-07-10_M&M_106692090,phase380_expanded_real_l2_catalyst_retest,P362_D120_I2p5_D0p25_R0p0_REVERSAL_CONTROL,NSE_CORPORATE_ANNOUNCEMENTS,M&M,09-Jul-2026 16:05:27,2026-07-09,post_close,2026-07-10,market_open_next_available_unseen_real_l2_day,General Updates,1,1,1,zerodha_2x_all_in_cost_proxy,0
P373_2026-07-10_M&M_106693381,phase380_expanded_real_l2_catalyst_retest,P362_D120_I2p5_D0p25_R0p0_REVERSAL_CONTROL,NSE_CORPORATE_ANNOUNCEMENTS,M&M,10-Jul-2026 13:21:18,2026-07-10,regular_session,2026-07-10,first_real_tick_after_announcement,Analysts/Institutional Investor Meet/Con. Call Updates,1,1,1,zerodha_2x_all_in_cost_proxy,0
P373_2026-07-10_ONGC_106692689,phase380_expanded_real_l2_catalyst_retest,P362_D120_I2p5_D0p25_R0p0_REVERSAL_CONTROL,NSE_CORPORATE_ANNOUNCEMENTS,ONGC,09-Jul-2026 21:22:07,2026-07-09,post_close,2026-07-10,market_open_next_available_unseen_real_l2_day,Outcome of Board Meeting,1,1,1,zerodha_2x_all_in_cost_proxy,0
P373_2026-07-10_SBIN_106692841,phase380_expanded_real_l2_catalyst_retest,P362_D120_I2p5_D0p25_R0p0_REVERSAL_CONTROL,NSE_CORPORATE_ANNOUNCEMENTS,SBIN,09-Jul-2026 23:03:55,2026-07-09,post_close,2026-07-10,market_open_next_available_unseen_real_l2_day,General Updates,1,1,1,zerodha_2x_all_in_cost_proxy,0
P373_2026-07-10_TCS_106692052,phase380_expanded_real_l2_catalyst_retest,P362_D120_I2p5_D0p25_R0p0_REVERSAL_CONTROL,NSE_CORPORATE_ANNOUNCEMENTS,TCS,09-Jul-2026 15:52:21,2026-07-09,post_close,2026-07-10,market_open_next_available_unseen_real_l2_day,Outcome of Board Meeting,1,1,1,zerodha_2x_all_in_cost_proxy,0
P373_2026-07-10_TCS_106692059,phase380_expanded_real_l2_catalyst_retest,P362_D120_I2p5_D0p25_R0p0_REVERSAL_CONTROL,NSE_CORPORATE_ANNOUNCEMENTS,TCS,09-Jul-2026 15:54:18,2026-07-09,post_close,2026-07-10,market_open_next_available_unseen_real_l2_day,Dividend,1,1,1,zerodha_2x_all_in_cost_proxy,0
P373_2026-07-10_TCS_106692063,phase380_expanded_real_l2_catalyst_retest,P362_D120_I2p5_D0p25_R0p0_REVERSAL_CONTROL,NSE_CORPORATE_ANNOUNCEMENTS,TCS,09-Jul-2026 15:56:06,2026-07-09,post_close,2026-07-10,market_open_next_available_unseen_real_l2_day,Press Release,1,1,1,zerodha_2x_all_in_cost_proxy,0
P373_2026-07-10_TCS_106692067,phase380_expanded_real_l2_catalyst_retest,P362_D120_I2p5_D0p25_R0p0_REVERSAL_CONTROL,NSE_CORPORATE_ANNOUNCEMENTS,TCS,09-Jul-2026 15:57:25,2026-07-09,post_close,2026-07-10,market_open_next_available_unseen_real_l2_day,General Updates,1,1,1,zerodha_2x_all_in_cost_proxy,0
P373_2026-07-10_TCS_106692731,phase380_expanded_real_l2_catalyst_retest,P362_D120_I2p5_D0p25_R0p0_REVERSAL_CONTROL,NSE_CORPORATE_ANNOUNCEMENTS,TCS,09-Jul-2026 22:27:13,2026-07-09,post_close,2026-07-10,market_open_next_available_unseen_real_l2_day,Analysts/Institutional Investor Meet/Con. Call Updates,1,1,1,zerodha_2x_all_in_cost_proxy,0
P373_2026-07-13_DRREDDY_106695517,phase380_expanded_real_l2_catalyst_retest,P362_D120_I2p5_D0p25_R0p0_REVERSAL_CONTROL,NSE_CORPORATE_ANNOUNCEMENTS,DRREDDY,13-Jul-2026 14:35:09,2026-07-13,regular_session,2026-07-13,first_real_tick_after_announcement,Press Release,1,1,1,zerodha_2x_all_in_cost_proxy,0
P373_2026-07-13_HDFCBANK_106694495,phase380_expanded_real_l2_catalyst_retest,P362_D120_I2p5_D0p25_R0p0_REVERSAL_CONTROL,NSE_CORPORATE_ANNOUNCEMENTS,HDFCBANK,10-Jul-2026 23:50:18,2026-07-10,post_close,2026-07-13,market_open_next_available_unseen_real_l2_day,Shareholders meeting,1,1,1,zerodha_2x_all_in_cost_proxy,0
P373_2026-07-13_INFY_106695528,phase380_expanded_real_l2_catalyst_retest,P362_D120_I2p5_D0p25_R0p0_REVERSAL_CONTROL,NSE_CORPORATE_ANNOUNCEMENTS,INFY,13-Jul-2026 14:47:47,2026-07-13,regular_session,2026-07-13,first_real_tick_after_announcement,General Updates,1,1,1,zerodha_2x_all_in_cost_proxy,0
P373_2026-07-13_KOTAKBANK_106693798,phase380_expanded_real_l2_catalyst_retest,P362_D120_I2p5_D0p25_R0p0_REVERSAL_CONTROL,NSE_CORPORATE_ANNOUNCEMENTS,KOTAKBANK,10-Jul-2026 17:20:48,2026-07-10,post_close,2026-07-13,market_open_next_available_unseen_real_l2_day,Shareholders meeting,1,1,1,zerodha_2x_all_in_cost_proxy,0
P373_2026-07-13_KOTAKBANK_106693806,phase380_expanded_real_l2_catalyst_retest,P362_D120_I2p5_D0p25_R0p0_REVERSAL_CONTROL,NSE_CORPORATE_ANNOUNCEMENTS,KOTAKBANK,10-Jul-2026 17:24:32,2026-07-10,post_close,2026-07-13,market_open_next_available_unseen_real_l2_day,General Updates,1,1,1,zerodha_2x_all_in_cost_proxy,0
P373_2026-07-13_KOTAKBANK_106693819,phase380_expanded_real_l2_catalyst_retest,P362_D120_I2p5_D0p25_R0p0_REVERSAL_CONTROL,NSE_CORPORATE_ANNOUNCEMENTS,KOTAKBANK,10-Jul-2026 17:30:05,2026-07-10,post_close,2026-07-13,market_open_next_available_unseen_real_l2_day,General Updates,1,1,1,zerodha_2x_all_in_cost_proxy,0
P373_2026-07-13_MARUTI_106693600,phase380_expanded_real_l2_catalyst_retest,P362_D120_I2p5_D0p25_R0p0_REVERSAL_CONTROL,NSE_CORPORATE_ANNOUNCEMENTS,MARUTI,10-Jul-2026 15:53:31,2026-07-10,post_close,2026-07-13,market_open_next_available_unseen_real_l2_day,General Updates,1,1,1,zerodha_2x_all_in_cost_proxy,0
P373_2026-07-13_RELIANCE_106693860,phase380_expanded_real_l2_catalyst_retest,P362_D120_I2p5_D0p25_R0p0_REVERSAL_CONTROL,NSE_CORPORATE_ANNOUNCEMENTS,RELIANCE,10-Jul-2026 17:46:25,2026-07-10,post_close,2026-07-13,market_open_next_available_unseen_real_l2_day,Analysts/Institutional Investor Meet/Con. Call Updates,1,1,1,zerodha_2x_all_in_cost_proxy,0
P373_2026-07-13_SBIN_106694291,phase380_expanded_real_l2_catalyst_retest,P362_D120_I2p5_D0p25_R0p0_REVERSAL_CONTROL,NSE_CORPORATE_ANNOUNCEMENTS,SBIN,10-Jul-2026 22:26:10,2026-07-10,post_close,2026-07-13,market_open_next_available_unseen_real_l2_day,General Updates,1,1,1,zerodha_2x_all_in_cost_proxy,0
P373_2026-07-13_TCS_106694050,phase380_expanded_real_l2_catalyst_retest,P362_D120_I2p5_D0p25_R0p0_REVERSAL_CONTROL,NSE_CORPORATE_ANNOUNCEMENTS,TCS,10-Jul-2026 18:53:25,2026-07-10,post_close,2026-07-13,market_open_next_available_unseen_real_l2_day,Copy of Newspaper Publication,1,1,1,zerodha_2x_all_in_cost_proxy,0
P373_2026-07-13_TCS_106695270,phase380_expanded_real_l2_catalyst_retest,P362_D120_I2p5_D0p25_R0p0_REVERSAL_CONTROL,NSE_CORPORATE_ANNOUNCEMENTS,TCS,13-Jul-2026 11:30:11,2026-07-13,regular_session,2026-07-13,first_real_tick_after_announcement,Updates,1,1,1,zerodha_2x_all_in_cost_proxy,0
P373_2026-07-13_WIPRO_106693588,phase380_expanded_real_l2_catalyst_retest,P362_D120_I2p5_D0p25_R0p0_REVERSAL_CONTROL,NSE_CORPORATE_ANNOUNCEMENTS,WIPRO,10-Jul-2026 15:46:57,2026-07-10,post_close,2026-07-13,market_open_next_available_unseen_real_l2_day,Copy of Newspaper Publication,1,1,1,zerodha_2x_all_in_cost_proxy,0
P373_2026-07-14_BHARTIARTL_106696754,phase380_expanded_real_l2_catalyst_retest,P362_D120_I2p5_D0p25_R0p0_REVERSAL_CONTROL,NSE_CORPORATE_ANNOUNCEMENTS,BHARTIARTL,14-Jul-2026 11:58:18,2026-07-14,regular_session,2026-07-14,first_real_tick_after_announcement,Press Release,1,1,1,zerodha_2x_all_in_cost_proxy,0
P373_2026-07-14_CIPLA_106695963,phase380_expanded_real_l2_catalyst_retest,P362_D120_I2p5_D0p25_R0p0_REVERSAL_CONTROL,NSE_CORPORATE_ANNOUNCEMENTS,CIPLA,13-Jul-2026 18:29:03,2026-07-13,post_close,2026-07-14,market_open_next_available_unseen_real_l2_day,"Certificate under SEBI (Depositories and Participants) Regulations, 2018",1,1,1,zerodha_2x_all_in_cost_proxy,0
P373_2026-07-14_HCLTECH_106695829,phase380_expanded_real_l2_catalyst_retest,P362_D120_I2p5_D0p25_R0p0_REVERSAL_CONTROL,NSE_CORPORATE_ANNOUNCEMENTS,HCLTECH,13-Jul-2026 17:41:00,2026-07-13,post_close,2026-07-14,market_open_next_available_unseen_real_l2_day,Outcome of Board Meeting,1,1,1,zerodha_2x_all_in_cost_proxy,0
P373_2026-07-14_HCLTECH_106695847,phase380_expanded_real_l2_catalyst_retest,P362_D120_I2p5_D0p25_R0p0_REVERSAL_CONTROL,NSE_CORPORATE_ANNOUNCEMENTS,HCLTECH,13-Jul-2026 17:46:28,2026-07-13,post_close,2026-07-14,market_open_next_available_unseen_real_l2_day,Press Release,1,1,1,zerodha_2x_all_in_cost_proxy,0
P373_2026-07-14_HCLTECH_106695856,phase380_expanded_real_l2_catalyst_retest,P362_D120_I2p5_D0p25_R0p0_REVERSAL_CONTROL,NSE_CORPORATE_ANNOUNCEMENTS,HCLTECH,13-Jul-2026 17:49:49,2026-07-13,post_close,2026-07-14,market_open_next_available_unseen_real_l2_day,General Updates,1,1,1,zerodha_2x_all_in_cost_proxy,0
P373_2026-07-14_HCLTECH_106695864,phase380_expanded_real_l2_catalyst_retest,P362_D120_I2p5_D0p25_R0p0_REVERSAL_CONTROL,NSE_CORPORATE_ANNOUNCEMENTS,HCLTECH,13-Jul-2026 17:53:19,2026-07-13,post_close,2026-07-14,market_open_next_available_unseen_real_l2_day,Dividend,1,1,1,zerodha_2x_all_in_cost_proxy,0
P373_2026-07-14_HCLTECH_106695871,phase380_expanded_real_l2_catalyst_retest,P362_D120_I2p5_D0p25_R0p0_REVERSAL_CONTROL,NSE_CORPORATE_ANNOUNCEMENTS,HCLTECH,13-Jul-2026 17:55:38,2026-07-13,post_close,2026-07-14,market_open_next_available_unseen_real_l2_day,Record Date,1,1,1,zerodha_2x_all_in_cost_proxy,0
P373_2026-07-14_HCLTECH_106695928,phase380_expanded_real_l2_catalyst_retest,P362_D120_I2p5_D0p25_R0p0_REVERSAL_CONTROL,NSE_CORPORATE_ANNOUNCEMENTS,HCLTECH,13-Jul-2026 18:20:56,2026-07-13,post_close,2026-07-14,market_open_next_available_unseen_real_l2_day,General Updates,1,1,1,zerodha_2x_all_in_cost_proxy,0
P373_2026-07-14_HCLTECH_106695980,phase380_expanded_real_l2_catalyst_retest,P362_D120_I2p5_D0p25_R0p0_REVERSAL_CONTROL,NSE_CORPORATE_ANNOUNCEMENTS,HCLTECH,13-Jul-2026 18:34:52,2026-07-13,post_close,2026-07-14,market_open_next_available_unseen_real_l2_day,Change in Director(s),1,1,1,zerodha_2x_all_in_cost_proxy,0
P373_2026-07-14_HCLTECH_106695992,phase380_expanded_real_l2_catalyst_retest,P362_D120_I2p5_D0p25_R0p0_REVERSAL_CONTROL,NSE_CORPORATE_ANNOUNCEMENTS,HCLTECH,13-Jul-2026 18:39:10,2026-07-13,post_close,2026-07-14,market_open_next_available_unseen_real_l2_day,Updates,1,1,1,zerodha_2x_all_in_cost_proxy,0
P373_2026-07-14_HCLTECH_106696002,phase380_expanded_real_l2_catalyst_retest,P362_D120_I2p5_D0p25_R0p0_REVERSAL_CONTROL,NSE_CORPORATE_ANNOUNCEMENTS,HCLTECH,13-Jul-2026 18:42:59,2026-07-13,post_close,2026-07-14,market_open_next_available_unseen_real_l2_day,Updates,1,1,1,zerodha_2x_all_in_cost_proxy,0
P373_2026-07-14_HCLTECH_106696014,phase380_expanded_real_l2_catalyst_retest,P362_D120_I2p5_D0p25_R0p0_REVERSAL_CONTROL,NSE_CORPORATE_ANNOUNCEMENTS,HCLTECH,13-Jul-2026 18:47:42,2026-07-13,post_close,2026-07-14,market_open_next_available_unseen_real_l2_day,Updates,1,1,1,zerodha_2x_all_in_cost_proxy,0
P373_2026-07-14_HCLTECH_106696210,phase380_expanded_real_l2_catalyst_retest,P362_D120_I2p5_D0p25_R0p0_REVERSAL_CONTROL,NSE_CORPORATE_ANNOUNCEMENTS,HCLTECH,13-Jul-2026 21:38:18,2026-07-13,post_close,2026-07-14,market_open_next_available_unseen_real_l2_day,Updates,1,1,1,zerodha_2x_all_in_cost_proxy,0
P373_2026-07-14_HCLTECH_106696346,phase380_expanded_real_l2_catalyst_retest,P362_D120_I2p5_D0p25_R0p0_REVERSAL_CONTROL,NSE_CORPORATE_ANNOUNCEMENTS,HCLTECH,13-Jul-2026 23:11:05,2026-07-13,post_close,2026-07-14,market_open_next_available_unseen_real_l2_day,Analysts/Institutional Investor Meet/Con. Call Updates,1,1,1,zerodha_2x_all_in_cost_proxy,0
P373_2026-07-14_ICICIBANK_106696630,phase380_expanded_real_l2_catalyst_retest,P362_D120_I2p5_D0p25_R0p0_REVERSAL_CONTROL,NSE_CORPORATE_ANNOUNCEMENTS,ICICIBANK,14-Jul-2026 11:04:53,2026-07-14,regular_session,2026-07-14,first_real_tick_after_announcement,ESOP/ESOS/ESPS,1,1,1,zerodha_2x_all_in_cost_proxy,0
P373_2026-07-14_KOTAKBANK_106696676,phase380_expanded_real_l2_catalyst_retest,P362_D120_I2p5_D0p25_R0p0_REVERSAL_CONTROL,NSE_CORPORATE_ANNOUNCEMENTS,KOTAKBANK,14-Jul-2026 11:22:48,2026-07-14,regular_session,2026-07-14,first_real_tick_after_announcement,Analysts/Institutional Investor Meet/Con. Call Updates,1,1,1,zerodha_2x_all_in_cost_proxy,0
P373_2026-07-14_KOTAKBANK_106696863,phase380_expanded_real_l2_catalyst_retest,P362_D120_I2p5_D0p25_R0p0_REVERSAL_CONTROL,NSE_CORPORATE_ANNOUNCEMENTS,KOTAKBANK,14-Jul-2026 13:02:56,2026-07-14,regular_session,2026-07-14,first_real_tick_after_announcement,ESOP/ESOS/ESPS,1,1,1,zerodha_2x_all_in_cost_proxy,0
P373_2026-07-14_M&M_106696043,phase380_expanded_real_l2_catalyst_retest,P362_D120_I2p5_D0p25_R0p0_REVERSAL_CONTROL,NSE_CORPORATE_ANNOUNCEMENTS,M&M,13-Jul-2026 19:00:26,2026-07-13,post_close,2026-07-14,market_open_next_available_unseen_real_l2_day,Copy of Newspaper Publication,1,1,1,zerodha_2x_all_in_cost_proxy,0
P373_2026-07-14_M&M_106696059,phase380_expanded_real_l2_catalyst_retest,P362_D120_I2p5_D0p25_R0p0_REVERSAL_CONTROL,NSE_CORPORATE_ANNOUNCEMENTS,M&M,13-Jul-2026 19:11:01,2026-07-13,post_close,2026-07-14,market_open_next_available_unseen_real_l2_day,Updates,1,1,1,zerodha_2x_all_in_cost_proxy,0
P373_2026-07-14_M&M_106696068,phase380_expanded_real_l2_catalyst_retest,P362_D120_I2p5_D0p25_R0p0_REVERSAL_CONTROL,NSE_CORPORATE_ANNOUNCEMENTS,M&M,13-Jul-2026 19:20:00,2026-07-13,post_close,2026-07-14,market_open_next_available_unseen_real_l2_day,Updates,1,1,1,zerodha_2x_all_in_cost_proxy,0
P373_2026-07-14_M&M_106696128,phase380_expanded_real_l2_catalyst_retest,P362_D120_I2p5_D0p25_R0p0_REVERSAL_CONTROL,NSE_CORPORATE_ANNOUNCEMENTS,M&M,13-Jul-2026 19:48:10,2026-07-13,post_close,2026-07-14,market_open_next_available_unseen_real_l2_day,Updates,1,1,1,zerodha_2x_all_in_cost_proxy,0
P373_2026-07-14_SBIN_106695773,phase380_expanded_real_l2_catalyst_retest,P362_D120_I2p5_D0p25_R0p0_REVERSAL_CONTROL,NSE_CORPORATE_ANNOUNCEMENTS,SBIN,13-Jul-2026 17:06:47,2026-07-13,post_close,2026-07-14,market_open_next_available_unseen_real_l2_day,General Updates,1,1,1,zerodha_2x_all_in_cost_proxy,0
P373_2026-07-14_TCS_106696698,phase380_expanded_real_l2_catalyst_retest,P362_D120_I2p5_D0p25_R0p0_REVERSAL_CONTROL,NSE_CORPORATE_ANNOUNCEMENTS,TCS,14-Jul-2026 11:30:30,2026-07-14,regular_session,2026-07-14,first_real_tick_after_announcement,Updates,1,1,1,zerodha_2x_all_in_cost_proxy,0
P373_2026-07-14_TCS_106696979,phase380_expanded_real_l2_catalyst_retest,P362_D120_I2p5_D0p25_R0p0_REVERSAL_CONTROL,NSE_CORPORATE_ANNOUNCEMENTS,TCS,14-Jul-2026 14:24:37,2026-07-14,regular_session,2026-07-14,first_real_tick_after_announcement,Updates,1,1,1,zerodha_2x_all_in_cost_proxy,0
P373_2026-07-15_AXISBANK_106697208,phase380_expanded_real_l2_catalyst_retest,P362_D120_I2p5_D0p25_R0p0_REVERSAL_CONTROL,NSE_CORPORATE_ANNOUNCEMENTS,AXISBANK,14-Jul-2026 16:39:47,2026-07-14,post_close,2026-07-15,market_open_next_available_unseen_real_l2_day,General Updates,1,1,1,zerodha_2x_all_in_cost_proxy,0
P373_2026-07-15_AXISBANK_106697779,phase380_expanded_real_l2_catalyst_retest,P362_D120_I2p5_D0p25_R0p0_REVERSAL_CONTROL,NSE_CORPORATE_ANNOUNCEMENTS,AXISBANK,14-Jul-2026 21:54:56,2026-07-14,post_close,2026-07-15,market_open_next_available_unseen_real_l2_day,ESOP/ESOS/ESPS,1,1,1,zerodha_2x_all_in_cost_proxy,0
P373_2026-07-15_AXISBANK_106697899,phase380_expanded_real_l2_catalyst_retest,P362_D120_I2p5_D0p25_R0p0_REVERSAL_CONTROL,NSE_CORPORATE_ANNOUNCEMENTS,AXISBANK,14-Jul-2026 23:12:30,2026-07-14,post_close,2026-07-15,market_open_next_available_unseen_real_l2_day,General Updates,1,1,1,zerodha_2x_all_in_cost_proxy,0
P373_2026-07-15_AXISBANK_106697950,phase380_expanded_real_l2_catalyst_retest,P362_D120_I2p5_D0p25_R0p0_REVERSAL_CONTROL,NSE_CORPORATE_ANNOUNCEMENTS,AXISBANK,14-Jul-2026 23:43:06,2026-07-14,post_close,2026-07-15,market_open_next_available_unseen_real_l2_day,General Updates,1,1,1,zerodha_2x_all_in_cost_proxy,0
P373_2026-07-15_BAJAJ-AUTO_106697273,phase380_expanded_real_l2_catalyst_retest,P362_D120_I2p5_D0p25_R0p0_REVERSAL_CONTROL,NSE_CORPORATE_ANNOUNCEMENTS,BAJAJ-AUTO,14-Jul-2026 17:06:39,2026-07-14,post_close,2026-07-15,market_open_next_available_unseen_real_l2_day,General Updates,1,1,1,zerodha_2x_all_in_cost_proxy,0
P373_2026-07-15_BHARTIARTL_106697323,phase380_expanded_real_l2_catalyst_retest,P362_D120_I2p5_D0p25_R0p0_REVERSAL_CONTROL,NSE_CORPORATE_ANNOUNCEMENTS,BHARTIARTL,14-Jul-2026 17:26:34,2026-07-14,post_close,2026-07-15,market_open_next_available_unseen_real_l2_day,"Certificate under SEBI (Depositories and Participants) Regulations, 2018",1,1,1,zerodha_2x_all_in_cost_proxy,0
P373_2026-07-15_HCLTECH_106697280,phase380_expanded_real_l2_catalyst_retest,P362_D120_I2p5_D0p25_R0p0_REVERSAL_CONTROL,NSE_CORPORATE_ANNOUNCEMENTS,HCLTECH,14-Jul-2026 17:09:10,2026-07-14,post_close,2026-07-15,market_open_next_available_unseen_real_l2_day,Updates,1,1,1,zerodha_2x_all_in_cost_proxy,0
P373_2026-07-15_HINDUNILVR_106697752,phase380_expanded_real_l2_catalyst_retest,P362_D120_I2p5_D0p25_R0p0_REVERSAL_CONTROL,NSE_CORPORATE_ANNOUNCEMENTS,HINDUNILVR,14-Jul-2026 21:10:36,2026-07-14,post_close,2026-07-15,market_open_next_available_unseen_real_l2_day,Copy of Newspaper Publication,1,1,1,zerodha_2x_all_in_cost_proxy,0
P373_2026-07-15_ICICIBANK_106697294,phase380_expanded_real_l2_catalyst_retest,P362_D120_I2p5_D0p25_R0p0_REVERSAL_CONTROL,NSE_CORPORATE_ANNOUNCEMENTS,ICICIBANK,14-Jul-2026 17:16:57,2026-07-14,post_close,2026-07-15,market_open_next_available_unseen_real_l2_day,Analysts/Institutional Investor Meet/Con. Call Updates,1,1,1,zerodha_2x_all_in_cost_proxy,0
P373_2026-07-15_ICICIBANK_106697317,phase380_expanded_real_l2_catalyst_retest,P362_D120_I2p5_D0p25_R0p0_REVERSAL_CONTROL,NSE_CORPORATE_ANNOUNCEMENTS,ICICIBANK,14-Jul-2026 17:24:51,2026-07-14,post_close,2026-07-15,market_open_next_available_unseen_real_l2_day,General Updates,1,1,1,zerodha_2x_all_in_cost_proxy,0
P373_2026-07-15_INFY_106697740,phase380_expanded_real_l2_catalyst_retest,P362_D120_I2p5_D0p25_R0p0_REVERSAL_CONTROL,NSE_CORPORATE_ANNOUNCEMENTS,INFY,14-Jul-2026 20:54:14,2026-07-14,post_close,2026-07-15,market_open_next_available_unseen_real_l2_day,Updates,1,1,1,zerodha_2x_all_in_cost_proxy,0
P373_2026-07-15_MARUTI_106697620,phase380_expanded_real_l2_catalyst_retest,P362_D120_I2p5_D0p25_R0p0_REVERSAL_CONTROL,NSE_CORPORATE_ANNOUNCEMENTS,MARUTI,14-Jul-2026 19:32:54,2026-07-14,post_close,2026-07-15,market_open_next_available_unseen_real_l2_day,Press Release,1,1,1,zerodha_2x_all_in_cost_proxy,0
P373_2026-07-15_MARUTI_106698349,phase380_expanded_real_l2_catalyst_retest,P362_D120_I2p5_D0p25_R0p0_REVERSAL_CONTROL,NSE_CORPORATE_ANNOUNCEMENTS,MARUTI,15-Jul-2026 12:29:23,2026-07-15,regular_session,2026-07-15,first_real_tick_after_announcement,Copy of Newspaper Publication,1,1,1,zerodha_2x_all_in_cost_proxy,0
P373_2026-07-15_SBIN_106697426,phase380_expanded_real_l2_catalyst_retest,P362_D120_I2p5_D0p25_R0p0_REVERSAL_CONTROL,NSE_CORPORATE_ANNOUNCEMENTS,SBIN,14-Jul-2026 18:02:49,2026-07-14,post_close,2026-07-15,market_open_next_available_unseen_real_l2_day,Credit Rating,1,1,1,zerodha_2x_all_in_cost_proxy,0
P373_2026-07-15_SUNPHARMA_106697486,phase380_expanded_real_l2_catalyst_retest,P362_D120_I2p5_D0p25_R0p0_REVERSAL_CONTROL,NSE_CORPORATE_ANNOUNCEMENTS,SUNPHARMA,14-Jul-2026 18:29:25,2026-07-14,post_close,2026-07-15,market_open_next_available_unseen_real_l2_day,Analysts/Institutional Investor Meet/Con. Call Updates,1,1,1,zerodha_2x_all_in_cost_proxy,0
P373_2026-07-15_SUNPHARMA_106697990,phase380_expanded_real_l2_catalyst_retest,P362_D120_I2p5_D0p25_R0p0_REVERSAL_CONTROL,NSE_CORPORATE_ANNOUNCEMENTS,SUNPHARMA,15-Jul-2026 08:40:33,2026-07-15,pre_open_or_overnight,2026-07-15,market_open_same_day,Press Release,1,1,1,zerodha_2x_all_in_cost_proxy,0
P373_2026-07-15_TCS_106698208,phase380_expanded_real_l2_catalyst_retest,P362_D120_I2p5_D0p25_R0p0_REVERSAL_CONTROL,NSE_CORPORATE_ANNOUNCEMENTS,TCS,15-Jul-2026 11:30:12,2026-07-15,regular_session,2026-07-15,first_real_tick_after_announcement,Updates,1,1,1,zerodha_2x_all_in_cost_proxy,0
P373_2026-07-15_ULTRACEMCO_106697207,phase380_expanded_real_l2_catalyst_retest,P362_D120_I2p5_D0p25_R0p0_REVERSAL_CONTROL,NSE_CORPORATE_ANNOUNCEMENTS,ULTRACEMCO,14-Jul-2026 16:39:20,2026-07-14,post_close,2026-07-15,market_open_next_available_unseen_real_l2_day,"Certificate under SEBI (Depositories and Participants) Regulations, 2018",1,1,1,zerodha_2x_all_in_cost_proxy,0
P373_2026-07-15_ULTRACEMCO_106698570,phase380_expanded_real_l2_catalyst_retest,P362_D120_I2p5_D0p25_R0p0_REVERSAL_CONTROL,NSE_CORPORATE_ANNOUNCEMENTS,ULTRACEMCO,15-Jul-2026 15:12:15,2026-07-15,regular_session,2026-07-15,first_real_tick_after_announcement,Copy of Newspaper Publication,1,1,1,zerodha_2x_all_in_cost_proxy,0
P373_2026-07-15_WIPRO_106697074,phase380_expanded_real_l2_catalyst_retest,P362_D120_I2p5_D0p25_R0p0_REVERSAL_CONTROL,NSE_CORPORATE_ANNOUNCEMENTS,WIPRO,14-Jul-2026 15:36:00,2026-07-14,post_close,2026-07-15,market_open_next_available_unseen_real_l2_day,Copy of Newspaper Publication,1,1,1,zerodha_2x_all_in_cost_proxy,0
P373_2026-07-16_BAJAJ-AUTO_106699726,phase380_expanded_real_l2_catalyst_retest,P362_D120_I2p5_D0p25_R0p0_REVERSAL_CONTROL,NSE_CORPORATE_ANNOUNCEMENTS,BAJAJ-AUTO,16-Jul-2026 10:33:45,2026-07-16,regular_session,2026-07-16,first_real_tick_after_announcement,General Updates,1,1,1,zerodha_2x_all_in_cost_proxy,0
P373_2026-07-16_BAJAJ-AUTO_106699933,phase380_expanded_real_l2_catalyst_retest,P362_D120_I2p5_D0p25_R0p0_REVERSAL_CONTROL,NSE_CORPORATE_ANNOUNCEMENTS,BAJAJ-AUTO,16-Jul-2026 12:57:44,2026-07-16,regular_session,2026-07-16,first_real_tick_after_announcement,Copy of Newspaper Publication,1,1,1,zerodha_2x_all_in_cost_proxy,0
P373_2026-07-16_DRREDDY_106698720,phase380_expanded_real_l2_catalyst_retest,P362_D120_I2p5_D0p25_R0p0_REVERSAL_CONTROL,NSE_CORPORATE_ANNOUNCEMENTS,DRREDDY,15-Jul-2026 16:25:09,2026-07-15,post_close,2026-07-16,market_open_next_available_unseen_real_l2_day,General Updates,1,1,1,zerodha_2x_all_in_cost_proxy,0
P373_2026-07-16_HCLTECH_106699373,phase380_expanded_real_l2_catalyst_retest,P362_D120_I2p5_D0p25_R0p0_REVERSAL_CONTROL,NSE_CORPORATE_ANNOUNCEMENTS,HCLTECH,15-Jul-2026 22:34:19,2026-07-15,post_close,2026-07-16,market_open_next_available_unseen_real_l2_day,Analysts/Institutional Investor Meet/Con. Call Updates,1,1,1,zerodha_2x_all_in_cost_proxy,0
P373_2026-07-16_HDFCBANK_106698807,phase380_expanded_real_l2_catalyst_retest,P362_D120_I2p5_D0p25_R0p0_REVERSAL_CONTROL,NSE_CORPORATE_ANNOUNCEMENTS,HDFCBANK,15-Jul-2026 17:00:18,2026-07-15,post_close,2026-07-16,market_open_next_available_unseen_real_l2_day,Appointment,1,1,1,zerodha_2x_all_in_cost_proxy,0
P373_2026-07-16_HDFCBANK_106699773,phase380_expanded_real_l2_catalyst_retest,P362_D120_I2p5_D0p25_R0p0_REVERSAL_CONTROL,NSE_CORPORATE_ANNOUNCEMENTS,HDFCBANK,16-Jul-2026 11:06:07,2026-07-16,regular_session,2026-07-16,first_real_tick_after_announcement,"Certificate under SEBI (Depositories and Participants) Regulations, 2018",1,1,1,zerodha_2x_all_in_cost_proxy,0
P373_2026-07-16_HINDUNILVR_106699154,phase380_expanded_real_l2_catalyst_retest,P362_D120_I2p5_D0p25_R0p0_REVERSAL_CONTROL,NSE_CORPORATE_ANNOUNCEMENTS,HINDUNILVR,15-Jul-2026 19:03:06,2026-07-15,post_close,2026-07-16,market_open_next_available_unseen_real_l2_day,"Certificate under SEBI (Depositories and Participants) Regulations, 2018",1,1,1,zerodha_2x_all_in_cost_proxy,0
P373_2026-07-16_ICICIBANK_106700095,phase380_expanded_real_l2_catalyst_retest,P362_D120_I2p5_D0p25_R0p0_REVERSAL_CONTROL,NSE_CORPORATE_ANNOUNCEMENTS,ICICIBANK,16-Jul-2026 15:08:02,2026-07-16,regular_session,2026-07-16,first_real_tick_after_announcement,ESOP/ESOS/ESPS,1,1,1,zerodha_2x_all_in_cost_proxy,0
P373_2026-07-16_NESTLEIND_106698830,phase380_expanded_real_l2_catalyst_retest,P362_D120_I2p5_D0p25_R0p0_REVERSAL_CONTROL,NSE_CORPORATE_ANNOUNCEMENTS,NESTLEIND,15-Jul-2026 17:09:23,2026-07-15,post_close,2026-07-16,market_open_next_available_unseen_real_l2_day,Action(s) taken or orders passed,1,1,1,zerodha_2x_all_in_cost_proxy,0
P373_2026-07-16_SBIN_106699268,phase380_expanded_real_l2_catalyst_retest,P362_D120_I2p5_D0p25_R0p0_REVERSAL_CONTROL,NSE_CORPORATE_ANNOUNCEMENTS,SBIN,15-Jul-2026 20:24:55,2026-07-15,post_close,2026-07-16,market_open_next_available_unseen_real_l2_day,Appointment,1,1,1,zerodha_2x_all_in_cost_proxy,0
P373_2026-07-16_TCS_106699212,phase380_expanded_real_l2_catalyst_retest,P362_D120_I2p5_D0p25_R0p0_REVERSAL_CONTROL,NSE_CORPORATE_ANNOUNCEMENTS,TCS,15-Jul-2026 19:37:13,2026-07-15,post_close,2026-07-16,market_open_next_available_unseen_real_l2_day,Analysts/Institutional Investor Meet/Con. Call Updates,1,1,1,zerodha_2x_all_in_cost_proxy,0
P373_2026-07-16_TCS_106699790,phase380_expanded_real_l2_catalyst_retest,P362_D120_I2p5_D0p25_R0p0_REVERSAL_CONTROL,NSE_CORPORATE_ANNOUNCEMENTS,TCS,16-Jul-2026 11:30:08,2026-07-16,regular_session,2026-07-16,first_real_tick_after_announcement,Updates,1,1,1,zerodha_2x_all_in_cost_proxy,0
P373_2026-07-16_ULTRACEMCO_106699163,phase380_expanded_real_l2_catalyst_retest,P362_D120_I2p5_D0p25_R0p0_REVERSAL_CONTROL,NSE_CORPORATE_ANNOUNCEMENTS,ULTRACEMCO,15-Jul-2026 19:07:06,2026-07-15,post_close,2026-07-16,market_open_next_available_unseen_real_l2_day,Rumour Verification - Regulation 30(11),1,1,1,zerodha_2x_all_in_cost_proxy,0
P373_2026-07-16_WIPRO_106699128,phase380_expanded_real_l2_catalyst_retest,P362_D120_I2p5_D0p25_R0p0_REVERSAL_CONTROL,NSE_CORPORATE_ANNOUNCEMENTS,WIPRO,15-Jul-2026 18:53:51,2026-07-15,post_close,2026-07-16,market_open_next_available_unseen_real_l2_day,Updates,1,1,1,zerodha_2x_all_in_cost_proxy,0
P373_2026-07-16_WIPRO_106699287,phase380_expanded_real_l2_catalyst_retest,P362_D120_I2p5_D0p25_R0p0_REVERSAL_CONTROL,NSE_CORPORATE_ANNOUNCEMENTS,WIPRO,15-Jul-2026 20:36:36,2026-07-15,post_close,2026-07-16,market_open_next_available_unseen_real_l2_day,Shareholders meeting,1,1,1,zerodha_2x_all_in_cost_proxy,0
P373_2026-07-17_ADANIPORTS_106700313,phase380_expanded_real_l2_catalyst_retest,P362_D120_I2p5_D0p25_R0p0_REVERSAL_CONTROL,NSE_CORPORATE_ANNOUNCEMENTS,ADANIPORTS,16-Jul-2026 17:19:19,2026-07-16,post_close,2026-07-17,market_open_next_available_unseen_real_l2_day,Credit Rating,1,1,1,zerodha_2x_all_in_cost_proxy,0
P373_2026-07-17_BPCL_106701384,phase380_expanded_real_l2_catalyst_retest,P362_D120_I2p5_D0p25_R0p0_REVERSAL_CONTROL,NSE_CORPORATE_ANNOUNCEMENTS,BPCL,17-Jul-2026 14:13:29,2026-07-17,regular_session,2026-07-17,first_real_tick_after_announcement,Analysts/Institutional Investor Meet/Con. Call Updates,1,1,1,zerodha_2x_all_in_cost_proxy,0
P373_2026-07-17_BRITANNIA_106700936,phase380_expanded_real_l2_catalyst_retest,P362_D120_I2p5_D0p25_R0p0_REVERSAL_CONTROL,NSE_CORPORATE_ANNOUNCEMENTS,BRITANNIA,16-Jul-2026 23:55:26,2026-07-16,post_close,2026-07-17,market_open_next_available_unseen_real_l2_day,Shareholders meeting,1,1,1,zerodha_2x_all_in_cost_proxy,0
P373_2026-07-17_BRITANNIA_106700938,phase380_expanded_real_l2_catalyst_retest,P362_D120_I2p5_D0p25_R0p0_REVERSAL_CONTROL,NSE_CORPORATE_ANNOUNCEMENTS,BRITANNIA,17-Jul-2026 00:04:13,2026-07-17,pre_open_or_overnight,2026-07-17,market_open_same_day,Updates,1,1,1,zerodha_2x_all_in_cost_proxy,0
P373_2026-07-17_BRITANNIA_106700956,phase380_expanded_real_l2_catalyst_retest,P362_D120_I2p5_D0p25_R0p0_REVERSAL_CONTROL,NSE_CORPORATE_ANNOUNCEMENTS,BRITANNIA,17-Jul-2026 02:41:00,2026-07-17,pre_open_or_overnight,2026-07-17,market_open_same_day,General Updates,1,1,1,zerodha_2x_all_in_cost_proxy,0
P373_2026-07-17_HCLTECH_106700150,phase380_expanded_real_l2_catalyst_retest,P362_D120_I2p5_D0p25_R0p0_REVERSAL_CONTROL,NSE_CORPORATE_ANNOUNCEMENTS,HCLTECH,16-Jul-2026 15:48:23,2026-07-16,post_close,2026-07-17,market_open_next_available_unseen_real_l2_day,Press Release,1,1,1,zerodha_2x_all_in_cost_proxy,0
P373_2026-07-17_HCLTECH_106700164,phase380_expanded_real_l2_catalyst_retest,P362_D120_I2p5_D0p25_R0p0_REVERSAL_CONTROL,NSE_CORPORATE_ANNOUNCEMENTS,HCLTECH,16-Jul-2026 15:55:58,2026-07-16,post_close,2026-07-17,market_open_next_available_unseen_real_l2_day,Acquisition,1,1,1,zerodha_2x_all_in_cost_proxy,0
P373_2026-07-17_ONGC_106700128,phase380_expanded_real_l2_catalyst_retest,P362_D120_I2p5_D0p25_R0p0_REVERSAL_CONTROL,NSE_CORPORATE_ANNOUNCEMENTS,ONGC,16-Jul-2026 15:32:22,2026-07-16,post_close,2026-07-17,market_open_next_available_unseen_real_l2_day,Credit Rating- Revision,1,1,1,zerodha_2x_all_in_cost_proxy,0
P373_2026-07-17_SBIN_106700879,phase380_expanded_real_l2_catalyst_retest,P362_D120_I2p5_D0p25_R0p0_REVERSAL_CONTROL,NSE_CORPORATE_ANNOUNCEMENTS,SBIN,16-Jul-2026 22:52:22,2026-07-16,post_close,2026-07-17,market_open_next_available_unseen_real_l2_day,General Updates,1,1,1,zerodha_2x_all_in_cost_proxy,0
P373_2026-07-17_SBIN_106701118,phase380_expanded_real_l2_catalyst_retest,P362_D120_I2p5_D0p25_R0p0_REVERSAL_CONTROL,NSE_CORPORATE_ANNOUNCEMENTS,SBIN,17-Jul-2026 10:23:45,2026-07-17,regular_session,2026-07-17,first_real_tick_after_announcement,General Updates,1,1,1,zerodha_2x_all_in_cost_proxy,0
P373_2026-07-17_TECHM_106700185,phase380_expanded_real_l2_catalyst_retest,P362_D120_I2p5_D0p25_R0p0_REVERSAL_CONTROL,NSE_CORPORATE_ANNOUNCEMENTS,TECHM,16-Jul-2026 16:05:12,2026-07-16,post_close,2026-07-17,market_open_next_available_unseen_real_l2_day,Outcome of Board Meeting,1,1,1,zerodha_2x_all_in_cost_proxy,0
P373_2026-07-17_TECHM_106700192,phase380_expanded_real_l2_catalyst_retest,P362_D120_I2p5_D0p25_R0p0_REVERSAL_CONTROL,NSE_CORPORATE_ANNOUNCEMENTS,TECHM,16-Jul-2026 16:07:34,2026-07-16,post_close,2026-07-17,market_open_next_available_unseen_real_l2_day,Outcome of Board Meeting,1,1,1,zerodha_2x_all_in_cost_proxy,0
P373_2026-07-17_TECHM_106700196,phase380_expanded_real_l2_catalyst_retest,P362_D120_I2p5_D0p25_R0p0_REVERSAL_CONTROL,NSE_CORPORATE_ANNOUNCEMENTS,TECHM,16-Jul-2026 16:09:29,2026-07-16,post_close,2026-07-17,market_open_next_available_unseen_real_l2_day,Press Release,1,1,1,zerodha_2x_all_in_cost_proxy,0
P373_2026-07-17_TECHM_106700200,phase380_expanded_real_l2_catalyst_retest,P362_D120_I2p5_D0p25_R0p0_REVERSAL_CONTROL,NSE_CORPORATE_ANNOUNCEMENTS,TECHM,16-Jul-2026 16:11:14,2026-07-16,post_close,2026-07-17,market_open_next_available_unseen_real_l2_day,Investor Presentation,1,1,1,zerodha_2x_all_in_cost_proxy,0
P373_2026-07-17_TECHM_106700609,phase380_expanded_real_l2_catalyst_retest,P362_D120_I2p5_D0p25_R0p0_REVERSAL_CONTROL,NSE_CORPORATE_ANNOUNCEMENTS,TECHM,16-Jul-2026 19:45:23,2026-07-16,post_close,2026-07-17,market_open_next_available_unseen_real_l2_day,Acquisition,1,1,1,zerodha_2x_all_in_cost_proxy,0
P373_2026-07-17_TECHM_106700674,phase380_expanded_real_l2_catalyst_retest,P362_D120_I2p5_D0p25_R0p0_REVERSAL_CONTROL,NSE_CORPORATE_ANNOUNCEMENTS,TECHM,16-Jul-2026 20:37:17,2026-07-16,post_close,2026-07-17,market_open_next_available_unseen_real_l2_day,Analysts/Institutional Investor Meet/Con. Call Updates,1,1,1,zerodha_2x_all_in_cost_proxy,0
P373_2026-07-17_TECHM_106701371,phase380_expanded_real_l2_catalyst_retest,P362_D120_I2p5_D0p25_R0p0_REVERSAL_CONTROL,NSE_CORPORATE_ANNOUNCEMENTS,TECHM,17-Jul-2026 13:57:27,2026-07-17,regular_session,2026-07-17,first_real_tick_after_announcement,Copy of Newspaper Publication,1,1,1,zerodha_2x_all_in_cost_proxy,0
P373_2026-07-17_WIPRO_106700151,phase380_expanded_real_l2_catalyst_retest,P362_D120_I2p5_D0p25_R0p0_REVERSAL_CONTROL,NSE_CORPORATE_ANNOUNCEMENTS,WIPRO,16-Jul-2026 15:49:54,2026-07-16,post_close,2026-07-17,market_open_next_available_unseen_real_l2_day,Outcome of Board Meeting,1,1,1,zerodha_2x_all_in_cost_proxy,0
P373_2026-07-17_WIPRO_106700155,phase380_expanded_real_l2_catalyst_retest,P362_D120_I2p5_D0p25_R0p0_REVERSAL_CONTROL,NSE_CORPORATE_ANNOUNCEMENTS,WIPRO,16-Jul-2026 15:52:41,2026-07-16,post_close,2026-07-17,market_open_next_available_unseen_real_l2_day,Dividend,1,1,1,zerodha_2x_all_in_cost_proxy,0
P373_2026-07-17_WIPRO_106700161,phase380_expanded_real_l2_catalyst_retest,P362_D120_I2p5_D0p25_R0p0_REVERSAL_CONTROL,NSE_CORPORATE_ANNOUNCEMENTS,WIPRO,16-Jul-2026 15:55:25,2026-07-16,post_close,2026-07-17,market_open_next_available_unseen_real_l2_day,Press Release,1,1,1,zerodha_2x_all_in_cost_proxy,0
P373_2026-07-17_WIPRO_106700170,phase380_expanded_real_l2_catalyst_retest,P362_D120_I2p5_D0p25_R0p0_REVERSAL_CONTROL,NSE_CORPORATE_ANNOUNCEMENTS,WIPRO,16-Jul-2026 15:58:02,2026-07-16,post_close,2026-07-17,market_open_next_available_unseen_real_l2_day,Record Date,1,1,1,zerodha_2x_all_in_cost_proxy,0
P373_2026-07-17_WIPRO_106700314,phase380_expanded_real_l2_catalyst_retest,P362_D120_I2p5_D0p25_R0p0_REVERSAL_CONTROL,NSE_CORPORATE_ANNOUNCEMENTS,WIPRO,16-Jul-2026 17:19:37,2026-07-16,post_close,2026-07-17,market_open_next_available_unseen_real_l2_day,Shareholders meeting,1,1,1,zerodha_2x_all_in_cost_proxy,0
P373_2026-07-17_WIPRO_106700663,phase380_expanded_real_l2_catalyst_retest,P362_D120_I2p5_D0p25_R0p0_REVERSAL_CONTROL,NSE_CORPORATE_ANNOUNCEMENTS,WIPRO,16-Jul-2026 20:27:05,2026-07-16,post_close,2026-07-17,market_open_next_available_unseen_real_l2_day,Updates,1,1,1,zerodha_2x_all_in_cost_proxy,0
P373_2026-07-17_WIPRO_106700695,phase380_expanded_real_l2_catalyst_retest,P362_D120_I2p5_D0p25_R0p0_REVERSAL_CONTROL,NSE_CORPORATE_ANNOUNCEMENTS,WIPRO,16-Jul-2026 20:59:03,2026-07-16,post_close,2026-07-17,market_open_next_available_unseen_real_l2_day,Analysts/Institutional Investor Meet/Con. Call Updates,1,1,1,zerodha_2x_all_in_cost_proxy,0
P373_2026-07-20_AXISBANK_106703402,phase380_expanded_real_l2_catalyst_retest,P362_D120_I2p5_D0p25_R0p0_REVERSAL_CONTROL,NSE_CORPORATE_ANNOUNCEMENTS,AXISBANK,20-Jul-2026 15:19:45,2026-07-20,regular_session,2026-07-20,first_real_tick_after_announcement,Copy of Newspaper Publication,1,1,1,zerodha_2x_all_in_cost_proxy,0
P373_2026-07-20_BAJAJ-AUTO_106701591,phase380_expanded_real_l2_catalyst_retest,P362_D120_I2p5_D0p25_R0p0_REVERSAL_CONTROL,NSE_CORPORATE_ANNOUNCEMENTS,BAJAJ-AUTO,17-Jul-2026 16:27:40,2026-07-17,post_close,2026-07-20,market_open_next_available_unseen_real_l2_day,"Certificate under SEBI (Depositories and Participants) Regulations, 2018",1,1,1,zerodha_2x_all_in_cost_proxy,0
P373_2026-07-20_BHARTIARTL_106701559,phase380_expanded_real_l2_catalyst_retest,P362_D120_I2p5_D0p25_R0p0_REVERSAL_CONTROL,NSE_CORPORATE_ANNOUNCEMENTS,BHARTIARTL,17-Jul-2026 16:13:26,2026-07-17,post_close,2026-07-20,market_open_next_available_unseen_real_l2_day,Action(s) taken or orders passed,1,1,1,zerodha_2x_all_in_cost_proxy,0
P373_2026-07-20_BHARTIARTL_106702038,phase380_expanded_real_l2_catalyst_retest,P362_D120_I2p5_D0p25_R0p0_REVERSAL_CONTROL,NSE_CORPORATE_ANNOUNCEMENTS,BHARTIARTL,17-Jul-2026 19:31:45,2026-07-17,post_close,2026-07-20,market_open_next_available_unseen_real_l2_day,Action(s) taken or orders passed,1,1,1,zerodha_2x_all_in_cost_proxy,0
P373_2026-07-20_BRITANNIA_106701684,phase380_expanded_real_l2_catalyst_retest,P362_D120_I2p5_D0p25_R0p0_REVERSAL_CONTROL,NSE_CORPORATE_ANNOUNCEMENTS,BRITANNIA,17-Jul-2026 16:58:52,2026-07-17,post_close,2026-07-20,market_open_next_available_unseen_real_l2_day,Copy of Newspaper Publication,1,1,1,zerodha_2x_all_in_cost_proxy,0
P373_2026-07-20_HCLTECH_106701955,phase380_expanded_real_l2_catalyst_retest,P362_D120_I2p5_D0p25_R0p0_REVERSAL_CONTROL,NSE_CORPORATE_ANNOUNCEMENTS,HCLTECH,17-Jul-2026 18:51:06,2026-07-17,post_close,2026-07-20,market_open_next_available_unseen_real_l2_day,Updates,1,1,1,zerodha_2x_all_in_cost_proxy,0
P373_2026-07-20_HCLTECH_106703288,phase380_expanded_real_l2_catalyst_retest,P362_D120_I2p5_D0p25_R0p0_REVERSAL_CONTROL,NSE_CORPORATE_ANNOUNCEMENTS,HCLTECH,20-Jul-2026 13:16:48,2026-07-20,regular_session,2026-07-20,first_real_tick_after_announcement,Updates,1,1,1,zerodha_2x_all_in_cost_proxy,0
P373_2026-07-20_ITC_106703368,phase380_expanded_real_l2_catalyst_retest,P362_D120_I2p5_D0p25_R0p0_REVERSAL_CONTROL,NSE_CORPORATE_ANNOUNCEMENTS,ITC,20-Jul-2026 14:44:43,2026-07-20,regular_session,2026-07-20,first_real_tick_after_announcement,Copy of Newspaper Publication,1,1,1,zerodha_2x_all_in_cost_proxy,0
P373_2026-07-20_LT_106701686,phase380_expanded_real_l2_catalyst_retest,P362_D120_I2p5_D0p25_R0p0_REVERSAL_CONTROL,NSE_CORPORATE_ANNOUNCEMENTS,LT,17-Jul-2026 17:00:01,2026-07-17,post_close,2026-07-20,market_open_next_available_unseen_real_l2_day,Analysts/Institutional Investor Meet/Con. Call Updates,1,1,1,zerodha_2x_all_in_cost_proxy,0
P373_2026-07-20_LT_106702971,phase380_expanded_real_l2_catalyst_retest,P362_D120_I2p5_D0p25_R0p0_REVERSAL_CONTROL,NSE_CORPORATE_ANNOUNCEMENTS,LT,20-Jul-2026 09:09:48,2026-07-20,pre_open_or_overnight,2026-07-20,market_open_same_day,Bagging/Receiving of orders/contracts,1,1,1,zerodha_2x_all_in_cost_proxy,0
P373_2026-07-20_ONGC_106701922,phase380_expanded_real_l2_catalyst_retest,P362_D120_I2p5_D0p25_R0p0_REVERSAL_CONTROL,NSE_CORPORATE_ANNOUNCEMENTS,ONGC,17-Jul-2026 18:35:05,2026-07-17,post_close,2026-07-20,market_open_next_available_unseen_real_l2_day,Press Release,1,1,1,zerodha_2x_all_in_cost_proxy,0
P373_2026-07-20_RELIANCE_106701986,phase380_expanded_real_l2_catalyst_retest,P362_D120_I2p5_D0p25_R0p0_REVERSAL_CONTROL,NSE_CORPORATE_ANNOUNCEMENTS,RELIANCE,17-Jul-2026 19:07:44,2026-07-17,post_close,2026-07-20,market_open_next_available_unseen_real_l2_day,Outcome of Board Meeting,1,1,1,zerodha_2x_all_in_cost_proxy,0
P373_2026-07-20_RELIANCE_106702014,phase380_expanded_real_l2_catalyst_retest,P362_D120_I2p5_D0p25_R0p0_REVERSAL_CONTROL,NSE_CORPORATE_ANNOUNCEMENTS,RELIANCE,17-Jul-2026 19:19:47,2026-07-17,post_close,2026-07-20,market_open_next_available_unseen_real_l2_day,Press Release,1,1,1,zerodha_2x_all_in_cost_proxy,0
P373_2026-07-20_RELIANCE_106702019,phase380_expanded_real_l2_catalyst_retest,P362_D120_I2p5_D0p25_R0p0_REVERSAL_CONTROL,NSE_CORPORATE_ANNOUNCEMENTS,RELIANCE,17-Jul-2026 19:23:12,2026-07-17,post_close,2026-07-20,market_open_next_available_unseen_real_l2_day,Investor Presentation,1,1,1,zerodha_2x_all_in_cost_proxy,0
P373_2026-07-20_ULTRACEMCO_106703342,phase380_expanded_real_l2_catalyst_retest,P362_D120_I2p5_D0p25_R0p0_REVERSAL_CONTROL,NSE_CORPORATE_ANNOUNCEMENTS,ULTRACEMCO,20-Jul-2026 14:22:16,2026-07-20,regular_session,2026-07-20,first_real_tick_after_announcement,Outcome of Board Meeting,1,1,1,zerodha_2x_all_in_cost_proxy,0
P373_2026-07-20_ULTRACEMCO_106703346,phase380_expanded_real_l2_catalyst_retest,P362_D120_I2p5_D0p25_R0p0_REVERSAL_CONTROL,NSE_CORPORATE_ANNOUNCEMENTS,ULTRACEMCO,20-Jul-2026 14:26:28,2026-07-20,regular_session,2026-07-20,first_real_tick_after_announcement,Investor Presentation,1,1,1,zerodha_2x_all_in_cost_proxy,0
P373_2026-07-20_ULTRACEMCO_106703351,phase380_expanded_real_l2_catalyst_retest,P362_D120_I2p5_D0p25_R0p0_REVERSAL_CONTROL,NSE_CORPORATE_ANNOUNCEMENTS,ULTRACEMCO,20-Jul-2026 14:28:05,2026-07-20,regular_session,2026-07-20,first_real_tick_after_announcement,Press Release,1,1,1,zerodha_2x_all_in_cost_proxy,0
P373_2026-07-20_ULTRACEMCO_106703362,phase380_expanded_real_l2_catalyst_retest,P362_D120_I2p5_D0p25_R0p0_REVERSAL_CONTROL,NSE_CORPORATE_ANNOUNCEMENTS,ULTRACEMCO,20-Jul-2026 14:42:09,2026-07-20,regular_session,2026-07-20,first_real_tick_after_announcement,Appointment,1,1,1,zerodha_2x_all_in_cost_proxy,0
P373_2026-07-20_WIPRO_106701555,phase380_expanded_real_l2_catalyst_retest,P362_D120_I2p5_D0p25_R0p0_REVERSAL_CONTROL,NSE_CORPORATE_ANNOUNCEMENTS,WIPRO,17-Jul-2026 16:12:41,2026-07-17,post_close,2026-07-20,market_open_next_available_unseen_real_l2_day,Copy of Newspaper Publication,1,1,1,zerodha_2x_all_in_cost_proxy,0
P373_2026-07-20_WIPRO_106701598,phase380_expanded_real_l2_catalyst_retest,P362_D120_I2p5_D0p25_R0p0_REVERSAL_CONTROL,NSE_CORPORATE_ANNOUNCEMENTS,WIPRO,17-Jul-2026 16:30:50,2026-07-17,post_close,2026-07-20,market_open_next_available_unseen_real_l2_day,Analysts/Institutional Investor Meet/Con. Call Updates,1,1,1,zerodha_2x_all_in_cost_proxy,0
P373_2026-07-21_BAJAJ-AUTO_106703749,phase380_expanded_real_l2_catalyst_retest,P362_D120_I2p5_D0p25_R0p0_REVERSAL_CONTROL,NSE_CORPORATE_ANNOUNCEMENTS,BAJAJ-AUTO,20-Jul-2026 18:11:07,2026-07-20,post_close,2026-07-21,market_open_next_available_unseen_real_l2_day,Reply to Clarification- Financial results,1,1,1,zerodha_2x_all_in_cost_proxy,0
P373_2026-07-21_BAJAJ-AUTO_106704742,phase380_expanded_real_l2_catalyst_retest,P362_D120_I2p5_D0p25_R0p0_REVERSAL_CONTROL,NSE_CORPORATE_ANNOUNCEMENTS,BAJAJ-AUTO,21-Jul-2026 12:43:08,2026-07-21,regular_session,2026-07-21,first_real_tick_after_announcement,Outcome of Board Meeting,1,1,1,zerodha_2x_all_in_cost_proxy,0
P373_2026-07-21_BAJAJ-AUTO_106704751,phase380_expanded_real_l2_catalyst_retest,P362_D120_I2p5_D0p25_R0p0_REVERSAL_CONTROL,NSE_CORPORATE_ANNOUNCEMENTS,BAJAJ-AUTO,21-Jul-2026 12:52:47,2026-07-21,regular_session,2026-07-21,first_real_tick_after_announcement,General Updates,1,1,1,zerodha_2x_all_in_cost_proxy,0
P373_2026-07-21_HCLTECH_106704006,phase380_expanded_real_l2_catalyst_retest,P362_D120_I2p5_D0p25_R0p0_REVERSAL_CONTROL,NSE_CORPORATE_ANNOUNCEMENTS,HCLTECH,20-Jul-2026 19:55:14,2026-07-20,post_close,2026-07-21,market_open_next_available_unseen_real_l2_day,Shareholders meeting,1,1,1,zerodha_2x_all_in_cost_proxy,0
P373_2026-07-21_HCLTECH_106704043,phase380_expanded_real_l2_catalyst_retest,P362_D120_I2p5_D0p25_R0p0_REVERSAL_CONTROL,NSE_CORPORATE_ANNOUNCEMENTS,HCLTECH,20-Jul-2026 20:23:26,2026-07-20,post_close,2026-07-21,market_open_next_available_unseen_real_l2_day,Updates,1,1,1,zerodha_2x_all_in_cost_proxy,0
P373_2026-07-21_HCLTECH_106704052,phase380_expanded_real_l2_catalyst_retest,P362_D120_I2p5_D0p25_R0p0_REVERSAL_CONTROL,NSE_CORPORATE_ANNOUNCEMENTS,HCLTECH,20-Jul-2026 20:31:15,2026-07-20,post_close,2026-07-21,market_open_next_available_unseen_real_l2_day,Updates,1,1,1,zerodha_2x_all_in_cost_proxy,0
P373_2026-07-21_HCLTECH_106704810,phase380_expanded_real_l2_catalyst_retest,P362_D120_I2p5_D0p25_R0p0_REVERSAL_CONTROL,NSE_CORPORATE_ANNOUNCEMENTS,HCLTECH,21-Jul-2026 13:37:56,2026-07-21,regular_session,2026-07-21,first_real_tick_after_announcement,Updates,1,1,1,zerodha_2x_all_in_cost_proxy,0
P373_2026-07-21_HDFCBANK_106704818,phase380_expanded_real_l2_catalyst_retest,P362_D120_I2p5_D0p25_R0p0_REVERSAL_CONTROL,NSE_CORPORATE_ANNOUNCEMENTS,HDFCBANK,21-Jul-2026 13:50:17,2026-07-21,regular_session,2026-07-21,first_real_tick_after_announcement,ESOP/ESOS/ESPS,1,1,1,zerodha_2x_all_in_cost_proxy,0
P373_2026-07-21_ICICIBANK_106703492,phase380_expanded_real_l2_catalyst_retest,P362_D120_I2p5_D0p25_R0p0_REVERSAL_CONTROL,NSE_CORPORATE_ANNOUNCEMENTS,ICICIBANK,20-Jul-2026 16:12:11,2026-07-20,post_close,2026-07-21,market_open_next_available_unseen_real_l2_day,ESOP/ESOS/ESPS,1,1,1,zerodha_2x_all_in_cost_proxy,0
P373_2026-07-21_ICICIBANK_106703685,phase380_expanded_real_l2_catalyst_retest,P362_D120_I2p5_D0p25_R0p0_REVERSAL_CONTROL,NSE_CORPORATE_ANNOUNCEMENTS,ICICIBANK,20-Jul-2026 17:39:28,2026-07-20,post_close,2026-07-21,market_open_next_available_unseen_real_l2_day,Updates,1,1,1,zerodha_2x_all_in_cost_proxy,0
P373_2026-07-21_ICICIBANK_106703830,phase380_expanded_real_l2_catalyst_retest,P362_D120_I2p5_D0p25_R0p0_REVERSAL_CONTROL,NSE_CORPORATE_ANNOUNCEMENTS,ICICIBANK,20-Jul-2026 18:30:36,2026-07-20,post_close,2026-07-21,market_open_next_available_unseen_real_l2_day,Copy of Newspaper Publication,1,1,1,zerodha_2x_all_in_cost_proxy,0
P373_2026-07-21_MARUTI_106704908,phase380_expanded_real_l2_catalyst_retest,P362_D120_I2p5_D0p25_R0p0_REVERSAL_CONTROL,NSE_CORPORATE_ANNOUNCEMENTS,MARUTI,21-Jul-2026 15:11:00,2026-07-21,regular_session,2026-07-21,first_real_tick_after_announcement,General Updates,1,1,1,zerodha_2x_all_in_cost_proxy,0
P373_2026-07-21_RELIANCE_106704707,phase380_expanded_real_l2_catalyst_retest,P362_D120_I2p5_D0p25_R0p0_REVERSAL_CONTROL,NSE_CORPORATE_ANNOUNCEMENTS,RELIANCE,21-Jul-2026 12:14:45,2026-07-21,regular_session,2026-07-21,first_real_tick_after_announcement,Shareholders meeting,1,1,1,zerodha_2x_all_in_cost_proxy,0
P373_2026-07-21_TECHM_106703602,phase380_expanded_real_l2_catalyst_retest,P362_D120_I2p5_D0p25_R0p0_REVERSAL_CONTROL,NSE_CORPORATE_ANNOUNCEMENTS,TECHM,20-Jul-2026 17:02:10,2026-07-20,post_close,2026-07-21,market_open_next_available_unseen_real_l2_day,General Updates,1,1,1,zerodha_2x_all_in_cost_proxy,0
P373_2026-07-21_TECHM_106704782,phase380_expanded_real_l2_catalyst_retest,P362_D120_I2p5_D0p25_R0p0_REVERSAL_CONTROL,NSE_CORPORATE_ANNOUNCEMENTS,TECHM,21-Jul-2026 13:14:22,2026-07-21,regular_session,2026-07-21,first_real_tick_after_announcement,Allotment of Securities,1,1,1,zerodha_2x_all_in_cost_proxy,0
P373_2026-07-21_ULTRACEMCO_106703906,phase380_expanded_real_l2_catalyst_retest,P362_D120_I2p5_D0p25_R0p0_REVERSAL_CONTROL,NSE_CORPORATE_ANNOUNCEMENTS,ULTRACEMCO,20-Jul-2026 18:59:18,2026-07-20,post_close,2026-07-21,market_open_next_available_unseen_real_l2_day,Options to purchase securities,1,1,1,zerodha_2x_all_in_cost_proxy,0
P373_2026-07-21_ULTRACEMCO_106703926,phase380_expanded_real_l2_catalyst_retest,P362_D120_I2p5_D0p25_R0p0_REVERSAL_CONTROL,NSE_CORPORATE_ANNOUNCEMENTS,ULTRACEMCO,20-Jul-2026 19:09:30,2026-07-20,post_close,2026-07-21,market_open_next_available_unseen_real_l2_day,Record Date,1,1,1,zerodha_2x_all_in_cost_proxy,0
P373_2026-07-21_ULTRACEMCO_106703936,phase380_expanded_real_l2_catalyst_retest,P362_D120_I2p5_D0p25_R0p0_REVERSAL_CONTROL,NSE_CORPORATE_ANNOUNCEMENTS,ULTRACEMCO,20-Jul-2026 19:13:53,2026-07-20,post_close,2026-07-21,market_open_next_available_unseen_real_l2_day,Updates,1,1,1,zerodha_2x_all_in_cost_proxy,0
P373_2026-07-21_ULTRACEMCO_106703961,phase380_expanded_real_l2_catalyst_retest,P362_D120_I2p5_D0p25_R0p0_REVERSAL_CONTROL,NSE_CORPORATE_ANNOUNCEMENTS,ULTRACEMCO,20-Jul-2026 19:26:49,2026-07-20,post_close,2026-07-21,market_open_next_available_unseen_real_l2_day,Updates,1,1,1,zerodha_2x_all_in_cost_proxy,0
P373_2026-07-21_ULTRACEMCO_106704007,phase380_expanded_real_l2_catalyst_retest,P362_D120_I2p5_D0p25_R0p0_REVERSAL_CONTROL,NSE_CORPORATE_ANNOUNCEMENTS,ULTRACEMCO,20-Jul-2026 19:55:20,2026-07-20,post_close,2026-07-21,market_open_next_available_unseen_real_l2_day,Analysts/Institutional Investor Meet/Con. Call Updates,1,1,1,zerodha_2x_all_in_cost_proxy,0
P373_2026-07-21_ULTRACEMCO_106704719,phase380_expanded_real_l2_catalyst_retest,P362_D120_I2p5_D0p25_R0p0_REVERSAL_CONTROL,NSE_CORPORATE_ANNOUNCEMENTS,ULTRACEMCO,21-Jul-2026 12:29:48,2026-07-21,regular_session,2026-07-21,first_real_tick_after_announcement,Copy of Newspaper Publication,1,1,1,zerodha_2x_all_in_cost_proxy,0
P373_2026-07-22_AXISBANK_106705112,phase380_expanded_real_l2_catalyst_retest,P362_D120_I2p5_D0p25_R0p0_REVERSAL_CONTROL,NSE_CORPORATE_ANNOUNCEMENTS,AXISBANK,21-Jul-2026 16:44:03,2026-07-21,post_close,2026-07-22,market_open_next_available_unseen_real_l2_day,ESOP/ESOS/ESPS,1,1,1,zerodha_2x_all_in_cost_proxy,0
P373_2026-07-22_BAJAJ-AUTO_106705514,phase380_expanded_real_l2_catalyst_retest,P362_D120_I2p5_D0p25_R0p0_REVERSAL_CONTROL,NSE_CORPORATE_ANNOUNCEMENTS,BAJAJ-AUTO,21-Jul-2026 19:01:27,2026-07-21,post_close,2026-07-22,market_open_next_available_unseen_real_l2_day,Shareholders meeting,1,1,1,zerodha_2x_all_in_cost_proxy,0
P373_2026-07-22_BAJAJ-AUTO_106705680,phase380_expanded_real_l2_catalyst_retest,P362_D120_I2p5_D0p25_R0p0_REVERSAL_CONTROL,NSE_CORPORATE_ANNOUNCEMENTS,BAJAJ-AUTO,21-Jul-2026 20:34:04,2026-07-21,post_close,2026-07-22,market_open_next_available_unseen_real_l2_day,Analysts/Institutional Investor Meet/Con. Call Updates,1,1,1,zerodha_2x_all_in_cost_proxy,0
P373_2026-07-22_BPCL_106706416,phase380_expanded_real_l2_catalyst_retest,P362_D120_I2p5_D0p25_R0p0_REVERSAL_CONTROL,NSE_CORPORATE_ANNOUNCEMENTS,BPCL,22-Jul-2026 14:40:48,2026-07-22,regular_session,2026-07-22,first_real_tick_after_announcement,Outcome of Board Meeting,1,1,1,zerodha_2x_all_in_cost_proxy,0
P373_2026-07-22_HCLTECH_106705416,phase380_expanded_real_l2_catalyst_retest,P362_D120_I2p5_D0p25_R0p0_REVERSAL_CONTROL,NSE_CORPORATE_ANNOUNCEMENTS,HCLTECH,21-Jul-2026 18:21:08,2026-07-21,post_close,2026-07-22,market_open_next_available_unseen_real_l2_day,Copy of Newspaper Publication,1,1,1,zerodha_2x_all_in_cost_proxy,0
P373_2026-07-22_ICICIBANK_106705817,phase380_expanded_real_l2_catalyst_retest,P362_D120_I2p5_D0p25_R0p0_REVERSAL_CONTROL,NSE_CORPORATE_ANNOUNCEMENTS,ICICIBANK,21-Jul-2026 23:20:36,2026-07-21,post_close,2026-07-22,market_open_next_available_unseen_real_l2_day,General Updates,1,1,1,zerodha_2x_all_in_cost_proxy,0
P373_2026-07-22_ICICIBANK_106705946,phase380_expanded_real_l2_catalyst_retest,P362_D120_I2p5_D0p25_R0p0_REVERSAL_CONTROL,NSE_CORPORATE_ANNOUNCEMENTS,ICICIBANK,22-Jul-2026 06:46:32,2026-07-22,pre_open_or_overnight,2026-07-22,market_open_same_day,Investor Presentation,1,1,1,zerodha_2x_all_in_cost_proxy,0
P373_2026-07-22_INFY_106704970,phase380_expanded_real_l2_catalyst_retest,P362_D120_I2p5_D0p25_R0p0_REVERSAL_CONTROL,NSE_CORPORATE_ANNOUNCEMENTS,INFY,21-Jul-2026 15:36:37,2026-07-21,post_close,2026-07-22,market_open_next_available_unseen_real_l2_day,Updates,1,1,1,zerodha_2x_all_in_cost_proxy,0
P373_2026-07-22_INFY_106706256,phase380_expanded_real_l2_catalyst_retest,P362_D120_I2p5_D0p25_R0p0_REVERSAL_CONTROL,NSE_CORPORATE_ANNOUNCEMENTS,INFY,22-Jul-2026 12:20:46,2026-07-22,regular_session,2026-07-22,first_real_tick_after_announcement,Updates,1,1,1,zerodha_2x_all_in_cost_proxy,0
P373_2026-07-22_NESTLEIND_106706181,phase380_expanded_real_l2_catalyst_retest,P362_D120_I2p5_D0p25_R0p0_REVERSAL_CONTROL,NSE_CORPORATE_ANNOUNCEMENTS,NESTLEIND,22-Jul-2026 11:11:18,2026-07-22,regular_session,2026-07-22,first_real_tick_after_announcement,Outcome of Board Meeting,1,1,1,zerodha_2x_all_in_cost_proxy,0
P373_2026-07-22_NESTLEIND_106706184,phase380_expanded_real_l2_catalyst_retest,P362_D120_I2p5_D0p25_R0p0_REVERSAL_CONTROL,NSE_CORPORATE_ANNOUNCEMENTS,NESTLEIND,22-Jul-2026 11:18:41,2026-07-22,regular_session,2026-07-22,first_real_tick_after_announcement,Press Release,1,1,1,zerodha_2x_all_in_cost_proxy,0
P373_2026-07-22_SBIN_106705034,phase380_expanded_real_l2_catalyst_retest,P362_D120_I2p5_D0p25_R0p0_REVERSAL_CONTROL,NSE_CORPORATE_ANNOUNCEMENTS,SBIN,21-Jul-2026 16:12:21,2026-07-21,post_close,2026-07-22,market_open_next_available_unseen_real_l2_day,Press Release,1,1,1,zerodha_2x_all_in_cost_proxy,0
P373_2026-07-22_TECHM_106705690,phase380_expanded_real_l2_catalyst_retest,P362_D120_I2p5_D0p25_R0p0_REVERSAL_CONTROL,NSE_CORPORATE_ANNOUNCEMENTS,TECHM,21-Jul-2026 20:56:40,2026-07-21,post_close,2026-07-22,market_open_next_available_unseen_real_l2_day,General Updates,1,1,1,zerodha_2x_all_in_cost_proxy,0
P373_2026-07-22_TECHM_106706236,phase380_expanded_real_l2_catalyst_retest,P362_D120_I2p5_D0p25_R0p0_REVERSAL_CONTROL,NSE_CORPORATE_ANNOUNCEMENTS,TECHM,22-Jul-2026 12:10:54,2026-07-22,regular_session,2026-07-22,first_real_tick_after_announcement,Analysts/Institutional Investor Meet/Con. Call Updates,1,1,1,zerodha_2x_all_in_cost_proxy,0
P373_2026-07-22_WIPRO_106705563,phase380_expanded_real_l2_catalyst_retest,P362_D120_I2p5_D0p25_R0p0_REVERSAL_CONTROL,NSE_CORPORATE_ANNOUNCEMENTS,WIPRO,21-Jul-2026 19:23:03,2026-07-21,post_close,2026-07-22,market_open_next_available_unseen_real_l2_day,General Updates,1,1,1,zerodha_2x_all_in_cost_proxy,0
P373_2026-07-23_BAJAJ-AUTO_106707142,phase380_expanded_real_l2_catalyst_retest,P362_D120_I2p5_D0p25_R0p0_REVERSAL_CONTROL,NSE_CORPORATE_ANNOUNCEMENTS,BAJAJ-AUTO,22-Jul-2026 20:31:27,2026-07-22,post_close,2026-07-23,market_open_next_available_unseen_real_l2_day,Shareholders meeting,1,1,1,zerodha_2x_all_in_cost_proxy,0
P373_2026-07-23_BHARTIARTL_106706585,phase380_expanded_real_l2_catalyst_retest,P362_D120_I2p5_D0p25_R0p0_REVERSAL_CONTROL,NSE_CORPORATE_ANNOUNCEMENTS,BHARTIARTL,22-Jul-2026 16:13:11,2026-07-22,post_close,2026-07-23,market_open_next_available_unseen_real_l2_day,Action(s) taken or orders passed,1,1,1,zerodha_2x_all_in_cost_proxy,0
P373_2026-07-23_BPCL_106707155,phase380_expanded_real_l2_catalyst_retest,P362_D120_I2p5_D0p25_R0p0_REVERSAL_CONTROL,NSE_CORPORATE_ANNOUNCEMENTS,BPCL,22-Jul-2026 20:46:39,2026-07-22,post_close,2026-07-23,market_open_next_available_unseen_real_l2_day,Investor Presentation,1,1,1,zerodha_2x_all_in_cost_proxy,0
P373_2026-07-23_CIPLA_106707724,phase380_expanded_real_l2_catalyst_retest,P362_D120_I2p5_D0p25_R0p0_REVERSAL_CONTROL,NSE_CORPORATE_ANNOUNCEMENTS,CIPLA,23-Jul-2026 12:00:06,2026-07-23,regular_session,2026-07-23,first_real_tick_after_announcement,Outcome of Board Meeting,1,1,1,zerodha_2x_all_in_cost_proxy,0
P373_2026-07-23_CIPLA_106707778,phase380_expanded_real_l2_catalyst_retest,P362_D120_I2p5_D0p25_R0p0_REVERSAL_CONTROL,NSE_CORPORATE_ANNOUNCEMENTS,CIPLA,23-Jul-2026 12:39:45,2026-07-23,regular_session,2026-07-23,first_real_tick_after_announcement,Investor Presentation,1,1,1,zerodha_2x_all_in_cost_proxy,0
P373_2026-07-23_CIPLA_106707785,phase380_expanded_real_l2_catalyst_retest,P362_D120_I2p5_D0p25_R0p0_REVERSAL_CONTROL,NSE_CORPORATE_ANNOUNCEMENTS,CIPLA,23-Jul-2026 12:43:36,2026-07-23,regular_session,2026-07-23,first_real_tick_after_announcement,Press Release,1,1,1,zerodha_2x_all_in_cost_proxy,0
P373_2026-07-23_CIPLA_106707873,phase380_expanded_real_l2_catalyst_retest,P362_D120_I2p5_D0p25_R0p0_REVERSAL_CONTROL,NSE_CORPORATE_ANNOUNCEMENTS,CIPLA,23-Jul-2026 13:14:03,2026-07-23,regular_session,2026-07-23,first_real_tick_after_announcement,Outcome of Board Meeting,1,1,1,zerodha_2x_all_in_cost_proxy,0
P373_2026-07-23_CIPLA_106707879,phase380_expanded_real_l2_catalyst_retest,P362_D120_I2p5_D0p25_R0p0_REVERSAL_CONTROL,NSE_CORPORATE_ANNOUNCEMENTS,CIPLA,23-Jul-2026 13:17:47,2026-07-23,regular_session,2026-07-23,first_real_tick_after_announcement,Change in Management,1,1,1,zerodha_2x_all_in_cost_proxy,0
P373_2026-07-23_CIPLA_106707884,phase380_expanded_real_l2_catalyst_retest,P362_D120_I2p5_D0p25_R0p0_REVERSAL_CONTROL,NSE_CORPORATE_ANNOUNCEMENTS,CIPLA,23-Jul-2026 13:24:24,2026-07-23,regular_session,2026-07-23,first_real_tick_after_announcement,Updates,1,1,1,zerodha_2x_all_in_cost_proxy,0
P373_2026-07-23_CIPLA_106707896,phase380_expanded_real_l2_catalyst_retest,P362_D120_I2p5_D0p25_R0p0_REVERSAL_CONTROL,NSE_CORPORATE_ANNOUNCEMENTS,CIPLA,23-Jul-2026 13:31:00,2026-07-23,regular_session,2026-07-23,first_real_tick_after_announcement,Updates,1,1,1,zerodha_2x_all_in_cost_proxy,0
P373_2026-07-23_DRREDDY_106706597,phase380_expanded_real_l2_catalyst_retest,P362_D120_I2p5_D0p25_R0p0_REVERSAL_CONTROL,NSE_CORPORATE_ANNOUNCEMENTS,DRREDDY,22-Jul-2026 16:18:02,2026-07-22,post_close,2026-07-23,market_open_next_available_unseen_real_l2_day,Outcome of Board Meeting,1,1,1,zerodha_2x_all_in_cost_proxy,0
P373_2026-07-23_DRREDDY_106706606,phase380_expanded_real_l2_catalyst_retest,P362_D120_I2p5_D0p25_R0p0_REVERSAL_CONTROL,NSE_CORPORATE_ANNOUNCEMENTS,DRREDDY,22-Jul-2026 16:21:28,2026-07-22,post_close,2026-07-23,market_open_next_available_unseen_real_l2_day,Change in Management,1,1,1,zerodha_2x_all_in_cost_proxy,0
P373_2026-07-23_DRREDDY_106706646,phase380_expanded_real_l2_catalyst_retest,P362_D120_I2p5_D0p25_R0p0_REVERSAL_CONTROL,NSE_CORPORATE_ANNOUNCEMENTS,DRREDDY,22-Jul-2026 16:44:07,2026-07-22,post_close,2026-07-23,market_open_next_available_unseen_real_l2_day,General Updates,1,1,1,zerodha_2x_all_in_cost_proxy,0
P373_2026-07-23_DRREDDY_106706656,phase380_expanded_real_l2_catalyst_retest,P362_D120_I2p5_D0p25_R0p0_REVERSAL_CONTROL,NSE_CORPORATE_ANNOUNCEMENTS,DRREDDY,22-Jul-2026 16:48:23,2026-07-22,post_close,2026-07-23,market_open_next_available_unseen_real_l2_day,Investor Presentation,1,1,1,zerodha_2x_all_in_cost_proxy,0
P373_2026-07-23_DRREDDY_106707432,phase380_expanded_real_l2_catalyst_retest,P362_D120_I2p5_D0p25_R0p0_REVERSAL_CONTROL,NSE_CORPORATE_ANNOUNCEMENTS,DRREDDY,23-Jul-2026 08:09:46,2026-07-23,pre_open_or_overnight,2026-07-23,market_open_same_day,Press Release,1,1,1,zerodha_2x_all_in_cost_proxy,0
P373_2026-07-23_HCLTECH_106706995,phase380_expanded_real_l2_catalyst_retest,P362_D120_I2p5_D0p25_R0p0_REVERSAL_CONTROL,NSE_CORPORATE_ANNOUNCEMENTS,HCLTECH,22-Jul-2026 18:57:42,2026-07-22,post_close,2026-07-23,market_open_next_available_unseen_real_l2_day,Updates,1,1,1,zerodha_2x_all_in_cost_proxy,0
P373_2026-07-23_HINDUNILVR_106707122,phase380_expanded_real_l2_catalyst_retest,P362_D120_I2p5_D0p25_R0p0_REVERSAL_CONTROL,NSE_CORPORATE_ANNOUNCEMENTS,HINDUNILVR,22-Jul-2026 20:03:51,2026-07-22,post_close,2026-07-23,market_open_next_available_unseen_real_l2_day,Analysts/Institutional Investor Meet/Con. Call Updates,1,1,1,zerodha_2x_all_in_cost_proxy,0
P373_2026-07-23_M&M_106706794,phase380_expanded_real_l2_catalyst_retest,P362_D120_I2p5_D0p25_R0p0_REVERSAL_CONTROL,NSE_CORPORATE_ANNOUNCEMENTS,M&M,22-Jul-2026 17:48:35,2026-07-22,post_close,2026-07-23,market_open_next_available_unseen_real_l2_day,Updates,1,1,1,zerodha_2x_all_in_cost_proxy,0
P373_2026-07-23_RELIANCE_106706565,phase380_expanded_real_l2_catalyst_retest,P362_D120_I2p5_D0p25_R0p0_REVERSAL_CONTROL,NSE_CORPORATE_ANNOUNCEMENTS,RELIANCE,22-Jul-2026 16:09:43,2026-07-22,post_close,2026-07-23,market_open_next_available_unseen_real_l2_day,Copy of Newspaper Publication,1,1,1,zerodha_2x_all_in_cost_proxy,0
P373_2026-07-23_TCS_106706625,phase380_expanded_real_l2_catalyst_retest,P362_D120_I2p5_D0p25_R0p0_REVERSAL_CONTROL,NSE_CORPORATE_ANNOUNCEMENTS,TCS,22-Jul-2026 16:33:09,2026-07-22,post_close,2026-07-23,market_open_next_available_unseen_real_l2_day,Updates,1,1,1,zerodha_2x_all_in_cost_proxy,0
P373_2026-07-23_ULTRACEMCO_106707026,phase380_expanded_real_l2_catalyst_retest,P362_D120_I2p5_D0p25_R0p0_REVERSAL_CONTROL,NSE_CORPORATE_ANNOUNCEMENTS,ULTRACEMCO,22-Jul-2026 19:07:08,2026-07-22,post_close,2026-07-23,market_open_next_available_unseen_real_l2_day,Copy of Newspaper Publication,1,1,1,zerodha_2x_all_in_cost_proxy,0
P373_2026-07-23_ULTRACEMCO_106707640,phase380_expanded_real_l2_catalyst_retest,P362_D120_I2p5_D0p25_R0p0_REVERSAL_CONTROL,NSE_CORPORATE_ANNOUNCEMENTS,ULTRACEMCO,23-Jul-2026 11:07:37,2026-07-23,regular_session,2026-07-23,first_real_tick_after_announcement,Committee Meeting Updates,1,1,1,zerodha_2x_all_in_cost_proxy,0
P373_2026-07-23_ULTRACEMCO_106707915,phase380_expanded_real_l2_catalyst_retest,P362_D120_I2p5_D0p25_R0p0_REVERSAL_CONTROL,NSE_CORPORATE_ANNOUNCEMENTS,ULTRACEMCO,23-Jul-2026 13:50:54,2026-07-23,regular_session,2026-07-23,first_real_tick_after_announcement,Copy of Newspaper Publication,1,1,1,zerodha_2x_all_in_cost_proxy,0
P373_2026-07-23_WIPRO_106707035,phase380_expanded_real_l2_catalyst_retest,P362_D120_I2p5_D0p25_R0p0_REVERSAL_CONTROL,NSE_CORPORATE_ANNOUNCEMENTS,WIPRO,22-Jul-2026 19:11:57,2026-07-22,post_close,2026-07-23,market_open_next_available_unseen_real_l2_day,General Updates,1,1,1,zerodha_2x_all_in_cost_proxy,0
P373_2026-07-24_ADANIPORTS_106709467,phase380_expanded_real_l2_catalyst_retest,P362_D120_I2p5_D0p25_R0p0_REVERSAL_CONTROL,NSE_CORPORATE_ANNOUNCEMENTS,ADANIPORTS,24-Jul-2026 12:59:27,2026-07-24,regular_session,2026-07-24,first_real_tick_after_announcement,Updates,1,1,1,zerodha_2x_all_in_cost_proxy,0
P373_2026-07-24_BAJAJ-AUTO_106709307,phase380_expanded_real_l2_catalyst_retest,P362_D120_I2p5_D0p25_R0p0_REVERSAL_CONTROL,NSE_CORPORATE_ANNOUNCEMENTS,BAJAJ-AUTO,24-Jul-2026 11:41:51,2026-07-24,regular_session,2026-07-24,first_real_tick_after_announcement,Updates,1,1,1,zerodha_2x_all_in_cost_proxy,0
P373_2026-07-24_BAJAJ-AUTO_106709710,phase380_expanded_real_l2_catalyst_retest,P362_D120_I2p5_D0p25_R0p0_REVERSAL_CONTROL,NSE_CORPORATE_ANNOUNCEMENTS,BAJAJ-AUTO,24-Jul-2026 15:26:28,2026-07-24,regular_session,2026-07-24,first_real_tick_after_announcement,Closure of Buy Back,1,1,1,zerodha_2x_all_in_cost_proxy,0
P373_2026-07-24_BHARTIARTL_106709474,phase380_expanded_real_l2_catalyst_retest,P362_D120_I2p5_D0p25_R0p0_REVERSAL_CONTROL,NSE_CORPORATE_ANNOUNCEMENTS,BHARTIARTL,24-Jul-2026 13:04:06,2026-07-24,regular_session,2026-07-24,first_real_tick_after_announcement,Action(s) taken or orders passed,1,1,1,zerodha_2x_all_in_cost_proxy,0
P373_2026-07-24_BPCL_106708242,phase380_expanded_real_l2_catalyst_retest,P362_D120_I2p5_D0p25_R0p0_REVERSAL_CONTROL,NSE_CORPORATE_ANNOUNCEMENTS,BPCL,23-Jul-2026 16:59:09,2026-07-23,post_close,2026-07-24,market_open_next_available_unseen_real_l2_day,Analysts/Institutional Investor Meet/Con. Call Updates,1,1,1,zerodha_2x_all_in_cost_proxy,0
P373_2026-07-24_CIPLA_106708657,phase380_expanded_real_l2_catalyst_retest,P362_D120_I2p5_D0p25_R0p0_REVERSAL_CONTROL,NSE_CORPORATE_ANNOUNCEMENTS,CIPLA,23-Jul-2026 19:28:07,2026-07-23,post_close,2026-07-24,market_open_next_available_unseen_real_l2_day,Analysts/Institutional Investor Meet/Con. Call Updates,1,1,1,zerodha_2x_all_in_cost_proxy,0
P373_2026-07-24_DRREDDY_106708749,phase380_expanded_real_l2_catalyst_retest,P362_D120_I2p5_D0p25_R0p0_REVERSAL_CONTROL,NSE_CORPORATE_ANNOUNCEMENTS,DRREDDY,23-Jul-2026 20:52:04,2026-07-23,post_close,2026-07-24,market_open_next_available_unseen_real_l2_day,Copy of Newspaper Publication,1,1,1,zerodha_2x_all_in_cost_proxy,0
P373_2026-07-24_DRREDDY_106708761,phase380_expanded_real_l2_catalyst_retest,P362_D120_I2p5_D0p25_R0p0_REVERSAL_CONTROL,NSE_CORPORATE_ANNOUNCEMENTS,DRREDDY,23-Jul-2026 21:13:36,2026-07-23,post_close,2026-07-24,market_open_next_available_unseen_real_l2_day,Shareholders meeting,1,1,1,zerodha_2x_all_in_cost_proxy,0
P373_2026-07-24_DRREDDY_106708768,phase380_expanded_real_l2_catalyst_retest,P362_D120_I2p5_D0p25_R0p0_REVERSAL_CONTROL,NSE_CORPORATE_ANNOUNCEMENTS,DRREDDY,23-Jul-2026 21:18:07,2026-07-23,post_close,2026-07-24,market_open_next_available_unseen_real_l2_day,Change in Director(s),1,1,1,zerodha_2x_all_in_cost_proxy,0
P373_2026-07-24_DRREDDY_106708771,phase380_expanded_real_l2_catalyst_retest,P362_D120_I2p5_D0p25_R0p0_REVERSAL_CONTROL,NSE_CORPORATE_ANNOUNCEMENTS,DRREDDY,23-Jul-2026 21:20:01,2026-07-23,post_close,2026-07-24,market_open_next_available_unseen_real_l2_day,Change in Auditors,1,1,1,zerodha_2x_all_in_cost_proxy,0
P373_2026-07-24_HCLTECH_106709352,phase380_expanded_real_l2_catalyst_retest,P362_D120_I2p5_D0p25_R0p0_REVERSAL_CONTROL,NSE_CORPORATE_ANNOUNCEMENTS,HCLTECH,24-Jul-2026 12:09:08,2026-07-24,regular_session,2026-07-24,first_real_tick_after_announcement,Updates,1,1,1,zerodha_2x_all_in_cost_proxy,0
P373_2026-07-24_HCLTECH_106709397,phase380_expanded_real_l2_catalyst_retest,P362_D120_I2p5_D0p25_R0p0_REVERSAL_CONTROL,NSE_CORPORATE_ANNOUNCEMENTS,HCLTECH,24-Jul-2026 12:13:18,2026-07-24,regular_session,2026-07-24,first_real_tick_after_announcement,Updates,1,1,1,zerodha_2x_all_in_cost_proxy,0
P373_2026-07-24_ICICIBANK_106708461,phase380_expanded_real_l2_catalyst_retest,P362_D120_I2p5_D0p25_R0p0_REVERSAL_CONTROL,NSE_CORPORATE_ANNOUNCEMENTS,ICICIBANK,23-Jul-2026 18:05:02,2026-07-23,post_close,2026-07-24,market_open_next_available_unseen_real_l2_day,Analysts/Institutional Investor Meet/Con. Call Updates,1,1,1,zerodha_2x_all_in_cost_proxy,0
P373_2026-07-24_ICICIBANK_106708594,phase380_expanded_real_l2_catalyst_retest,P362_D120_I2p5_D0p25_R0p0_REVERSAL_CONTROL,NSE_CORPORATE_ANNOUNCEMENTS,ICICIBANK,23-Jul-2026 18:56:18,2026-07-23,post_close,2026-07-24,market_open_next_available_unseen_real_l2_day,Analysts/Institutional Investor Meet/Con. Call Updates,1,1,1,zerodha_2x_all_in_cost_proxy,0
P373_2026-07-24_ICICIBANK_106709049,phase380_expanded_real_l2_catalyst_retest,P362_D120_I2p5_D0p25_R0p0_REVERSAL_CONTROL,NSE_CORPORATE_ANNOUNCEMENTS,ICICIBANK,24-Jul-2026 08:40:20,2026-07-24,pre_open_or_overnight,2026-07-24,market_open_same_day,General Updates,1,1,1,zerodha_2x_all_in_cost_proxy,0
P373_2026-07-24_ICICIBANK_106709308,phase380_expanded_real_l2_catalyst_retest,P362_D120_I2p5_D0p25_R0p0_REVERSAL_CONTROL,NSE_CORPORATE_ANNOUNCEMENTS,ICICIBANK,24-Jul-2026 11:42:16,2026-07-24,regular_session,2026-07-24,first_real_tick_after_announcement,ESOP/ESOS/ESPS,1,1,1,zerodha_2x_all_in_cost_proxy,0
P373_2026-07-24_INFY_106708149,phase380_expanded_real_l2_catalyst_retest,P362_D120_I2p5_D0p25_R0p0_REVERSAL_CONTROL,NSE_CORPORATE_ANNOUNCEMENTS,INFY,23-Jul-2026 16:20:26,2026-07-23,post_close,2026-07-24,market_open_next_available_unseen_real_l2_day,Outcome of Board Meeting,1,1,1,zerodha_2x_all_in_cost_proxy,0
P373_2026-07-24_INFY_106708206,phase380_expanded_real_l2_catalyst_retest,P362_D120_I2p5_D0p25_R0p0_REVERSAL_CONTROL,NSE_CORPORATE_ANNOUNCEMENTS,INFY,23-Jul-2026 16:43:21,2026-07-23,post_close,2026-07-24,market_open_next_available_unseen_real_l2_day,Updates,1,1,1,zerodha_2x_all_in_cost_proxy,0
P373_2026-07-24_INFY_106708755,phase380_expanded_real_l2_catalyst_retest,P362_D120_I2p5_D0p25_R0p0_REVERSAL_CONTROL,NSE_CORPORATE_ANNOUNCEMENTS,INFY,23-Jul-2026 21:04:09,2026-07-23,post_close,2026-07-24,market_open_next_available_unseen_real_l2_day,Updates,1,1,1,zerodha_2x_all_in_cost_proxy,0
P373_2026-07-24_ITC_106708449,phase380_expanded_real_l2_catalyst_retest,P362_D120_I2p5_D0p25_R0p0_REVERSAL_CONTROL,NSE_CORPORATE_ANNOUNCEMENTS,ITC,23-Jul-2026 18:03:26,2026-07-23,post_close,2026-07-24,market_open_next_available_unseen_real_l2_day,Shareholders meeting,1,1,1,zerodha_2x_all_in_cost_proxy,0
P373_2026-07-24_ITC_106708490,phase380_expanded_real_l2_catalyst_retest,P362_D120_I2p5_D0p25_R0p0_REVERSAL_CONTROL,NSE_CORPORATE_ANNOUNCEMENTS,ITC,23-Jul-2026 18:13:25,2026-07-23,post_close,2026-07-24,market_open_next_available_unseen_real_l2_day,General Updates,1,1,1,zerodha_2x_all_in_cost_proxy,0
P373_2026-07-24_ITC_106708509,phase380_expanded_real_l2_catalyst_retest,P362_D120_I2p5_D0p25_R0p0_REVERSAL_CONTROL,NSE_CORPORATE_ANNOUNCEMENTS,ITC,23-Jul-2026 18:21:35,2026-07-23,post_close,2026-07-24,market_open_next_available_unseen_real_l2_day,Change in Director(s),1,1,1,zerodha_2x_all_in_cost_proxy,0
P373_2026-07-24_ITC_106708738,phase380_expanded_real_l2_catalyst_retest,P362_D120_I2p5_D0p25_R0p0_REVERSAL_CONTROL,NSE_CORPORATE_ANNOUNCEMENTS,ITC,23-Jul-2026 20:42:12,2026-07-23,post_close,2026-07-24,market_open_next_available_unseen_real_l2_day,Credit Rating- New,1,1,1,zerodha_2x_all_in_cost_proxy,0
P373_2026-07-24_KOTAKBANK_106709676,phase380_expanded_real_l2_catalyst_retest,P362_D120_I2p5_D0p25_R0p0_REVERSAL_CONTROL,NSE_CORPORATE_ANNOUNCEMENTS,KOTAKBANK,24-Jul-2026 15:01:10,2026-07-24,regular_session,2026-07-24,first_real_tick_after_announcement,Copy of Newspaper Publication,1,1,1,zerodha_2x_all_in_cost_proxy,0
P373_2026-07-24_LT_106709077,phase380_expanded_real_l2_catalyst_retest,P362_D120_I2p5_D0p25_R0p0_REVERSAL_CONTROL,NSE_CORPORATE_ANNOUNCEMENTS,LT,24-Jul-2026 09:24:53,2026-07-24,regular_session,2026-07-24,first_real_tick_after_announcement,Bagging/Receiving of orders/contracts,1,1,1,zerodha_2x_all_in_cost_proxy,0
P373_2026-07-24_NESTLEIND_106708516,phase380_expanded_real_l2_catalyst_retest,P362_D120_I2p5_D0p25_R0p0_REVERSAL_CONTROL,NSE_CORPORATE_ANNOUNCEMENTS,NESTLEIND,23-Jul-2026 18:26:02,2026-07-23,post_close,2026-07-24,market_open_next_available_unseen_real_l2_day,Analysts/Institutional Investor Meet/Con. Call Updates,1,1,1,zerodha_2x_all_in_cost_proxy,0
P373_2026-07-24_SUNPHARMA_106709050,phase380_expanded_real_l2_catalyst_retest,P362_D120_I2p5_D0p25_R0p0_REVERSAL_CONTROL,NSE_CORPORATE_ANNOUNCEMENTS,SUNPHARMA,24-Jul-2026 08:50:46,2026-07-24,pre_open_or_overnight,2026-07-24,market_open_same_day,Press Release,1,1,1,zerodha_2x_all_in_cost_proxy,0
P373_2026-07-24_ULTRACEMCO_106708557,phase380_expanded_real_l2_catalyst_retest,P362_D120_I2p5_D0p25_R0p0_REVERSAL_CONTROL,NSE_CORPORATE_ANNOUNCEMENTS,ULTRACEMCO,23-Jul-2026 18:40:56,2026-07-23,post_close,2026-07-24,market_open_next_available_unseen_real_l2_day,Analysts/Institutional Investor Meet/Con. Call Updates,1,1,1,zerodha_2x_all_in_cost_proxy,0
P373_2026-07-24_ULTRACEMCO_106708565,phase380_expanded_real_l2_catalyst_retest,P362_D120_I2p5_D0p25_R0p0_REVERSAL_CONTROL,NSE_CORPORATE_ANNOUNCEMENTS,ULTRACEMCO,23-Jul-2026 18:45:39,2026-07-23,post_close,2026-07-24,market_open_next_available_unseen_real_l2_day,Credit Rating,1,1,1,zerodha_2x_all_in_cost_proxy,0
P373_2026-07-24_ULTRACEMCO_106709347,phase380_expanded_real_l2_catalyst_retest,P362_D120_I2p5_D0p25_R0p0_REVERSAL_CONTROL,NSE_CORPORATE_ANNOUNCEMENTS,ULTRACEMCO,24-Jul-2026 12:08:00,2026-07-24,regular_session,2026-07-24,first_real_tick_after_announcement,Shareholders meeting,1,1,1,zerodha_2x_all_in_cost_proxy,0
P373_2026-07-24_ULTRACEMCO_106709686,phase380_expanded_real_l2_catalyst_retest,P362_D120_I2p5_D0p25_R0p0_REVERSAL_CONTROL,NSE_CORPORATE_ANNOUNCEMENTS,ULTRACEMCO,24-Jul-2026 15:10:48,2026-07-24,regular_session,2026-07-24,first_real_tick_after_announcement,Credit Rating,1,1,1,zerodha_2x_all_in_cost_proxy,0
P373_2026-07-27_AXISBANK_106710529,phase380_expanded_real_l2_catalyst_retest,P362_D120_I2p5_D0p25_R0p0_REVERSAL_CONTROL,NSE_CORPORATE_ANNOUNCEMENTS,AXISBANK,24-Jul-2026 21:34:22,2026-07-24,post_close,2026-07-27,market_open_next_available_unseen_real_l2_day,Analysts/Institutional Investor Meet/Con. Call Updates,1,1,1,zerodha_2x_all_in_cost_proxy,0
P373_2026-07-27_BHARTIARTL_106710468,phase380_expanded_real_l2_catalyst_retest,P362_D120_I2p5_D0p25_R0p0_REVERSAL_CONTROL,NSE_CORPORATE_ANNOUNCEMENTS,BHARTIARTL,24-Jul-2026 20:21:13,2026-07-24,post_close,2026-07-27,market_open_next_available_unseen_real_l2_day,Updates,1,1,1,zerodha_2x_all_in_cost_proxy,0
P373_2026-07-27_CIPLA_106709761,phase380_expanded_real_l2_catalyst_retest,P362_D120_I2p5_D0p25_R0p0_REVERSAL_CONTROL,NSE_CORPORATE_ANNOUNCEMENTS,CIPLA,24-Jul-2026 15:55:05,2026-07-24,post_close,2026-07-27,market_open_next_available_unseen_real_l2_day,Copy of Newspaper Publication,1,1,1,zerodha_2x_all_in_cost_proxy,0
P373_2026-07-27_HDFCBANK_106709751,phase380_expanded_real_l2_catalyst_retest,P362_D120_I2p5_D0p25_R0p0_REVERSAL_CONTROL,NSE_CORPORATE_ANNOUNCEMENTS,HDFCBANK,24-Jul-2026 15:52:03,2026-07-24,post_close,2026-07-27,market_open_next_available_unseen_real_l2_day,Analysts/Institutional Investor Meet/Con. Call Updates,1,1,1,zerodha_2x_all_in_cost_proxy,0
P373_2026-07-27_HDFCBANK_106710326,phase380_expanded_real_l2_catalyst_retest,P362_D120_I2p5_D0p25_R0p0_REVERSAL_CONTROL,NSE_CORPORATE_ANNOUNCEMENTS,HDFCBANK,24-Jul-2026 19:06:34,2026-07-24,post_close,2026-07-27,market_open_next_available_unseen_real_l2_day,General Updates,1,1,1,zerodha_2x_all_in_cost_proxy,0
P373_2026-07-27_ICICIBANK_106710140,phase380_expanded_real_l2_catalyst_retest,P362_D120_I2p5_D0p25_R0p0_REVERSAL_CONTROL,NSE_CORPORATE_ANNOUNCEMENTS,ICICIBANK,24-Jul-2026 18:08:06,2026-07-24,post_close,2026-07-27,market_open_next_available_unseen_real_l2_day,Credit Rating- New,1,1,1,zerodha_2x_all_in_cost_proxy,0
P373_2026-07-27_INFY_106710378,phase380_expanded_real_l2_catalyst_retest,P362_D120_I2p5_D0p25_R0p0_REVERSAL_CONTROL,NSE_CORPORATE_ANNOUNCEMENTS,INFY,24-Jul-2026 19:30:41,2026-07-24,post_close,2026-07-27,market_open_next_available_unseen_real_l2_day,Copy of Newspaper Publication,1,1,1,zerodha_2x_all_in_cost_proxy,0
P373_2026-07-27_KOTAKBANK_106710179,phase380_expanded_real_l2_catalyst_retest,P362_D120_I2p5_D0p25_R0p0_REVERSAL_CONTROL,NSE_CORPORATE_ANNOUNCEMENTS,KOTAKBANK,24-Jul-2026 18:19:21,2026-07-24,post_close,2026-07-27,market_open_next_available_unseen_real_l2_day,Analysts/Institutional Investor Meet/Con. Call Updates,1,1,1,zerodha_2x_all_in_cost_proxy,0
P373_2026-07-27_LT_106711580,phase380_expanded_real_l2_catalyst_retest,P362_D120_I2p5_D0p25_R0p0_REVERSAL_CONTROL,NSE_CORPORATE_ANNOUNCEMENTS,LT,27-Jul-2026 12:30:55,2026-07-27,regular_session,2026-07-27,first_real_tick_after_announcement,Updates,1,1,1,zerodha_2x_all_in_cost_proxy,0
P373_2026-07-27_LT_106711795,phase380_expanded_real_l2_catalyst_retest,P362_D120_I2p5_D0p25_R0p0_REVERSAL_CONTROL,NSE_CORPORATE_ANNOUNCEMENTS,LT,27-Jul-2026 14:47:02,2026-07-27,regular_session,2026-07-27,first_real_tick_after_announcement,Bagging/Receiving of orders/contracts,1,1,1,zerodha_2x_all_in_cost_proxy,0
P373_2026-07-27_MARUTI_106710482,phase380_expanded_real_l2_catalyst_retest,P362_D120_I2p5_D0p25_R0p0_REVERSAL_CONTROL,NSE_CORPORATE_ANNOUNCEMENTS,MARUTI,24-Jul-2026 20:37:33,2026-07-24,post_close,2026-07-27,market_open_next_available_unseen_real_l2_day,Press Release,1,1,1,zerodha_2x_all_in_cost_proxy,0
P373_2026-07-27_NESTLEIND_106710115,phase380_expanded_real_l2_catalyst_retest,P362_D120_I2p5_D0p25_R0p0_REVERSAL_CONTROL,NSE_CORPORATE_ANNOUNCEMENTS,NESTLEIND,24-Jul-2026 18:00:54,2026-07-24,post_close,2026-07-27,market_open_next_available_unseen_real_l2_day,Updates,1,1,1,zerodha_2x_all_in_cost_proxy,0
P373_2026-07-27_SBIN_106710417,phase380_expanded_real_l2_catalyst_retest,P362_D120_I2p5_D0p25_R0p0_REVERSAL_CONTROL,NSE_CORPORATE_ANNOUNCEMENTS,SBIN,24-Jul-2026 19:50:39,2026-07-24,post_close,2026-07-27,market_open_next_available_unseen_real_l2_day,Credit Rating- New,1,1,1,zerodha_2x_all_in_cost_proxy,0
P373_2026-07-27_TCS_106711829,phase380_expanded_real_l2_catalyst_retest,P362_D120_I2p5_D0p25_R0p0_REVERSAL_CONTROL,NSE_CORPORATE_ANNOUNCEMENTS,TCS,27-Jul-2026 15:05:32,2026-07-27,regular_session,2026-07-27,first_real_tick_after_announcement,Analysts/Institutional Investor Meet/Con. Call Updates,1,1,1,zerodha_2x_all_in_cost_proxy,0
P373_2026-07-27_TECHM_106710136,phase380_expanded_real_l2_catalyst_retest,P362_D120_I2p5_D0p25_R0p0_REVERSAL_CONTROL,NSE_CORPORATE_ANNOUNCEMENTS,TECHM,24-Jul-2026 18:06:16,2026-07-24,post_close,2026-07-27,market_open_next_available_unseen_real_l2_day,Analysts/Institutional Investor Meet/Con. Call Updates,1,1,1,zerodha_2x_all_in_cost_proxy,0
P373_2026-07-27_ULTRACEMCO_106710163,phase380_expanded_real_l2_catalyst_retest,P362_D120_I2p5_D0p25_R0p0_REVERSAL_CONTROL,NSE_CORPORATE_ANNOUNCEMENTS,ULTRACEMCO,24-Jul-2026 18:15:17,2026-07-24,post_close,2026-07-27,market_open_next_available_unseen_real_l2_day,Record Date,1,1,1,zerodha_2x_all_in_cost_proxy,0
P373_2026-08-03_ADANIPORTS_106721308,phase380_expanded_real_l2_catalyst_retest,P362_D120_I2p5_D0p25_R0p0_REVERSAL_CONTROL,NSE_CORPORATE_ANNOUNCEMENTS,ADANIPORTS,03-Aug-2026 08:33:52,2026-08-03,pre_open_or_overnight,2026-08-03,market_open_same_day,Analysts/Institutional Investor Meet/Con. Call Updates,1,1,1,zerodha_2x_all_in_cost_proxy,0
P373_2026-08-03_ADANIPORTS_106721309,phase380_expanded_real_l2_catalyst_retest,P362_D120_I2p5_D0p25_R0p0_REVERSAL_CONTROL,NSE_CORPORATE_ANNOUNCEMENTS,ADANIPORTS,03-Aug-2026 08:35:15,2026-08-03,pre_open_or_overnight,2026-08-03,market_open_same_day,Monthly Business Updates,1,1,1,zerodha_2x_all_in_cost_proxy,0
P373_2026-08-03_AXISBANK_106712537,phase380_expanded_real_l2_catalyst_retest,P362_D120_I2p5_D0p25_R0p0_REVERSAL_CONTROL,NSE_CORPORATE_ANNOUNCEMENTS,AXISBANK,27-Jul-2026 19:43:35,2026-07-27,post_close,2026-08-03,market_open_next_available_unseen_real_l2_day,Analysts/Institutional Investor Meet/Con. Call Updates,1,1,1,zerodha_2x_all_in_cost_proxy,0
P373_2026-08-03_BAJAJ-AUTO_106721313,phase380_expanded_real_l2_catalyst_retest,P362_D120_I2p5_D0p25_R0p0_REVERSAL_CONTROL,NSE_CORPORATE_ANNOUNCEMENTS,BAJAJ-AUTO,03-Aug-2026 09:00:37,2026-08-03,pre_open_or_overnight,2026-08-03,market_open_same_day,Press Release,1,1,1,zerodha_2x_all_in_cost_proxy,0
P373_2026-08-03_BAJAJ-AUTO_106711969,phase380_expanded_real_l2_catalyst_retest,P362_D120_I2p5_D0p25_R0p0_REVERSAL_CONTROL,NSE_CORPORATE_ANNOUNCEMENTS,BAJAJ-AUTO,27-Jul-2026 16:43:48,2026-07-27,post_close,2026-08-03,market_open_next_available_unseen_real_l2_day,Analysts/Institutional Investor Meet/Con. Call Updates,1,1,1,zerodha_2x_all_in_cost_proxy,0
P373_2026-08-03_CIPLA_106712042,phase380_expanded_real_l2_catalyst_retest,P362_D120_I2p5_D0p25_R0p0_REVERSAL_CONTROL,NSE_CORPORATE_ANNOUNCEMENTS,CIPLA,27-Jul-2026 17:15:27,2026-07-27,post_close,2026-08-03,market_open_next_available_unseen_real_l2_day,Analysts/Institutional Investor Meet/Con. Call Updates,1,1,1,zerodha_2x_all_in_cost_proxy,0
P373_2026-08-03_CIPLA_106712776,phase380_expanded_real_l2_catalyst_retest,P362_D120_I2p5_D0p25_R0p0_REVERSAL_CONTROL,NSE_CORPORATE_ANNOUNCEMENTS,CIPLA,27-Jul-2026 22:55:09,2026-07-27,post_close,2026-08-03,market_open_next_available_unseen_real_l2_day,Updates,1,1,1,zerodha_2x_all_in_cost_proxy,0
P373_2026-08-03_HCLTECH_106711997,phase380_expanded_real_l2_catalyst_retest,P362_D120_I2p5_D0p25_R0p0_REVERSAL_CONTROL,NSE_CORPORATE_ANNOUNCEMENTS,HCLTECH,27-Jul-2026 16:55:00,2026-07-27,post_close,2026-08-03,market_open_next_available_unseen_real_l2_day,Updates,1,1,1,zerodha_2x_all_in_cost_proxy,0
P373_2026-08-03_HDFCBANK_106711895,phase380_expanded_real_l2_catalyst_retest,P362_D120_I2p5_D0p25_R0p0_REVERSAL_CONTROL,NSE_CORPORATE_ANNOUNCEMENTS,HDFCBANK,27-Jul-2026 15:56:07,2026-07-27,post_close,2026-08-03,market_open_next_available_unseen_real_l2_day,Updates,1,1,1,zerodha_2x_all_in_cost_proxy,0
P373_2026-08-03_SBIN_106712210,phase380_expanded_real_l2_catalyst_retest,P362_D120_I2p5_D0p25_R0p0_REVERSAL_CONTROL,NSE_CORPORATE_ANNOUNCEMENTS,SBIN,27-Jul-2026 17:56:00,2026-07-27,post_close,2026-08-03,market_open_next_available_unseen_real_l2_day,Analysts/Institutional Investor Meet/Con. Call Updates,1,1,1,zerodha_2x_all_in_cost_proxy,0
P373_2026-08-03_SUNPHARMA_106711902,phase380_expanded_real_l2_catalyst_retest,P362_D120_I2p5_D0p25_R0p0_REVERSAL_CONTROL,NSE_CORPORATE_ANNOUNCEMENTS,SUNPHARMA,27-Jul-2026 16:00:19,2026-07-27,post_close,2026-08-03,market_open_next_available_unseen_real_l2_day,General Updates,1,1,1,zerodha_2x_all_in_cost_proxy,0
P373_2026-08-03_ULTRACEMCO_106721610,phase380_expanded_real_l2_catalyst_retest,P362_D120_I2p5_D0p25_R0p0_REVERSAL_CONTROL,NSE_CORPORATE_ANNOUNCEMENTS,ULTRACEMCO,03-Aug-2026 12:03:35,2026-08-03,regular_session,2026-08-03,first_real_tick_after_announcement,Allotment of Securities,1,1,1,zerodha_2x_all_in_cost_proxy,0
P373_2026-08-03_WIPRO_106711883,phase380_expanded_real_l2_catalyst_retest,P362_D120_I2p5_D0p25_R0p0_REVERSAL_CONTROL,NSE_CORPORATE_ANNOUNCEMENTS,WIPRO,27-Jul-2026 15:45:04,2026-07-27,post_close,2026-08-03,market_open_next_available_unseen_real_l2_day,Press Release,1,1,1,zerodha_2x_all_in_cost_proxy,0
