strategy_id,execution_profile,fill_model_id,horizon_ticks,trade_dates,scheduled_events,expected_filled_events,positive_symbols,positive_symbol_dates,expected_net_pnl_inr,annualized_pct_fixed_capital,avg_fill_probability,avg_depth25_materiality,avg_abs_deep_imbalance_2_5,avg_spread_bps,worst_event_pnl_inr,above12,event_floor_met,breadth_met,acceptance_candidate,diagnostic_clue_only,expand_same_branch_allowed,acceptance_allowed
P351_FULL_DEPTH_SHOCK_REVERSAL,passive_pessimistic_back_of_queue_cost200,P351_PASSIVE_PESSIMISTIC_BACK_OF_QUEUE,6,1,761,204.5155081092764,0,0,-41721.57945062977,-4.1721579450629775,0.2712293639822044,0.8823511003916022,0.4063598672434853,2.141718862548622,-1189.5282031362167,0,1,0,0,1,0,0
P351_FULL_DEPTH_SHOCK_REVERSAL,passive_base_back_of_queue_cost200,P351_PASSIVE_BASE_BACK_OF_QUEUE,6,1,761,306.7732621639146,0,0,-56013.15697031495,-5.601315697031495,0.4068440459733066,0.8823511003916025,0.4063598672434853,2.141718862548622,-1168.3280234563742,0,1,0,0,1,0,0
P351_FULL_DEPTH_SHOCK_REVERSAL,taker_cost200_fixed_capital,P351_TAKER_DETERMINISTIC,6,1,761,761.0,0,0,-127652.11437382323,-12.765211437382328,1.0,0.8823511003916022,0.4063598672434853,2.141718862548622,-1152.6954687356913,0,1,0,0,1,0,0
P351_VOLUME_ABSORPTION_REVERSAL,passive_pessimistic_back_of_queue_cost200,P351_PASSIVE_PESSIMISTIC_BACK_OF_QUEUE,6,1,2364,639.8383906570307,0,0,-129297.16032557408,-12.929716032557408,0.2709847355744366,0.8823513327837835,0.3910754117340518,2.16618809411039,-1189.5282031362167,0,1,0,0,1,0,0
P351_VOLUME_ABSORPTION_REVERSAL,passive_base_back_of_queue_cost200,P351_PASSIVE_BASE_BACK_OF_QUEUE,6,1,2364,959.7575859855458,0,0,-173597.5932924363,-17.35975932924363,0.4064771033616548,0.8823513327837835,0.3910754117340518,2.16618809411039,-1168.3280234563742,0,1,0,0,1,0,0
P351_VOLUME_ABSORPTION_REVERSAL,taker_cost200_fixed_capital,P351_TAKER_DETERMINISTIC,6,1,2364,2364.0,0,0,-390622.86184135225,-39.062286184135225,1.0,0.8823513327837833,0.3910754117340518,2.16618809411039,-1152.6954687356913,0,1,0,0,1,0,0
P351_DEEP_PRESSURE_CONTINUATION,passive_pessimistic_back_of_queue_cost200,P351_PASSIVE_PESSIMISTIC_BACK_OF_QUEUE,6,1,17615,4787.832930460092,0,0,-963620.4945448712,-96.36204945448712,0.2718937752006411,0.8823480691174377,0.3743612235087935,2.0751943806653745,-1189.5282031362167,0,1,0,0,1,0,0
P351_DEEP_PRESSURE_CONTINUATION,passive_base_back_of_queue_cost200,P351_PASSIVE_BASE_BACK_OF_QUEUE,6,1,17615,7181.749395690171,0,0,-1294092.7587888706,-129.40927587888706,0.4078406628009635,0.8823480691174377,0.3743612235087934,2.0751943806653754,-1168.3280234563742,0,1,0,0,1,0,0
P351_DEEP_PRESSURE_CONTINUATION,taker_cost200_fixed_capital,P351_TAKER_DETERMINISTIC,6,1,17615,17615.0,0,0,-2891532.7222623206,-289.15327222623205,1.0,0.8823480691174377,0.3743612235087935,2.0751943806653737,-1152.6954687356913,0,1,0,0,1,0,0
