panel,scenario_id,family_id,candidate_scan_points,selected_trades,l1_only_control,side_flip_control
synthetic,P432_synthetic_depth_pressure_continuation_L60_F3_M2500_S4p0_I0p25_D0p1,depth_pressure_continuation,40,10,0,0
synthetic,P432_synthetic_depth_pressure_continuation_L60_F3_M2500_S4p0_I0p25_D0p25,depth_pressure_continuation,40,10,0,0
synthetic,P432_synthetic_depth_pressure_continuation_L60_F3_M2500_S4p0_I0p25_D0p4,depth_pressure_continuation,40,10,0,0
synthetic,P432_synthetic_depth_pressure_continuation_L60_F3_M2500_S4p0_I0p4_D0p1,depth_pressure_continuation,40,0,0,0
synthetic,P432_synthetic_depth_pressure_continuation_L60_F3_M2500_S4p0_I0p4_D0p25,depth_pressure_continuation,40,0,0,0
synthetic,P432_synthetic_depth_pressure_continuation_L60_F3_M2500_S4p0_I0p4_D0p4,depth_pressure_continuation,40,0,0,0
synthetic,P432_synthetic_depth_pressure_continuation_L60_F3_M2500_S4p0_I0p55_D0p1,depth_pressure_continuation,40,0,0,0
synthetic,P432_synthetic_depth_pressure_continuation_L60_F3_M2500_S4p0_I0p55_D0p25,depth_pressure_continuation,40,0,0,0
synthetic,P432_synthetic_depth_pressure_continuation_L60_F3_M2500_S4p0_I0p55_D0p4,depth_pressure_continuation,40,0,0,0
synthetic,P432_synthetic_depth_pressure_continuation_L60_F3_M2500_S8p0_I0p25_D0p1,depth_pressure_continuation,40,10,0,0
synthetic,P432_synthetic_depth_pressure_continuation_L60_F3_M2500_S8p0_I0p25_D0p25,depth_pressure_continuation,40,10,0,0
synthetic,P432_synthetic_depth_pressure_continuation_L60_F3_M2500_S8p0_I0p25_D0p4,depth_pressure_continuation,40,10,0,0
synthetic,P432_synthetic_depth_pressure_continuation_L60_F3_M2500_S8p0_I0p4_D0p1,depth_pressure_continuation,40,0,0,0
synthetic,P432_synthetic_depth_pressure_continuation_L60_F3_M2500_S8p0_I0p4_D0p25,depth_pressure_continuation,40,0,0,0
synthetic,P432_synthetic_depth_pressure_continuation_L60_F3_M2500_S8p0_I0p4_D0p4,depth_pressure_continuation,40,0,0,0
synthetic,P432_synthetic_depth_pressure_continuation_L60_F3_M2500_S8p0_I0p55_D0p1,depth_pressure_continuation,40,0,0,0
synthetic,P432_synthetic_depth_pressure_continuation_L60_F3_M2500_S8p0_I0p55_D0p25,depth_pressure_continuation,40,0,0,0
synthetic,P432_synthetic_depth_pressure_continuation_L60_F3_M2500_S8p0_I0p55_D0p4,depth_pressure_continuation,40,0,0,0
synthetic,P432_synthetic_depth_pressure_continuation_L60_F3_M2500_S12p0_I0p25_D0p1,depth_pressure_continuation,40,10,0,0
synthetic,P432_synthetic_depth_pressure_continuation_L60_F3_M2500_S12p0_I0p25_D0p25,depth_pressure_continuation,40,10,0,0
synthetic,P432_synthetic_depth_pressure_continuation_L60_F3_M2500_S12p0_I0p25_D0p4,depth_pressure_continuation,40,10,0,0
synthetic,P432_synthetic_depth_pressure_continuation_L60_F3_M2500_S12p0_I0p4_D0p1,depth_pressure_continuation,40,0,0,0
synthetic,P432_synthetic_depth_pressure_continuation_L60_F3_M2500_S12p0_I0p4_D0p25,depth_pressure_continuation,40,0,0,0
synthetic,P432_synthetic_depth_pressure_continuation_L60_F3_M2500_S12p0_I0p4_D0p4,depth_pressure_continuation,40,0,0,0
synthetic,P432_synthetic_depth_pressure_continuation_L60_F3_M2500_S12p0_I0p55_D0p1,depth_pressure_continuation,40,0,0,0
synthetic,P432_synthetic_depth_pressure_continuation_L60_F3_M2500_S12p0_I0p55_D0p25,depth_pressure_continuation,40,0,0,0
synthetic,P432_synthetic_depth_pressure_continuation_L60_F3_M2500_S12p0_I0p55_D0p4,depth_pressure_continuation,40,0,0,0
synthetic,P432_synthetic_depth_pressure_continuation_L180_F3_M2500_S4p0_I0p25_D0p1,depth_pressure_continuation,40,10,0,0
synthetic,P432_synthetic_depth_pressure_continuation_L180_F3_M2500_S4p0_I0p25_D0p25,depth_pressure_continuation,40,10,0,0
synthetic,P432_synthetic_depth_pressure_continuation_L180_F3_M2500_S4p0_I0p25_D0p4,depth_pressure_continuation,40,10,0,0
synthetic,P432_synthetic_depth_pressure_continuation_L180_F3_M2500_S4p0_I0p4_D0p1,depth_pressure_continuation,40,0,0,0
synthetic,P432_synthetic_depth_pressure_continuation_L180_F3_M2500_S4p0_I0p4_D0p25,depth_pressure_continuation,40,0,0,0
synthetic,P432_synthetic_depth_pressure_continuation_L180_F3_M2500_S4p0_I0p4_D0p4,depth_pressure_continuation,40,0,0,0
synthetic,P432_synthetic_depth_pressure_continuation_L180_F3_M2500_S4p0_I0p55_D0p1,depth_pressure_continuation,40,0,0,0
synthetic,P432_synthetic_depth_pressure_continuation_L180_F3_M2500_S4p0_I0p55_D0p25,depth_pressure_continuation,40,0,0,0
synthetic,P432_synthetic_depth_pressure_continuation_L180_F3_M2500_S4p0_I0p55_D0p4,depth_pressure_continuation,40,0,0,0
synthetic,P432_synthetic_depth_pressure_continuation_L180_F3_M2500_S8p0_I0p25_D0p1,depth_pressure_continuation,40,10,0,0
synthetic,P432_synthetic_depth_pressure_continuation_L180_F3_M2500_S8p0_I0p25_D0p25,depth_pressure_continuation,40,10,0,0
synthetic,P432_synthetic_depth_pressure_continuation_L180_F3_M2500_S8p0_I0p25_D0p4,depth_pressure_continuation,40,10,0,0
synthetic,P432_synthetic_depth_pressure_continuation_L180_F3_M2500_S8p0_I0p4_D0p1,depth_pressure_continuation,40,0,0,0
synthetic,P432_synthetic_depth_pressure_continuation_L180_F3_M2500_S8p0_I0p4_D0p25,depth_pressure_continuation,40,0,0,0
synthetic,P432_synthetic_depth_pressure_continuation_L180_F3_M2500_S8p0_I0p4_D0p4,depth_pressure_continuation,40,0,0,0
synthetic,P432_synthetic_depth_pressure_continuation_L180_F3_M2500_S8p0_I0p55_D0p1,depth_pressure_continuation,40,0,0,0
synthetic,P432_synthetic_depth_pressure_continuation_L180_F3_M2500_S8p0_I0p55_D0p25,depth_pressure_continuation,40,0,0,0
synthetic,P432_synthetic_depth_pressure_continuation_L180_F3_M2500_S8p0_I0p55_D0p4,depth_pressure_continuation,40,0,0,0
synthetic,P432_synthetic_depth_pressure_continuation_L180_F3_M2500_S12p0_I0p25_D0p1,depth_pressure_continuation,40,10,0,0
synthetic,P432_synthetic_depth_pressure_continuation_L180_F3_M2500_S12p0_I0p25_D0p25,depth_pressure_continuation,40,10,0,0
synthetic,P432_synthetic_depth_pressure_continuation_L180_F3_M2500_S12p0_I0p25_D0p4,depth_pressure_continuation,40,10,0,0
synthetic,P432_synthetic_depth_pressure_continuation_L180_F3_M2500_S12p0_I0p4_D0p1,depth_pressure_continuation,40,0,0,0
synthetic,P432_synthetic_depth_pressure_continuation_L180_F3_M2500_S12p0_I0p4_D0p25,depth_pressure_continuation,40,0,0,0
synthetic,P432_synthetic_depth_pressure_continuation_L180_F3_M2500_S12p0_I0p4_D0p4,depth_pressure_continuation,40,0,0,0
synthetic,P432_synthetic_depth_pressure_continuation_L180_F3_M2500_S12p0_I0p55_D0p1,depth_pressure_continuation,40,0,0,0
synthetic,P432_synthetic_depth_pressure_continuation_L180_F3_M2500_S12p0_I0p55_D0p25,depth_pressure_continuation,40,0,0,0
synthetic,P432_synthetic_depth_pressure_continuation_L180_F3_M2500_S12p0_I0p55_D0p4,depth_pressure_continuation,40,0,0,0
synthetic,P432_synthetic_depth_pressure_continuation_L360_F3_M2500_S4p0_I0p25_D0p1,depth_pressure_continuation,40,10,0,0
synthetic,P432_synthetic_depth_pressure_continuation_L360_F3_M2500_S4p0_I0p25_D0p25,depth_pressure_continuation,40,10,0,0
synthetic,P432_synthetic_depth_pressure_continuation_L360_F3_M2500_S4p0_I0p25_D0p4,depth_pressure_continuation,40,10,0,0
synthetic,P432_synthetic_depth_pressure_continuation_L360_F3_M2500_S4p0_I0p4_D0p1,depth_pressure_continuation,40,0,0,0
synthetic,P432_synthetic_depth_pressure_continuation_L360_F3_M2500_S4p0_I0p4_D0p25,depth_pressure_continuation,40,0,0,0
synthetic,P432_synthetic_depth_pressure_continuation_L360_F3_M2500_S4p0_I0p4_D0p4,depth_pressure_continuation,40,0,0,0
synthetic,P432_synthetic_depth_pressure_continuation_L360_F3_M2500_S4p0_I0p55_D0p1,depth_pressure_continuation,40,0,0,0
synthetic,P432_synthetic_depth_pressure_continuation_L360_F3_M2500_S4p0_I0p55_D0p25,depth_pressure_continuation,40,0,0,0
synthetic,P432_synthetic_depth_pressure_continuation_L360_F3_M2500_S4p0_I0p55_D0p4,depth_pressure_continuation,40,0,0,0
synthetic,P432_synthetic_depth_pressure_continuation_L360_F3_M2500_S8p0_I0p25_D0p1,depth_pressure_continuation,40,10,0,0
synthetic,P432_synthetic_depth_pressure_continuation_L360_F3_M2500_S8p0_I0p25_D0p25,depth_pressure_continuation,40,10,0,0
synthetic,P432_synthetic_depth_pressure_continuation_L360_F3_M2500_S8p0_I0p25_D0p4,depth_pressure_continuation,40,10,0,0
synthetic,P432_synthetic_depth_pressure_continuation_L360_F3_M2500_S8p0_I0p4_D0p1,depth_pressure_continuation,40,0,0,0
synthetic,P432_synthetic_depth_pressure_continuation_L360_F3_M2500_S8p0_I0p4_D0p25,depth_pressure_continuation,40,0,0,0
synthetic,P432_synthetic_depth_pressure_continuation_L360_F3_M2500_S8p0_I0p4_D0p4,depth_pressure_continuation,40,0,0,0
synthetic,P432_synthetic_depth_pressure_continuation_L360_F3_M2500_S8p0_I0p55_D0p1,depth_pressure_continuation,40,0,0,0
synthetic,P432_synthetic_depth_pressure_continuation_L360_F3_M2500_S8p0_I0p55_D0p25,depth_pressure_continuation,40,0,0,0
synthetic,P432_synthetic_depth_pressure_continuation_L360_F3_M2500_S8p0_I0p55_D0p4,depth_pressure_continuation,40,0,0,0
synthetic,P432_synthetic_depth_pressure_continuation_L360_F3_M2500_S12p0_I0p25_D0p1,depth_pressure_continuation,40,10,0,0
synthetic,P432_synthetic_depth_pressure_continuation_L360_F3_M2500_S12p0_I0p25_D0p25,depth_pressure_continuation,40,10,0,0
synthetic,P432_synthetic_depth_pressure_continuation_L360_F3_M2500_S12p0_I0p25_D0p4,depth_pressure_continuation,40,10,0,0
synthetic,P432_synthetic_depth_pressure_continuation_L360_F3_M2500_S12p0_I0p4_D0p1,depth_pressure_continuation,40,0,0,0
synthetic,P432_synthetic_depth_pressure_continuation_L360_F3_M2500_S12p0_I0p4_D0p25,depth_pressure_continuation,40,0,0,0
synthetic,P432_synthetic_depth_pressure_continuation_L360_F3_M2500_S12p0_I0p4_D0p4,depth_pressure_continuation,40,0,0,0
synthetic,P432_synthetic_depth_pressure_continuation_L360_F3_M2500_S12p0_I0p55_D0p1,depth_pressure_continuation,40,0,0,0
synthetic,P432_synthetic_depth_pressure_continuation_L360_F3_M2500_S12p0_I0p55_D0p25,depth_pressure_continuation,40,0,0,0
synthetic,P432_synthetic_depth_pressure_continuation_L360_F3_M2500_S12p0_I0p55_D0p4,depth_pressure_continuation,40,0,0,0
synthetic,P432_synthetic_depth_pressure_reversal_L60_F3_M2500_S4p0_I0p25_D0p1,depth_pressure_reversal,40,0,0,0
synthetic,P432_synthetic_depth_pressure_reversal_L60_F3_M2500_S4p0_I0p25_D0p25,depth_pressure_reversal,40,0,0,0
synthetic,P432_synthetic_depth_pressure_reversal_L60_F3_M2500_S4p0_I0p25_D0p4,depth_pressure_reversal,40,0,0,0
synthetic,P432_synthetic_depth_pressure_reversal_L60_F3_M2500_S4p0_I0p4_D0p1,depth_pressure_reversal,40,0,0,0
synthetic,P432_synthetic_depth_pressure_reversal_L60_F3_M2500_S4p0_I0p4_D0p25,depth_pressure_reversal,40,0,0,0
synthetic,P432_synthetic_depth_pressure_reversal_L60_F3_M2500_S4p0_I0p4_D0p4,depth_pressure_reversal,40,0,0,0
synthetic,P432_synthetic_depth_pressure_reversal_L60_F3_M2500_S4p0_I0p55_D0p1,depth_pressure_reversal,40,0,0,0
synthetic,P432_synthetic_depth_pressure_reversal_L60_F3_M2500_S4p0_I0p55_D0p25,depth_pressure_reversal,40,0,0,0
synthetic,P432_synthetic_depth_pressure_reversal_L60_F3_M2500_S4p0_I0p55_D0p4,depth_pressure_reversal,40,0,0,0
synthetic,P432_synthetic_depth_pressure_reversal_L60_F3_M2500_S8p0_I0p25_D0p1,depth_pressure_reversal,40,0,0,0
synthetic,P432_synthetic_depth_pressure_reversal_L60_F3_M2500_S8p0_I0p25_D0p25,depth_pressure_reversal,40,0,0,0
synthetic,P432_synthetic_depth_pressure_reversal_L60_F3_M2500_S8p0_I0p25_D0p4,depth_pressure_reversal,40,0,0,0
synthetic,P432_synthetic_depth_pressure_reversal_L60_F3_M2500_S8p0_I0p4_D0p1,depth_pressure_reversal,40,0,0,0
synthetic,P432_synthetic_depth_pressure_reversal_L60_F3_M2500_S8p0_I0p4_D0p25,depth_pressure_reversal,40,0,0,0
synthetic,P432_synthetic_depth_pressure_reversal_L60_F3_M2500_S8p0_I0p4_D0p4,depth_pressure_reversal,40,0,0,0
synthetic,P432_synthetic_depth_pressure_reversal_L60_F3_M2500_S8p0_I0p55_D0p1,depth_pressure_reversal,40,0,0,0
synthetic,P432_synthetic_depth_pressure_reversal_L60_F3_M2500_S8p0_I0p55_D0p25,depth_pressure_reversal,40,0,0,0
synthetic,P432_synthetic_depth_pressure_reversal_L60_F3_M2500_S8p0_I0p55_D0p4,depth_pressure_reversal,40,0,0,0
synthetic,P432_synthetic_depth_pressure_reversal_L60_F3_M2500_S12p0_I0p25_D0p1,depth_pressure_reversal,40,0,0,0
synthetic,P432_synthetic_depth_pressure_reversal_L60_F3_M2500_S12p0_I0p25_D0p25,depth_pressure_reversal,40,0,0,0
synthetic,P432_synthetic_depth_pressure_reversal_L60_F3_M2500_S12p0_I0p25_D0p4,depth_pressure_reversal,40,0,0,0
synthetic,P432_synthetic_depth_pressure_reversal_L60_F3_M2500_S12p0_I0p4_D0p1,depth_pressure_reversal,40,0,0,0
synthetic,P432_synthetic_depth_pressure_reversal_L60_F3_M2500_S12p0_I0p4_D0p25,depth_pressure_reversal,40,0,0,0
synthetic,P432_synthetic_depth_pressure_reversal_L60_F3_M2500_S12p0_I0p4_D0p4,depth_pressure_reversal,40,0,0,0
synthetic,P432_synthetic_depth_pressure_reversal_L60_F3_M2500_S12p0_I0p55_D0p1,depth_pressure_reversal,40,0,0,0
synthetic,P432_synthetic_depth_pressure_reversal_L60_F3_M2500_S12p0_I0p55_D0p25,depth_pressure_reversal,40,0,0,0
synthetic,P432_synthetic_depth_pressure_reversal_L60_F3_M2500_S12p0_I0p55_D0p4,depth_pressure_reversal,40,0,0,0
synthetic,P432_synthetic_depth_pressure_reversal_L180_F3_M2500_S4p0_I0p25_D0p1,depth_pressure_reversal,40,0,0,0
synthetic,P432_synthetic_depth_pressure_reversal_L180_F3_M2500_S4p0_I0p25_D0p25,depth_pressure_reversal,40,0,0,0
synthetic,P432_synthetic_depth_pressure_reversal_L180_F3_M2500_S4p0_I0p25_D0p4,depth_pressure_reversal,40,0,0,0
synthetic,P432_synthetic_depth_pressure_reversal_L180_F3_M2500_S4p0_I0p4_D0p1,depth_pressure_reversal,40,0,0,0
synthetic,P432_synthetic_depth_pressure_reversal_L180_F3_M2500_S4p0_I0p4_D0p25,depth_pressure_reversal,40,0,0,0
synthetic,P432_synthetic_depth_pressure_reversal_L180_F3_M2500_S4p0_I0p4_D0p4,depth_pressure_reversal,40,0,0,0
synthetic,P432_synthetic_depth_pressure_reversal_L180_F3_M2500_S4p0_I0p55_D0p1,depth_pressure_reversal,40,0,0,0
synthetic,P432_synthetic_depth_pressure_reversal_L180_F3_M2500_S4p0_I0p55_D0p25,depth_pressure_reversal,40,0,0,0
synthetic,P432_synthetic_depth_pressure_reversal_L180_F3_M2500_S4p0_I0p55_D0p4,depth_pressure_reversal,40,0,0,0
synthetic,P432_synthetic_depth_pressure_reversal_L180_F3_M2500_S8p0_I0p25_D0p1,depth_pressure_reversal,40,0,0,0
synthetic,P432_synthetic_depth_pressure_reversal_L180_F3_M2500_S8p0_I0p25_D0p25,depth_pressure_reversal,40,0,0,0
synthetic,P432_synthetic_depth_pressure_reversal_L180_F3_M2500_S8p0_I0p25_D0p4,depth_pressure_reversal,40,0,0,0
synthetic,P432_synthetic_depth_pressure_reversal_L180_F3_M2500_S8p0_I0p4_D0p1,depth_pressure_reversal,40,0,0,0
synthetic,P432_synthetic_depth_pressure_reversal_L180_F3_M2500_S8p0_I0p4_D0p25,depth_pressure_reversal,40,0,0,0
synthetic,P432_synthetic_depth_pressure_reversal_L180_F3_M2500_S8p0_I0p4_D0p4,depth_pressure_reversal,40,0,0,0
synthetic,P432_synthetic_depth_pressure_reversal_L180_F3_M2500_S8p0_I0p55_D0p1,depth_pressure_reversal,40,0,0,0
synthetic,P432_synthetic_depth_pressure_reversal_L180_F3_M2500_S8p0_I0p55_D0p25,depth_pressure_reversal,40,0,0,0
synthetic,P432_synthetic_depth_pressure_reversal_L180_F3_M2500_S8p0_I0p55_D0p4,depth_pressure_reversal,40,0,0,0
synthetic,P432_synthetic_depth_pressure_reversal_L180_F3_M2500_S12p0_I0p25_D0p1,depth_pressure_reversal,40,0,0,0
synthetic,P432_synthetic_depth_pressure_reversal_L180_F3_M2500_S12p0_I0p25_D0p25,depth_pressure_reversal,40,0,0,0
synthetic,P432_synthetic_depth_pressure_reversal_L180_F3_M2500_S12p0_I0p25_D0p4,depth_pressure_reversal,40,0,0,0
synthetic,P432_synthetic_depth_pressure_reversal_L180_F3_M2500_S12p0_I0p4_D0p1,depth_pressure_reversal,40,0,0,0
synthetic,P432_synthetic_depth_pressure_reversal_L180_F3_M2500_S12p0_I0p4_D0p25,depth_pressure_reversal,40,0,0,0
synthetic,P432_synthetic_depth_pressure_reversal_L180_F3_M2500_S12p0_I0p4_D0p4,depth_pressure_reversal,40,0,0,0
synthetic,P432_synthetic_depth_pressure_reversal_L180_F3_M2500_S12p0_I0p55_D0p1,depth_pressure_reversal,40,0,0,0
synthetic,P432_synthetic_depth_pressure_reversal_L180_F3_M2500_S12p0_I0p55_D0p25,depth_pressure_reversal,40,0,0,0
synthetic,P432_synthetic_depth_pressure_reversal_L180_F3_M2500_S12p0_I0p55_D0p4,depth_pressure_reversal,40,0,0,0
synthetic,P432_synthetic_depth_pressure_reversal_L360_F3_M2500_S4p0_I0p25_D0p1,depth_pressure_reversal,40,0,0,0
synthetic,P432_synthetic_depth_pressure_reversal_L360_F3_M2500_S4p0_I0p25_D0p25,depth_pressure_reversal,40,0,0,0
synthetic,P432_synthetic_depth_pressure_reversal_L360_F3_M2500_S4p0_I0p25_D0p4,depth_pressure_reversal,40,0,0,0
synthetic,P432_synthetic_depth_pressure_reversal_L360_F3_M2500_S4p0_I0p4_D0p1,depth_pressure_reversal,40,0,0,0
synthetic,P432_synthetic_depth_pressure_reversal_L360_F3_M2500_S4p0_I0p4_D0p25,depth_pressure_reversal,40,0,0,0
synthetic,P432_synthetic_depth_pressure_reversal_L360_F3_M2500_S4p0_I0p4_D0p4,depth_pressure_reversal,40,0,0,0
synthetic,P432_synthetic_depth_pressure_reversal_L360_F3_M2500_S4p0_I0p55_D0p1,depth_pressure_reversal,40,0,0,0
synthetic,P432_synthetic_depth_pressure_reversal_L360_F3_M2500_S4p0_I0p55_D0p25,depth_pressure_reversal,40,0,0,0
synthetic,P432_synthetic_depth_pressure_reversal_L360_F3_M2500_S4p0_I0p55_D0p4,depth_pressure_reversal,40,0,0,0
synthetic,P432_synthetic_depth_pressure_reversal_L360_F3_M2500_S8p0_I0p25_D0p1,depth_pressure_reversal,40,0,0,0
synthetic,P432_synthetic_depth_pressure_reversal_L360_F3_M2500_S8p0_I0p25_D0p25,depth_pressure_reversal,40,0,0,0
synthetic,P432_synthetic_depth_pressure_reversal_L360_F3_M2500_S8p0_I0p25_D0p4,depth_pressure_reversal,40,0,0,0
synthetic,P432_synthetic_depth_pressure_reversal_L360_F3_M2500_S8p0_I0p4_D0p1,depth_pressure_reversal,40,0,0,0
synthetic,P432_synthetic_depth_pressure_reversal_L360_F3_M2500_S8p0_I0p4_D0p25,depth_pressure_reversal,40,0,0,0
synthetic,P432_synthetic_depth_pressure_reversal_L360_F3_M2500_S8p0_I0p4_D0p4,depth_pressure_reversal,40,0,0,0
synthetic,P432_synthetic_depth_pressure_reversal_L360_F3_M2500_S8p0_I0p55_D0p1,depth_pressure_reversal,40,0,0,0
synthetic,P432_synthetic_depth_pressure_reversal_L360_F3_M2500_S8p0_I0p55_D0p25,depth_pressure_reversal,40,0,0,0
synthetic,P432_synthetic_depth_pressure_reversal_L360_F3_M2500_S8p0_I0p55_D0p4,depth_pressure_reversal,40,0,0,0
synthetic,P432_synthetic_depth_pressure_reversal_L360_F3_M2500_S12p0_I0p25_D0p1,depth_pressure_reversal,40,0,0,0
synthetic,P432_synthetic_depth_pressure_reversal_L360_F3_M2500_S12p0_I0p25_D0p25,depth_pressure_reversal,40,0,0,0
synthetic,P432_synthetic_depth_pressure_reversal_L360_F3_M2500_S12p0_I0p25_D0p4,depth_pressure_reversal,40,0,0,0
synthetic,P432_synthetic_depth_pressure_reversal_L360_F3_M2500_S12p0_I0p4_D0p1,depth_pressure_reversal,40,0,0,0
synthetic,P432_synthetic_depth_pressure_reversal_L360_F3_M2500_S12p0_I0p4_D0p25,depth_pressure_reversal,40,0,0,0
synthetic,P432_synthetic_depth_pressure_reversal_L360_F3_M2500_S12p0_I0p4_D0p4,depth_pressure_reversal,40,0,0,0
synthetic,P432_synthetic_depth_pressure_reversal_L360_F3_M2500_S12p0_I0p55_D0p1,depth_pressure_reversal,40,0,0,0
synthetic,P432_synthetic_depth_pressure_reversal_L360_F3_M2500_S12p0_I0p55_D0p25,depth_pressure_reversal,40,0,0,0
synthetic,P432_synthetic_depth_pressure_reversal_L360_F3_M2500_S12p0_I0p55_D0p4,depth_pressure_reversal,40,0,0,0
synthetic,P432_synthetic_spread_compression_breakout_L60_F3_M2500_S4p0_I0p25_D0p1,spread_compression_breakout,40,0,0,0
synthetic,P432_synthetic_spread_compression_breakout_L60_F3_M2500_S4p0_I0p25_D0p25,spread_compression_breakout,40,0,0,0
synthetic,P432_synthetic_spread_compression_breakout_L60_F3_M2500_S4p0_I0p25_D0p4,spread_compression_breakout,40,0,0,0
synthetic,P432_synthetic_spread_compression_breakout_L60_F3_M2500_S4p0_I0p4_D0p1,spread_compression_breakout,40,0,0,0
synthetic,P432_synthetic_spread_compression_breakout_L60_F3_M2500_S4p0_I0p4_D0p25,spread_compression_breakout,40,0,0,0
synthetic,P432_synthetic_spread_compression_breakout_L60_F3_M2500_S4p0_I0p4_D0p4,spread_compression_breakout,40,0,0,0
synthetic,P432_synthetic_spread_compression_breakout_L60_F3_M2500_S4p0_I0p55_D0p1,spread_compression_breakout,40,0,0,0
synthetic,P432_synthetic_spread_compression_breakout_L60_F3_M2500_S4p0_I0p55_D0p25,spread_compression_breakout,40,0,0,0
synthetic,P432_synthetic_spread_compression_breakout_L60_F3_M2500_S4p0_I0p55_D0p4,spread_compression_breakout,40,0,0,0
synthetic,P432_synthetic_spread_compression_breakout_L60_F3_M2500_S8p0_I0p25_D0p1,spread_compression_breakout,40,0,0,0
synthetic,P432_synthetic_spread_compression_breakout_L60_F3_M2500_S8p0_I0p25_D0p25,spread_compression_breakout,40,0,0,0
synthetic,P432_synthetic_spread_compression_breakout_L60_F3_M2500_S8p0_I0p25_D0p4,spread_compression_breakout,40,0,0,0
synthetic,P432_synthetic_spread_compression_breakout_L60_F3_M2500_S8p0_I0p4_D0p1,spread_compression_breakout,40,0,0,0
synthetic,P432_synthetic_spread_compression_breakout_L60_F3_M2500_S8p0_I0p4_D0p25,spread_compression_breakout,40,0,0,0
synthetic,P432_synthetic_spread_compression_breakout_L60_F3_M2500_S8p0_I0p4_D0p4,spread_compression_breakout,40,0,0,0
synthetic,P432_synthetic_spread_compression_breakout_L60_F3_M2500_S8p0_I0p55_D0p1,spread_compression_breakout,40,0,0,0
synthetic,P432_synthetic_spread_compression_breakout_L60_F3_M2500_S8p0_I0p55_D0p25,spread_compression_breakout,40,0,0,0
synthetic,P432_synthetic_spread_compression_breakout_L60_F3_M2500_S8p0_I0p55_D0p4,spread_compression_breakout,40,0,0,0
synthetic,P432_synthetic_spread_compression_breakout_L60_F3_M2500_S12p0_I0p25_D0p1,spread_compression_breakout,40,0,0,0
synthetic,P432_synthetic_spread_compression_breakout_L60_F3_M2500_S12p0_I0p25_D0p25,spread_compression_breakout,40,0,0,0
synthetic,P432_synthetic_spread_compression_breakout_L60_F3_M2500_S12p0_I0p25_D0p4,spread_compression_breakout,40,0,0,0
synthetic,P432_synthetic_spread_compression_breakout_L60_F3_M2500_S12p0_I0p4_D0p1,spread_compression_breakout,40,0,0,0
synthetic,P432_synthetic_spread_compression_breakout_L60_F3_M2500_S12p0_I0p4_D0p25,spread_compression_breakout,40,0,0,0
synthetic,P432_synthetic_spread_compression_breakout_L60_F3_M2500_S12p0_I0p4_D0p4,spread_compression_breakout,40,0,0,0
synthetic,P432_synthetic_spread_compression_breakout_L60_F3_M2500_S12p0_I0p55_D0p1,spread_compression_breakout,40,0,0,0
synthetic,P432_synthetic_spread_compression_breakout_L60_F3_M2500_S12p0_I0p55_D0p25,spread_compression_breakout,40,0,0,0
synthetic,P432_synthetic_spread_compression_breakout_L60_F3_M2500_S12p0_I0p55_D0p4,spread_compression_breakout,40,0,0,0
synthetic,P432_synthetic_spread_compression_breakout_L180_F3_M2500_S4p0_I0p25_D0p1,spread_compression_breakout,40,0,0,0
synthetic,P432_synthetic_spread_compression_breakout_L180_F3_M2500_S4p0_I0p25_D0p25,spread_compression_breakout,40,0,0,0
synthetic,P432_synthetic_spread_compression_breakout_L180_F3_M2500_S4p0_I0p25_D0p4,spread_compression_breakout,40,0,0,0
synthetic,P432_synthetic_spread_compression_breakout_L180_F3_M2500_S4p0_I0p4_D0p1,spread_compression_breakout,40,0,0,0
synthetic,P432_synthetic_spread_compression_breakout_L180_F3_M2500_S4p0_I0p4_D0p25,spread_compression_breakout,40,0,0,0
synthetic,P432_synthetic_spread_compression_breakout_L180_F3_M2500_S4p0_I0p4_D0p4,spread_compression_breakout,40,0,0,0
synthetic,P432_synthetic_spread_compression_breakout_L180_F3_M2500_S4p0_I0p55_D0p1,spread_compression_breakout,40,0,0,0
synthetic,P432_synthetic_spread_compression_breakout_L180_F3_M2500_S4p0_I0p55_D0p25,spread_compression_breakout,40,0,0,0
synthetic,P432_synthetic_spread_compression_breakout_L180_F3_M2500_S4p0_I0p55_D0p4,spread_compression_breakout,40,0,0,0
synthetic,P432_synthetic_spread_compression_breakout_L180_F3_M2500_S8p0_I0p25_D0p1,spread_compression_breakout,40,0,0,0
synthetic,P432_synthetic_spread_compression_breakout_L180_F3_M2500_S8p0_I0p25_D0p25,spread_compression_breakout,40,0,0,0
synthetic,P432_synthetic_spread_compression_breakout_L180_F3_M2500_S8p0_I0p25_D0p4,spread_compression_breakout,40,0,0,0
synthetic,P432_synthetic_spread_compression_breakout_L180_F3_M2500_S8p0_I0p4_D0p1,spread_compression_breakout,40,0,0,0
synthetic,P432_synthetic_spread_compression_breakout_L180_F3_M2500_S8p0_I0p4_D0p25,spread_compression_breakout,40,0,0,0
synthetic,P432_synthetic_spread_compression_breakout_L180_F3_M2500_S8p0_I0p4_D0p4,spread_compression_breakout,40,0,0,0
synthetic,P432_synthetic_spread_compression_breakout_L180_F3_M2500_S8p0_I0p55_D0p1,spread_compression_breakout,40,0,0,0
synthetic,P432_synthetic_spread_compression_breakout_L180_F3_M2500_S8p0_I0p55_D0p25,spread_compression_breakout,40,0,0,0
synthetic,P432_synthetic_spread_compression_breakout_L180_F3_M2500_S8p0_I0p55_D0p4,spread_compression_breakout,40,0,0,0
synthetic,P432_synthetic_spread_compression_breakout_L180_F3_M2500_S12p0_I0p25_D0p1,spread_compression_breakout,40,0,0,0
synthetic,P432_synthetic_spread_compression_breakout_L180_F3_M2500_S12p0_I0p25_D0p25,spread_compression_breakout,40,0,0,0
synthetic,P432_synthetic_spread_compression_breakout_L180_F3_M2500_S12p0_I0p25_D0p4,spread_compression_breakout,40,0,0,0
synthetic,P432_synthetic_spread_compression_breakout_L180_F3_M2500_S12p0_I0p4_D0p1,spread_compression_breakout,40,0,0,0
synthetic,P432_synthetic_spread_compression_breakout_L180_F3_M2500_S12p0_I0p4_D0p25,spread_compression_breakout,40,0,0,0
synthetic,P432_synthetic_spread_compression_breakout_L180_F3_M2500_S12p0_I0p4_D0p4,spread_compression_breakout,40,0,0,0
synthetic,P432_synthetic_spread_compression_breakout_L180_F3_M2500_S12p0_I0p55_D0p1,spread_compression_breakout,40,0,0,0
synthetic,P432_synthetic_spread_compression_breakout_L180_F3_M2500_S12p0_I0p55_D0p25,spread_compression_breakout,40,0,0,0
synthetic,P432_synthetic_spread_compression_breakout_L180_F3_M2500_S12p0_I0p55_D0p4,spread_compression_breakout,40,0,0,0
synthetic,P432_synthetic_spread_compression_breakout_L360_F3_M2500_S4p0_I0p25_D0p1,spread_compression_breakout,40,0,0,0
synthetic,P432_synthetic_spread_compression_breakout_L360_F3_M2500_S4p0_I0p25_D0p25,spread_compression_breakout,40,0,0,0
synthetic,P432_synthetic_spread_compression_breakout_L360_F3_M2500_S4p0_I0p25_D0p4,spread_compression_breakout,40,0,0,0
synthetic,P432_synthetic_spread_compression_breakout_L360_F3_M2500_S4p0_I0p4_D0p1,spread_compression_breakout,40,0,0,0
synthetic,P432_synthetic_spread_compression_breakout_L360_F3_M2500_S4p0_I0p4_D0p25,spread_compression_breakout,40,0,0,0
synthetic,P432_synthetic_spread_compression_breakout_L360_F3_M2500_S4p0_I0p4_D0p4,spread_compression_breakout,40,0,0,0
synthetic,P432_synthetic_spread_compression_breakout_L360_F3_M2500_S4p0_I0p55_D0p1,spread_compression_breakout,40,0,0,0
synthetic,P432_synthetic_spread_compression_breakout_L360_F3_M2500_S4p0_I0p55_D0p25,spread_compression_breakout,40,0,0,0
synthetic,P432_synthetic_spread_compression_breakout_L360_F3_M2500_S4p0_I0p55_D0p4,spread_compression_breakout,40,0,0,0
synthetic,P432_synthetic_spread_compression_breakout_L360_F3_M2500_S8p0_I0p25_D0p1,spread_compression_breakout,40,0,0,0
synthetic,P432_synthetic_spread_compression_breakout_L360_F3_M2500_S8p0_I0p25_D0p25,spread_compression_breakout,40,0,0,0
synthetic,P432_synthetic_spread_compression_breakout_L360_F3_M2500_S8p0_I0p25_D0p4,spread_compression_breakout,40,0,0,0
synthetic,P432_synthetic_spread_compression_breakout_L360_F3_M2500_S8p0_I0p4_D0p1,spread_compression_breakout,40,0,0,0
synthetic,P432_synthetic_spread_compression_breakout_L360_F3_M2500_S8p0_I0p4_D0p25,spread_compression_breakout,40,0,0,0
synthetic,P432_synthetic_spread_compression_breakout_L360_F3_M2500_S8p0_I0p4_D0p4,spread_compression_breakout,40,0,0,0
synthetic,P432_synthetic_spread_compression_breakout_L360_F3_M2500_S8p0_I0p55_D0p1,spread_compression_breakout,40,0,0,0
synthetic,P432_synthetic_spread_compression_breakout_L360_F3_M2500_S8p0_I0p55_D0p25,spread_compression_breakout,40,0,0,0
synthetic,P432_synthetic_spread_compression_breakout_L360_F3_M2500_S8p0_I0p55_D0p4,spread_compression_breakout,40,0,0,0
synthetic,P432_synthetic_spread_compression_breakout_L360_F3_M2500_S12p0_I0p25_D0p1,spread_compression_breakout,40,0,0,0
synthetic,P432_synthetic_spread_compression_breakout_L360_F3_M2500_S12p0_I0p25_D0p25,spread_compression_breakout,40,0,0,0
synthetic,P432_synthetic_spread_compression_breakout_L360_F3_M2500_S12p0_I0p25_D0p4,spread_compression_breakout,40,0,0,0
synthetic,P432_synthetic_spread_compression_breakout_L360_F3_M2500_S12p0_I0p4_D0p1,spread_compression_breakout,40,0,0,0
synthetic,P432_synthetic_spread_compression_breakout_L360_F3_M2500_S12p0_I0p4_D0p25,spread_compression_breakout,40,0,0,0
synthetic,P432_synthetic_spread_compression_breakout_L360_F3_M2500_S12p0_I0p4_D0p4,spread_compression_breakout,40,0,0,0
synthetic,P432_synthetic_spread_compression_breakout_L360_F3_M2500_S12p0_I0p55_D0p1,spread_compression_breakout,40,0,0,0
synthetic,P432_synthetic_spread_compression_breakout_L360_F3_M2500_S12p0_I0p55_D0p25,spread_compression_breakout,40,0,0,0
synthetic,P432_synthetic_spread_compression_breakout_L360_F3_M2500_S12p0_I0p55_D0p4,spread_compression_breakout,40,0,0,0
synthetic,P432_synthetic_spread_expansion_fade_L60_F3_M2500_S4p0_I0p25_D0p1,spread_expansion_fade,40,0,0,0
synthetic,P432_synthetic_spread_expansion_fade_L60_F3_M2500_S4p0_I0p25_D0p25,spread_expansion_fade,40,0,0,0
synthetic,P432_synthetic_spread_expansion_fade_L60_F3_M2500_S4p0_I0p25_D0p4,spread_expansion_fade,40,0,0,0
synthetic,P432_synthetic_spread_expansion_fade_L60_F3_M2500_S4p0_I0p4_D0p1,spread_expansion_fade,40,0,0,0
synthetic,P432_synthetic_spread_expansion_fade_L60_F3_M2500_S4p0_I0p4_D0p25,spread_expansion_fade,40,0,0,0
synthetic,P432_synthetic_spread_expansion_fade_L60_F3_M2500_S4p0_I0p4_D0p4,spread_expansion_fade,40,0,0,0
synthetic,P432_synthetic_spread_expansion_fade_L60_F3_M2500_S4p0_I0p55_D0p1,spread_expansion_fade,40,0,0,0
synthetic,P432_synthetic_spread_expansion_fade_L60_F3_M2500_S4p0_I0p55_D0p25,spread_expansion_fade,40,0,0,0
synthetic,P432_synthetic_spread_expansion_fade_L60_F3_M2500_S4p0_I0p55_D0p4,spread_expansion_fade,40,0,0,0
synthetic,P432_synthetic_spread_expansion_fade_L60_F3_M2500_S8p0_I0p25_D0p1,spread_expansion_fade,40,0,0,0
synthetic,P432_synthetic_spread_expansion_fade_L60_F3_M2500_S8p0_I0p25_D0p25,spread_expansion_fade,40,0,0,0
synthetic,P432_synthetic_spread_expansion_fade_L60_F3_M2500_S8p0_I0p25_D0p4,spread_expansion_fade,40,0,0,0
synthetic,P432_synthetic_spread_expansion_fade_L60_F3_M2500_S8p0_I0p4_D0p1,spread_expansion_fade,40,0,0,0
synthetic,P432_synthetic_spread_expansion_fade_L60_F3_M2500_S8p0_I0p4_D0p25,spread_expansion_fade,40,0,0,0
synthetic,P432_synthetic_spread_expansion_fade_L60_F3_M2500_S8p0_I0p4_D0p4,spread_expansion_fade,40,0,0,0
synthetic,P432_synthetic_spread_expansion_fade_L60_F3_M2500_S8p0_I0p55_D0p1,spread_expansion_fade,40,0,0,0
synthetic,P432_synthetic_spread_expansion_fade_L60_F3_M2500_S8p0_I0p55_D0p25,spread_expansion_fade,40,0,0,0
synthetic,P432_synthetic_spread_expansion_fade_L60_F3_M2500_S8p0_I0p55_D0p4,spread_expansion_fade,40,0,0,0
synthetic,P432_synthetic_spread_expansion_fade_L60_F3_M2500_S12p0_I0p25_D0p1,spread_expansion_fade,40,0,0,0
synthetic,P432_synthetic_spread_expansion_fade_L60_F3_M2500_S12p0_I0p25_D0p25,spread_expansion_fade,40,0,0,0
synthetic,P432_synthetic_spread_expansion_fade_L60_F3_M2500_S12p0_I0p25_D0p4,spread_expansion_fade,40,0,0,0
synthetic,P432_synthetic_spread_expansion_fade_L60_F3_M2500_S12p0_I0p4_D0p1,spread_expansion_fade,40,0,0,0
synthetic,P432_synthetic_spread_expansion_fade_L60_F3_M2500_S12p0_I0p4_D0p25,spread_expansion_fade,40,0,0,0
synthetic,P432_synthetic_spread_expansion_fade_L60_F3_M2500_S12p0_I0p4_D0p4,spread_expansion_fade,40,0,0,0
synthetic,P432_synthetic_spread_expansion_fade_L60_F3_M2500_S12p0_I0p55_D0p1,spread_expansion_fade,40,0,0,0
synthetic,P432_synthetic_spread_expansion_fade_L60_F3_M2500_S12p0_I0p55_D0p25,spread_expansion_fade,40,0,0,0
synthetic,P432_synthetic_spread_expansion_fade_L60_F3_M2500_S12p0_I0p55_D0p4,spread_expansion_fade,40,0,0,0
synthetic,P432_synthetic_spread_expansion_fade_L180_F3_M2500_S4p0_I0p25_D0p1,spread_expansion_fade,40,0,0,0
synthetic,P432_synthetic_spread_expansion_fade_L180_F3_M2500_S4p0_I0p25_D0p25,spread_expansion_fade,40,0,0,0
synthetic,P432_synthetic_spread_expansion_fade_L180_F3_M2500_S4p0_I0p25_D0p4,spread_expansion_fade,40,0,0,0
synthetic,P432_synthetic_spread_expansion_fade_L180_F3_M2500_S4p0_I0p4_D0p1,spread_expansion_fade,40,0,0,0
synthetic,P432_synthetic_spread_expansion_fade_L180_F3_M2500_S4p0_I0p4_D0p25,spread_expansion_fade,40,0,0,0
synthetic,P432_synthetic_spread_expansion_fade_L180_F3_M2500_S4p0_I0p4_D0p4,spread_expansion_fade,40,0,0,0
synthetic,P432_synthetic_spread_expansion_fade_L180_F3_M2500_S4p0_I0p55_D0p1,spread_expansion_fade,40,0,0,0
synthetic,P432_synthetic_spread_expansion_fade_L180_F3_M2500_S4p0_I0p55_D0p25,spread_expansion_fade,40,0,0,0
synthetic,P432_synthetic_spread_expansion_fade_L180_F3_M2500_S4p0_I0p55_D0p4,spread_expansion_fade,40,0,0,0
synthetic,P432_synthetic_spread_expansion_fade_L180_F3_M2500_S8p0_I0p25_D0p1,spread_expansion_fade,40,0,0,0
synthetic,P432_synthetic_spread_expansion_fade_L180_F3_M2500_S8p0_I0p25_D0p25,spread_expansion_fade,40,0,0,0
synthetic,P432_synthetic_spread_expansion_fade_L180_F3_M2500_S8p0_I0p25_D0p4,spread_expansion_fade,40,0,0,0
synthetic,P432_synthetic_spread_expansion_fade_L180_F3_M2500_S8p0_I0p4_D0p1,spread_expansion_fade,40,0,0,0
synthetic,P432_synthetic_spread_expansion_fade_L180_F3_M2500_S8p0_I0p4_D0p25,spread_expansion_fade,40,0,0,0
synthetic,P432_synthetic_spread_expansion_fade_L180_F3_M2500_S8p0_I0p4_D0p4,spread_expansion_fade,40,0,0,0
synthetic,P432_synthetic_spread_expansion_fade_L180_F3_M2500_S8p0_I0p55_D0p1,spread_expansion_fade,40,0,0,0
synthetic,P432_synthetic_spread_expansion_fade_L180_F3_M2500_S8p0_I0p55_D0p25,spread_expansion_fade,40,0,0,0
synthetic,P432_synthetic_spread_expansion_fade_L180_F3_M2500_S8p0_I0p55_D0p4,spread_expansion_fade,40,0,0,0
synthetic,P432_synthetic_spread_expansion_fade_L180_F3_M2500_S12p0_I0p25_D0p1,spread_expansion_fade,40,0,0,0
synthetic,P432_synthetic_spread_expansion_fade_L180_F3_M2500_S12p0_I0p25_D0p25,spread_expansion_fade,40,0,0,0
synthetic,P432_synthetic_spread_expansion_fade_L180_F3_M2500_S12p0_I0p25_D0p4,spread_expansion_fade,40,0,0,0
synthetic,P432_synthetic_spread_expansion_fade_L180_F3_M2500_S12p0_I0p4_D0p1,spread_expansion_fade,40,0,0,0
synthetic,P432_synthetic_spread_expansion_fade_L180_F3_M2500_S12p0_I0p4_D0p25,spread_expansion_fade,40,0,0,0
synthetic,P432_synthetic_spread_expansion_fade_L180_F3_M2500_S12p0_I0p4_D0p4,spread_expansion_fade,40,0,0,0
synthetic,P432_synthetic_spread_expansion_fade_L180_F3_M2500_S12p0_I0p55_D0p1,spread_expansion_fade,40,0,0,0
synthetic,P432_synthetic_spread_expansion_fade_L180_F3_M2500_S12p0_I0p55_D0p25,spread_expansion_fade,40,0,0,0
synthetic,P432_synthetic_spread_expansion_fade_L180_F3_M2500_S12p0_I0p55_D0p4,spread_expansion_fade,40,0,0,0
synthetic,P432_synthetic_spread_expansion_fade_L360_F3_M2500_S4p0_I0p25_D0p1,spread_expansion_fade,40,0,0,0
synthetic,P432_synthetic_spread_expansion_fade_L360_F3_M2500_S4p0_I0p25_D0p25,spread_expansion_fade,40,0,0,0
synthetic,P432_synthetic_spread_expansion_fade_L360_F3_M2500_S4p0_I0p25_D0p4,spread_expansion_fade,40,0,0,0
synthetic,P432_synthetic_spread_expansion_fade_L360_F3_M2500_S4p0_I0p4_D0p1,spread_expansion_fade,40,0,0,0
synthetic,P432_synthetic_spread_expansion_fade_L360_F3_M2500_S4p0_I0p4_D0p25,spread_expansion_fade,40,0,0,0
synthetic,P432_synthetic_spread_expansion_fade_L360_F3_M2500_S4p0_I0p4_D0p4,spread_expansion_fade,40,0,0,0
synthetic,P432_synthetic_spread_expansion_fade_L360_F3_M2500_S4p0_I0p55_D0p1,spread_expansion_fade,40,0,0,0
synthetic,P432_synthetic_spread_expansion_fade_L360_F3_M2500_S4p0_I0p55_D0p25,spread_expansion_fade,40,0,0,0
synthetic,P432_synthetic_spread_expansion_fade_L360_F3_M2500_S4p0_I0p55_D0p4,spread_expansion_fade,40,0,0,0
synthetic,P432_synthetic_spread_expansion_fade_L360_F3_M2500_S8p0_I0p25_D0p1,spread_expansion_fade,40,0,0,0
synthetic,P432_synthetic_spread_expansion_fade_L360_F3_M2500_S8p0_I0p25_D0p25,spread_expansion_fade,40,0,0,0
synthetic,P432_synthetic_spread_expansion_fade_L360_F3_M2500_S8p0_I0p25_D0p4,spread_expansion_fade,40,0,0,0
synthetic,P432_synthetic_spread_expansion_fade_L360_F3_M2500_S8p0_I0p4_D0p1,spread_expansion_fade,40,0,0,0
synthetic,P432_synthetic_spread_expansion_fade_L360_F3_M2500_S8p0_I0p4_D0p25,spread_expansion_fade,40,0,0,0
synthetic,P432_synthetic_spread_expansion_fade_L360_F3_M2500_S8p0_I0p4_D0p4,spread_expansion_fade,40,0,0,0
synthetic,P432_synthetic_spread_expansion_fade_L360_F3_M2500_S8p0_I0p55_D0p1,spread_expansion_fade,40,0,0,0
synthetic,P432_synthetic_spread_expansion_fade_L360_F3_M2500_S8p0_I0p55_D0p25,spread_expansion_fade,40,0,0,0
synthetic,P432_synthetic_spread_expansion_fade_L360_F3_M2500_S8p0_I0p55_D0p4,spread_expansion_fade,40,0,0,0
synthetic,P432_synthetic_spread_expansion_fade_L360_F3_M2500_S12p0_I0p25_D0p1,spread_expansion_fade,40,0,0,0
synthetic,P432_synthetic_spread_expansion_fade_L360_F3_M2500_S12p0_I0p25_D0p25,spread_expansion_fade,40,0,0,0
synthetic,P432_synthetic_spread_expansion_fade_L360_F3_M2500_S12p0_I0p25_D0p4,spread_expansion_fade,40,0,0,0
synthetic,P432_synthetic_spread_expansion_fade_L360_F3_M2500_S12p0_I0p4_D0p1,spread_expansion_fade,40,0,0,0
synthetic,P432_synthetic_spread_expansion_fade_L360_F3_M2500_S12p0_I0p4_D0p25,spread_expansion_fade,40,0,0,0
synthetic,P432_synthetic_spread_expansion_fade_L360_F3_M2500_S12p0_I0p4_D0p4,spread_expansion_fade,40,0,0,0
synthetic,P432_synthetic_spread_expansion_fade_L360_F3_M2500_S12p0_I0p55_D0p1,spread_expansion_fade,40,0,0,0
synthetic,P432_synthetic_spread_expansion_fade_L360_F3_M2500_S12p0_I0p55_D0p25,spread_expansion_fade,40,0,0,0
synthetic,P432_synthetic_spread_expansion_fade_L360_F3_M2500_S12p0_I0p55_D0p4,spread_expansion_fade,40,0,0,0
synthetic,P432_synthetic_queue_churn_followthrough_L60_F3_M2500_S4p0_I0p25_D0p1,queue_churn_followthrough,40,0,0,0
synthetic,P432_synthetic_queue_churn_followthrough_L60_F3_M2500_S4p0_I0p25_D0p25,queue_churn_followthrough,40,0,0,0
synthetic,P432_synthetic_queue_churn_followthrough_L60_F3_M2500_S4p0_I0p25_D0p4,queue_churn_followthrough,40,0,0,0
synthetic,P432_synthetic_queue_churn_followthrough_L60_F3_M2500_S4p0_I0p4_D0p1,queue_churn_followthrough,40,0,0,0
synthetic,P432_synthetic_queue_churn_followthrough_L60_F3_M2500_S4p0_I0p4_D0p25,queue_churn_followthrough,40,0,0,0
synthetic,P432_synthetic_queue_churn_followthrough_L60_F3_M2500_S4p0_I0p4_D0p4,queue_churn_followthrough,40,0,0,0
synthetic,P432_synthetic_queue_churn_followthrough_L60_F3_M2500_S4p0_I0p55_D0p1,queue_churn_followthrough,40,0,0,0
synthetic,P432_synthetic_queue_churn_followthrough_L60_F3_M2500_S4p0_I0p55_D0p25,queue_churn_followthrough,40,0,0,0
synthetic,P432_synthetic_queue_churn_followthrough_L60_F3_M2500_S4p0_I0p55_D0p4,queue_churn_followthrough,40,0,0,0
synthetic,P432_synthetic_queue_churn_followthrough_L60_F3_M2500_S8p0_I0p25_D0p1,queue_churn_followthrough,40,0,0,0
synthetic,P432_synthetic_queue_churn_followthrough_L60_F3_M2500_S8p0_I0p25_D0p25,queue_churn_followthrough,40,0,0,0
synthetic,P432_synthetic_queue_churn_followthrough_L60_F3_M2500_S8p0_I0p25_D0p4,queue_churn_followthrough,40,0,0,0
synthetic,P432_synthetic_queue_churn_followthrough_L60_F3_M2500_S8p0_I0p4_D0p1,queue_churn_followthrough,40,0,0,0
synthetic,P432_synthetic_queue_churn_followthrough_L60_F3_M2500_S8p0_I0p4_D0p25,queue_churn_followthrough,40,0,0,0
synthetic,P432_synthetic_queue_churn_followthrough_L60_F3_M2500_S8p0_I0p4_D0p4,queue_churn_followthrough,40,0,0,0
synthetic,P432_synthetic_queue_churn_followthrough_L60_F3_M2500_S8p0_I0p55_D0p1,queue_churn_followthrough,40,0,0,0
synthetic,P432_synthetic_queue_churn_followthrough_L60_F3_M2500_S8p0_I0p55_D0p25,queue_churn_followthrough,40,0,0,0
synthetic,P432_synthetic_queue_churn_followthrough_L60_F3_M2500_S8p0_I0p55_D0p4,queue_churn_followthrough,40,0,0,0
synthetic,P432_synthetic_queue_churn_followthrough_L60_F3_M2500_S12p0_I0p25_D0p1,queue_churn_followthrough,40,0,0,0
synthetic,P432_synthetic_queue_churn_followthrough_L60_F3_M2500_S12p0_I0p25_D0p25,queue_churn_followthrough,40,0,0,0
synthetic,P432_synthetic_queue_churn_followthrough_L60_F3_M2500_S12p0_I0p25_D0p4,queue_churn_followthrough,40,0,0,0
synthetic,P432_synthetic_queue_churn_followthrough_L60_F3_M2500_S12p0_I0p4_D0p1,queue_churn_followthrough,40,0,0,0
synthetic,P432_synthetic_queue_churn_followthrough_L60_F3_M2500_S12p0_I0p4_D0p25,queue_churn_followthrough,40,0,0,0
synthetic,P432_synthetic_queue_churn_followthrough_L60_F3_M2500_S12p0_I0p4_D0p4,queue_churn_followthrough,40,0,0,0
synthetic,P432_synthetic_queue_churn_followthrough_L60_F3_M2500_S12p0_I0p55_D0p1,queue_churn_followthrough,40,0,0,0
synthetic,P432_synthetic_queue_churn_followthrough_L60_F3_M2500_S12p0_I0p55_D0p25,queue_churn_followthrough,40,0,0,0
synthetic,P432_synthetic_queue_churn_followthrough_L60_F3_M2500_S12p0_I0p55_D0p4,queue_churn_followthrough,40,0,0,0
synthetic,P432_synthetic_queue_churn_followthrough_L180_F3_M2500_S4p0_I0p25_D0p1,queue_churn_followthrough,40,0,0,0
synthetic,P432_synthetic_queue_churn_followthrough_L180_F3_M2500_S4p0_I0p25_D0p25,queue_churn_followthrough,40,0,0,0
synthetic,P432_synthetic_queue_churn_followthrough_L180_F3_M2500_S4p0_I0p25_D0p4,queue_churn_followthrough,40,0,0,0
synthetic,P432_synthetic_queue_churn_followthrough_L180_F3_M2500_S4p0_I0p4_D0p1,queue_churn_followthrough,40,0,0,0
synthetic,P432_synthetic_queue_churn_followthrough_L180_F3_M2500_S4p0_I0p4_D0p25,queue_churn_followthrough,40,0,0,0
synthetic,P432_synthetic_queue_churn_followthrough_L180_F3_M2500_S4p0_I0p4_D0p4,queue_churn_followthrough,40,0,0,0
synthetic,P432_synthetic_queue_churn_followthrough_L180_F3_M2500_S4p0_I0p55_D0p1,queue_churn_followthrough,40,0,0,0
synthetic,P432_synthetic_queue_churn_followthrough_L180_F3_M2500_S4p0_I0p55_D0p25,queue_churn_followthrough,40,0,0,0
synthetic,P432_synthetic_queue_churn_followthrough_L180_F3_M2500_S4p0_I0p55_D0p4,queue_churn_followthrough,40,0,0,0
synthetic,P432_synthetic_queue_churn_followthrough_L180_F3_M2500_S8p0_I0p25_D0p1,queue_churn_followthrough,40,0,0,0
synthetic,P432_synthetic_queue_churn_followthrough_L180_F3_M2500_S8p0_I0p25_D0p25,queue_churn_followthrough,40,0,0,0
synthetic,P432_synthetic_queue_churn_followthrough_L180_F3_M2500_S8p0_I0p25_D0p4,queue_churn_followthrough,40,0,0,0
synthetic,P432_synthetic_queue_churn_followthrough_L180_F3_M2500_S8p0_I0p4_D0p1,queue_churn_followthrough,40,0,0,0
synthetic,P432_synthetic_queue_churn_followthrough_L180_F3_M2500_S8p0_I0p4_D0p25,queue_churn_followthrough,40,0,0,0
synthetic,P432_synthetic_queue_churn_followthrough_L180_F3_M2500_S8p0_I0p4_D0p4,queue_churn_followthrough,40,0,0,0
synthetic,P432_synthetic_queue_churn_followthrough_L180_F3_M2500_S8p0_I0p55_D0p1,queue_churn_followthrough,40,0,0,0
synthetic,P432_synthetic_queue_churn_followthrough_L180_F3_M2500_S8p0_I0p55_D0p25,queue_churn_followthrough,40,0,0,0
synthetic,P432_synthetic_queue_churn_followthrough_L180_F3_M2500_S8p0_I0p55_D0p4,queue_churn_followthrough,40,0,0,0
synthetic,P432_synthetic_queue_churn_followthrough_L180_F3_M2500_S12p0_I0p25_D0p1,queue_churn_followthrough,40,0,0,0
synthetic,P432_synthetic_queue_churn_followthrough_L180_F3_M2500_S12p0_I0p25_D0p25,queue_churn_followthrough,40,0,0,0
synthetic,P432_synthetic_queue_churn_followthrough_L180_F3_M2500_S12p0_I0p25_D0p4,queue_churn_followthrough,40,0,0,0
synthetic,P432_synthetic_queue_churn_followthrough_L180_F3_M2500_S12p0_I0p4_D0p1,queue_churn_followthrough,40,0,0,0
synthetic,P432_synthetic_queue_churn_followthrough_L180_F3_M2500_S12p0_I0p4_D0p25,queue_churn_followthrough,40,0,0,0
synthetic,P432_synthetic_queue_churn_followthrough_L180_F3_M2500_S12p0_I0p4_D0p4,queue_churn_followthrough,40,0,0,0
synthetic,P432_synthetic_queue_churn_followthrough_L180_F3_M2500_S12p0_I0p55_D0p1,queue_churn_followthrough,40,0,0,0
synthetic,P432_synthetic_queue_churn_followthrough_L180_F3_M2500_S12p0_I0p55_D0p25,queue_churn_followthrough,40,0,0,0
synthetic,P432_synthetic_queue_churn_followthrough_L180_F3_M2500_S12p0_I0p55_D0p4,queue_churn_followthrough,40,0,0,0
synthetic,P432_synthetic_queue_churn_followthrough_L360_F3_M2500_S4p0_I0p25_D0p1,queue_churn_followthrough,40,0,0,0
synthetic,P432_synthetic_queue_churn_followthrough_L360_F3_M2500_S4p0_I0p25_D0p25,queue_churn_followthrough,40,0,0,0
synthetic,P432_synthetic_queue_churn_followthrough_L360_F3_M2500_S4p0_I0p25_D0p4,queue_churn_followthrough,40,0,0,0
synthetic,P432_synthetic_queue_churn_followthrough_L360_F3_M2500_S4p0_I0p4_D0p1,queue_churn_followthrough,40,0,0,0
synthetic,P432_synthetic_queue_churn_followthrough_L360_F3_M2500_S4p0_I0p4_D0p25,queue_churn_followthrough,40,0,0,0
synthetic,P432_synthetic_queue_churn_followthrough_L360_F3_M2500_S4p0_I0p4_D0p4,queue_churn_followthrough,40,0,0,0
synthetic,P432_synthetic_queue_churn_followthrough_L360_F3_M2500_S4p0_I0p55_D0p1,queue_churn_followthrough,40,0,0,0
synthetic,P432_synthetic_queue_churn_followthrough_L360_F3_M2500_S4p0_I0p55_D0p25,queue_churn_followthrough,40,0,0,0
synthetic,P432_synthetic_queue_churn_followthrough_L360_F3_M2500_S4p0_I0p55_D0p4,queue_churn_followthrough,40,0,0,0
synthetic,P432_synthetic_queue_churn_followthrough_L360_F3_M2500_S8p0_I0p25_D0p1,queue_churn_followthrough,40,0,0,0
synthetic,P432_synthetic_queue_churn_followthrough_L360_F3_M2500_S8p0_I0p25_D0p25,queue_churn_followthrough,40,0,0,0
synthetic,P432_synthetic_queue_churn_followthrough_L360_F3_M2500_S8p0_I0p25_D0p4,queue_churn_followthrough,40,0,0,0
synthetic,P432_synthetic_queue_churn_followthrough_L360_F3_M2500_S8p0_I0p4_D0p1,queue_churn_followthrough,40,0,0,0
synthetic,P432_synthetic_queue_churn_followthrough_L360_F3_M2500_S8p0_I0p4_D0p25,queue_churn_followthrough,40,0,0,0
synthetic,P432_synthetic_queue_churn_followthrough_L360_F3_M2500_S8p0_I0p4_D0p4,queue_churn_followthrough,40,0,0,0
synthetic,P432_synthetic_queue_churn_followthrough_L360_F3_M2500_S8p0_I0p55_D0p1,queue_churn_followthrough,40,0,0,0
synthetic,P432_synthetic_queue_churn_followthrough_L360_F3_M2500_S8p0_I0p55_D0p25,queue_churn_followthrough,40,0,0,0
synthetic,P432_synthetic_queue_churn_followthrough_L360_F3_M2500_S8p0_I0p55_D0p4,queue_churn_followthrough,40,0,0,0
synthetic,P432_synthetic_queue_churn_followthrough_L360_F3_M2500_S12p0_I0p25_D0p1,queue_churn_followthrough,40,0,0,0
synthetic,P432_synthetic_queue_churn_followthrough_L360_F3_M2500_S12p0_I0p25_D0p25,queue_churn_followthrough,40,0,0,0
synthetic,P432_synthetic_queue_churn_followthrough_L360_F3_M2500_S12p0_I0p25_D0p4,queue_churn_followthrough,40,0,0,0
synthetic,P432_synthetic_queue_churn_followthrough_L360_F3_M2500_S12p0_I0p4_D0p1,queue_churn_followthrough,40,0,0,0
synthetic,P432_synthetic_queue_churn_followthrough_L360_F3_M2500_S12p0_I0p4_D0p25,queue_churn_followthrough,40,0,0,0
synthetic,P432_synthetic_queue_churn_followthrough_L360_F3_M2500_S12p0_I0p4_D0p4,queue_churn_followthrough,40,0,0,0
synthetic,P432_synthetic_queue_churn_followthrough_L360_F3_M2500_S12p0_I0p55_D0p1,queue_churn_followthrough,40,0,0,0
synthetic,P432_synthetic_queue_churn_followthrough_L360_F3_M2500_S12p0_I0p55_D0p25,queue_churn_followthrough,40,0,0,0
synthetic,P432_synthetic_queue_churn_followthrough_L360_F3_M2500_S12p0_I0p55_D0p4,queue_churn_followthrough,40,0,0,0
synthetic,P432_synthetic_book_slope_migration_L60_F3_M2500_S4p0_I0p25_D0p1,book_slope_migration,40,0,0,0
synthetic,P432_synthetic_book_slope_migration_L60_F3_M2500_S4p0_I0p25_D0p25,book_slope_migration,40,0,0,0
synthetic,P432_synthetic_book_slope_migration_L60_F3_M2500_S4p0_I0p25_D0p4,book_slope_migration,40,0,0,0
synthetic,P432_synthetic_book_slope_migration_L60_F3_M2500_S4p0_I0p4_D0p1,book_slope_migration,40,0,0,0
synthetic,P432_synthetic_book_slope_migration_L60_F3_M2500_S4p0_I0p4_D0p25,book_slope_migration,40,0,0,0
synthetic,P432_synthetic_book_slope_migration_L60_F3_M2500_S4p0_I0p4_D0p4,book_slope_migration,40,0,0,0
synthetic,P432_synthetic_book_slope_migration_L60_F3_M2500_S4p0_I0p55_D0p1,book_slope_migration,40,0,0,0
synthetic,P432_synthetic_book_slope_migration_L60_F3_M2500_S4p0_I0p55_D0p25,book_slope_migration,40,0,0,0
synthetic,P432_synthetic_book_slope_migration_L60_F3_M2500_S4p0_I0p55_D0p4,book_slope_migration,40,0,0,0
synthetic,P432_synthetic_book_slope_migration_L60_F3_M2500_S8p0_I0p25_D0p1,book_slope_migration,40,0,0,0
synthetic,P432_synthetic_book_slope_migration_L60_F3_M2500_S8p0_I0p25_D0p25,book_slope_migration,40,0,0,0
synthetic,P432_synthetic_book_slope_migration_L60_F3_M2500_S8p0_I0p25_D0p4,book_slope_migration,40,0,0,0
synthetic,P432_synthetic_book_slope_migration_L60_F3_M2500_S8p0_I0p4_D0p1,book_slope_migration,40,0,0,0
synthetic,P432_synthetic_book_slope_migration_L60_F3_M2500_S8p0_I0p4_D0p25,book_slope_migration,40,0,0,0
synthetic,P432_synthetic_book_slope_migration_L60_F3_M2500_S8p0_I0p4_D0p4,book_slope_migration,40,0,0,0
synthetic,P432_synthetic_book_slope_migration_L60_F3_M2500_S8p0_I0p55_D0p1,book_slope_migration,40,0,0,0
synthetic,P432_synthetic_book_slope_migration_L60_F3_M2500_S8p0_I0p55_D0p25,book_slope_migration,40,0,0,0
synthetic,P432_synthetic_book_slope_migration_L60_F3_M2500_S8p0_I0p55_D0p4,book_slope_migration,40,0,0,0
synthetic,P432_synthetic_book_slope_migration_L60_F3_M2500_S12p0_I0p25_D0p1,book_slope_migration,40,0,0,0
synthetic,P432_synthetic_book_slope_migration_L60_F3_M2500_S12p0_I0p25_D0p25,book_slope_migration,40,0,0,0
synthetic,P432_synthetic_book_slope_migration_L60_F3_M2500_S12p0_I0p25_D0p4,book_slope_migration,40,0,0,0
synthetic,P432_synthetic_book_slope_migration_L60_F3_M2500_S12p0_I0p4_D0p1,book_slope_migration,40,0,0,0
synthetic,P432_synthetic_book_slope_migration_L60_F3_M2500_S12p0_I0p4_D0p25,book_slope_migration,40,0,0,0
synthetic,P432_synthetic_book_slope_migration_L60_F3_M2500_S12p0_I0p4_D0p4,book_slope_migration,40,0,0,0
synthetic,P432_synthetic_book_slope_migration_L60_F3_M2500_S12p0_I0p55_D0p1,book_slope_migration,40,0,0,0
synthetic,P432_synthetic_book_slope_migration_L60_F3_M2500_S12p0_I0p55_D0p25,book_slope_migration,40,0,0,0
synthetic,P432_synthetic_book_slope_migration_L60_F3_M2500_S12p0_I0p55_D0p4,book_slope_migration,40,0,0,0
synthetic,P432_synthetic_book_slope_migration_L180_F3_M2500_S4p0_I0p25_D0p1,book_slope_migration,40,0,0,0
synthetic,P432_synthetic_book_slope_migration_L180_F3_M2500_S4p0_I0p25_D0p25,book_slope_migration,40,0,0,0
synthetic,P432_synthetic_book_slope_migration_L180_F3_M2500_S4p0_I0p25_D0p4,book_slope_migration,40,0,0,0
synthetic,P432_synthetic_book_slope_migration_L180_F3_M2500_S4p0_I0p4_D0p1,book_slope_migration,40,0,0,0
synthetic,P432_synthetic_book_slope_migration_L180_F3_M2500_S4p0_I0p4_D0p25,book_slope_migration,40,0,0,0
synthetic,P432_synthetic_book_slope_migration_L180_F3_M2500_S4p0_I0p4_D0p4,book_slope_migration,40,0,0,0
synthetic,P432_synthetic_book_slope_migration_L180_F3_M2500_S4p0_I0p55_D0p1,book_slope_migration,40,0,0,0
synthetic,P432_synthetic_book_slope_migration_L180_F3_M2500_S4p0_I0p55_D0p25,book_slope_migration,40,0,0,0
synthetic,P432_synthetic_book_slope_migration_L180_F3_M2500_S4p0_I0p55_D0p4,book_slope_migration,40,0,0,0
synthetic,P432_synthetic_book_slope_migration_L180_F3_M2500_S8p0_I0p25_D0p1,book_slope_migration,40,0,0,0
synthetic,P432_synthetic_book_slope_migration_L180_F3_M2500_S8p0_I0p25_D0p25,book_slope_migration,40,0,0,0
synthetic,P432_synthetic_book_slope_migration_L180_F3_M2500_S8p0_I0p25_D0p4,book_slope_migration,40,0,0,0
synthetic,P432_synthetic_book_slope_migration_L180_F3_M2500_S8p0_I0p4_D0p1,book_slope_migration,40,0,0,0
synthetic,P432_synthetic_book_slope_migration_L180_F3_M2500_S8p0_I0p4_D0p25,book_slope_migration,40,0,0,0
synthetic,P432_synthetic_book_slope_migration_L180_F3_M2500_S8p0_I0p4_D0p4,book_slope_migration,40,0,0,0
synthetic,P432_synthetic_book_slope_migration_L180_F3_M2500_S8p0_I0p55_D0p1,book_slope_migration,40,0,0,0
synthetic,P432_synthetic_book_slope_migration_L180_F3_M2500_S8p0_I0p55_D0p25,book_slope_migration,40,0,0,0
synthetic,P432_synthetic_book_slope_migration_L180_F3_M2500_S8p0_I0p55_D0p4,book_slope_migration,40,0,0,0
synthetic,P432_synthetic_book_slope_migration_L180_F3_M2500_S12p0_I0p25_D0p1,book_slope_migration,40,0,0,0
synthetic,P432_synthetic_book_slope_migration_L180_F3_M2500_S12p0_I0p25_D0p25,book_slope_migration,40,0,0,0
synthetic,P432_synthetic_book_slope_migration_L180_F3_M2500_S12p0_I0p25_D0p4,book_slope_migration,40,0,0,0
synthetic,P432_synthetic_book_slope_migration_L180_F3_M2500_S12p0_I0p4_D0p1,book_slope_migration,40,0,0,0
synthetic,P432_synthetic_book_slope_migration_L180_F3_M2500_S12p0_I0p4_D0p25,book_slope_migration,40,0,0,0
synthetic,P432_synthetic_book_slope_migration_L180_F3_M2500_S12p0_I0p4_D0p4,book_slope_migration,40,0,0,0
synthetic,P432_synthetic_book_slope_migration_L180_F3_M2500_S12p0_I0p55_D0p1,book_slope_migration,40,0,0,0
synthetic,P432_synthetic_book_slope_migration_L180_F3_M2500_S12p0_I0p55_D0p25,book_slope_migration,40,0,0,0
synthetic,P432_synthetic_book_slope_migration_L180_F3_M2500_S12p0_I0p55_D0p4,book_slope_migration,40,0,0,0
synthetic,P432_synthetic_book_slope_migration_L360_F3_M2500_S4p0_I0p25_D0p1,book_slope_migration,40,0,0,0
synthetic,P432_synthetic_book_slope_migration_L360_F3_M2500_S4p0_I0p25_D0p25,book_slope_migration,40,0,0,0
synthetic,P432_synthetic_book_slope_migration_L360_F3_M2500_S4p0_I0p25_D0p4,book_slope_migration,40,0,0,0
synthetic,P432_synthetic_book_slope_migration_L360_F3_M2500_S4p0_I0p4_D0p1,book_slope_migration,40,0,0,0
synthetic,P432_synthetic_book_slope_migration_L360_F3_M2500_S4p0_I0p4_D0p25,book_slope_migration,40,0,0,0
synthetic,P432_synthetic_book_slope_migration_L360_F3_M2500_S4p0_I0p4_D0p4,book_slope_migration,40,0,0,0
synthetic,P432_synthetic_book_slope_migration_L360_F3_M2500_S4p0_I0p55_D0p1,book_slope_migration,40,0,0,0
synthetic,P432_synthetic_book_slope_migration_L360_F3_M2500_S4p0_I0p55_D0p25,book_slope_migration,40,0,0,0
synthetic,P432_synthetic_book_slope_migration_L360_F3_M2500_S4p0_I0p55_D0p4,book_slope_migration,40,0,0,0
synthetic,P432_synthetic_book_slope_migration_L360_F3_M2500_S8p0_I0p25_D0p1,book_slope_migration,40,0,0,0
synthetic,P432_synthetic_book_slope_migration_L360_F3_M2500_S8p0_I0p25_D0p25,book_slope_migration,40,0,0,0
synthetic,P432_synthetic_book_slope_migration_L360_F3_M2500_S8p0_I0p25_D0p4,book_slope_migration,40,0,0,0
synthetic,P432_synthetic_book_slope_migration_L360_F3_M2500_S8p0_I0p4_D0p1,book_slope_migration,40,0,0,0
synthetic,P432_synthetic_book_slope_migration_L360_F3_M2500_S8p0_I0p4_D0p25,book_slope_migration,40,0,0,0
synthetic,P432_synthetic_book_slope_migration_L360_F3_M2500_S8p0_I0p4_D0p4,book_slope_migration,40,0,0,0
synthetic,P432_synthetic_book_slope_migration_L360_F3_M2500_S8p0_I0p55_D0p1,book_slope_migration,40,0,0,0
synthetic,P432_synthetic_book_slope_migration_L360_F3_M2500_S8p0_I0p55_D0p25,book_slope_migration,40,0,0,0
synthetic,P432_synthetic_book_slope_migration_L360_F3_M2500_S8p0_I0p55_D0p4,book_slope_migration,40,0,0,0
synthetic,P432_synthetic_book_slope_migration_L360_F3_M2500_S12p0_I0p25_D0p1,book_slope_migration,40,0,0,0
synthetic,P432_synthetic_book_slope_migration_L360_F3_M2500_S12p0_I0p25_D0p25,book_slope_migration,40,0,0,0
synthetic,P432_synthetic_book_slope_migration_L360_F3_M2500_S12p0_I0p25_D0p4,book_slope_migration,40,0,0,0
synthetic,P432_synthetic_book_slope_migration_L360_F3_M2500_S12p0_I0p4_D0p1,book_slope_migration,40,0,0,0
synthetic,P432_synthetic_book_slope_migration_L360_F3_M2500_S12p0_I0p4_D0p25,book_slope_migration,40,0,0,0
synthetic,P432_synthetic_book_slope_migration_L360_F3_M2500_S12p0_I0p4_D0p4,book_slope_migration,40,0,0,0
synthetic,P432_synthetic_book_slope_migration_L360_F3_M2500_S12p0_I0p55_D0p1,book_slope_migration,40,0,0,0
synthetic,P432_synthetic_book_slope_migration_L360_F3_M2500_S12p0_I0p55_D0p25,book_slope_migration,40,0,0,0
synthetic,P432_synthetic_book_slope_migration_L360_F3_M2500_S12p0_I0p55_D0p4,book_slope_migration,40,0,0,0
